ID_Transaccion,ID_Socio,ID_Producto,Fecha,Monto_Final,Metodo_Pago
TRX-90001,SOC-3290,PROD-502,2025-04-05,1300.0,Tarjeta de Débito
TRX-90002,SOC-2740,PROD-506,2025-07-27,550.0,Tarjeta de Débito
TRX-90003,SOC-2705,PROD-501,2025-02-25,532.9300000000001,Tarjeta de Crédito
TRX-90004,SOC-3182,PROD-510,2025-10-27,75.0,Tarjeta de Crédito
TRX-90005,SOC-3599,PROD-505,2024-12-29,480.0,Transferencia SPEI
TRX-90006,SOC-3587,PROD-512,2025-04-02,35.0,Transferencia SPEI
TRX-90007,SOC-3257,PROD-505,2025-04-19,480.0,Tarjeta de Crédito
TRX-90008,SOC-3779,PROD-503,2025-10-17,6999.0,Tarjeta de Débito
TRX-90009,SOC-2864,PROD-511,2025-09-19,50.0,Efectivo
TRX-90010,SOC-2163,PROD-503,2024-12-17,6999.0,Tarjeta de Débito
TRX-90011,SOC-3338,PROD-505,2025-12-28,480.0,Transferencia SPEI
TRX-90012,SOC-2556,PROD-508,2026-03-10,250.0,Tarjeta de Débito
TRX-90013,SOC-3532,PROD-510,2025-06-17,75.0,Transferencia SPEI
TRX-90014,SOC-2343,PROD-503,2024-01-24,6402.73,Tarjeta de Débito
TRX-90015,SOC-3524,PROD-512,2026-02-06,32.37,Efectivo
TRX-90016,SOC-2196,PROD-502,2025-04-29,1300.0,Efectivo
TRX-90017,SOC-3579,PROD-507,2025-06-20,750.0,Efectivo
TRX-90018,SOC-2213,PROD-505,2025-09-24,480.0,Transferencia SPEI
TRX-90019,SOC-2634,PROD-504,2024-09-10,950.0,Transferencia SPEI
TRX-90020,SOC-3284,PROD-503,2024-05-14,6999.0,Tarjeta de Crédito
TRX-90021,SOC-2059,PROD-501,2025-11-10,650.0,Tarjeta de Débito
TRX-90022,SOC-3770,PROD-508,2025-04-23,250.0,Tarjeta de Débito
TRX-90023,SOC-3124,PROD-508,2024-05-18,250.0,Tarjeta de Crédito
TRX-90024,SOC-3211,PROD-510,2025-04-12,75.0,Transferencia SPEI
TRX-90025,SOC-3073,PROD-511,2025-10-16,50.0,Tarjeta de Débito
TRX-90026,SOC-2987,PROD-509,2024-08-20,400.0,Transferencia SPEI
TRX-90027,SOC-2631,PROD-506,2025-02-26,550.0,Tarjeta de Débito
TRX-90028,SOC-2022,PROD-501,2025-06-19,650.0,Tarjeta de Crédito
TRX-90029,SOC-2705,PROD-505,2025-04-25,480.0,Transferencia SPEI
TRX-90030,SOC-3548,PROD-508,2024-11-02,221.36,Tarjeta de Débito
TRX-90031,SOC-3223,PROD-504,2026-03-26,849.26,Transferencia SPEI
TRX-90032,SOC-3149,PROD-507,2025-02-08,750.0,Transferencia SPEI
TRX-90033,SOC-3697,PROD-507,2024-08-13,750.0,Transferencia SPEI
TRX-90034,SOC-3281,PROD-504,2025-06-13,950.0,Tarjeta de Débito
TRX-90035,SOC-2584,PROD-511,2026-01-30,50.0,Tarjeta de Débito
TRX-90036,SOC-2846,PROD-504,2024-03-11,950.0,Tarjeta de Débito
TRX-90037,SOC-2227,PROD-511,2025-04-11,50.0,Tarjeta de Débito
TRX-90038,SOC-3435,PROD-510,2025-05-18,75.0,Efectivo
TRX-90039,SOC-2312,PROD-501,2025-07-01,522.7,Tarjeta de Débito
TRX-90040,SOC-2552,PROD-503,2026-01-02,6999.0,Efectivo
TRX-90041,SOC-2477,PROD-502,2024-06-03,1192.65,Transferencia SPEI
TRX-90042,SOC-2639,PROD-508,2025-01-15,250.0,Efectivo
TRX-90043,SOC-2677,PROD-502,2026-02-07,1300.0,Efectivo
TRX-90044,SOC-2546,PROD-507,2024-03-14,750.0,Tarjeta de Crédito
TRX-90045,SOC-2394,PROD-505,2026-04-16,480.0,Efectivo
TRX-90046,SOC-2250,PROD-512,2024-09-11,35.0,Transferencia SPEI
TRX-90047,SOC-2507,PROD-512,2024-02-04,35.0,Efectivo
TRX-90048,SOC-3068,PROD-511,2024-08-01,50.0,Tarjeta de Débito
TRX-90049,SOC-2662,PROD-503,2025-10-06,6999.0,Efectivo
TRX-90050,SOC-2519,PROD-508,2025-10-15,250.0,Tarjeta de Débito
TRX-90051,SOC-2107,PROD-511,2024-08-11,50.0,Tarjeta de Crédito
TRX-90052,SOC-3297,PROD-507,2024-11-28,623.13,Efectivo
TRX-90053,SOC-2811,PROD-504,2024-01-10,950.0,Transferencia SPEI
TRX-90054,SOC-3410,PROD-510,2024-06-07,75.0,Efectivo
TRX-90055,SOC-2510,PROD-503,2025-05-26,5999.57,Efectivo
TRX-90056,SOC-2123,PROD-506,2025-10-22,550.0,Efectivo
TRX-90057,SOC-2258,PROD-508,2024-08-26,250.0,Tarjeta de Débito
TRX-90058,SOC-3650,PROD-508,2026-01-20,250.0,Transferencia SPEI
TRX-90059,SOC-2734,PROD-512,2024-05-17,35.0,Efectivo
TRX-90060,SOC-2994,PROD-512,2025-03-24,35.0,Transferencia SPEI
TRX-90061,SOC-2389,PROD-510,2024-07-10,75.0,Tarjeta de Débito
TRX-90062,SOC-3500,PROD-508,2024-10-08,250.0,Tarjeta de Crédito
TRX-90063,SOC-2142,PROD-509,2024-06-07,400.0,Tarjeta de Débito
TRX-90064,SOC-3110,PROD-506,2025-04-09,469.86,Transferencia SPEI
TRX-90065,SOC-3503,PROD-503,2024-01-20,6999.0,Tarjeta de Débito
TRX-90066,SOC-3590,PROD-510,2024-09-01,75.0,Efectivo
TRX-90067,SOC-3349,PROD-509,2026-04-18,400.0,Transferencia SPEI
TRX-90068,SOC-3569,PROD-509,2024-06-06,400.0,Tarjeta de Débito
TRX-90069,SOC-2840,PROD-511,2024-11-25,43.58,Efectivo
TRX-90070,SOC-2090,PROD-503,2024-07-01,6999.0,Tarjeta de Crédito
TRX-90071,SOC-2220,PROD-508,2024-07-15,216.09,Transferencia SPEI
TRX-90072,SOC-3348,PROD-508,2025-06-22,250.0,Tarjeta de Débito
TRX-90073,SOC-2101,PROD-506,2024-08-14,550.0,Efectivo
TRX-90074,SOC-2027,PROD-504,2025-11-02,950.0,Efectivo
TRX-90075,SOC-2959,PROD-511,2024-03-03,50.0,Transferencia SPEI
TRX-90076,SOC-3684,PROD-506,2026-03-24,550.0,Tarjeta de Débito
TRX-90077,SOC-3084,PROD-501,2026-01-21,587.87,Tarjeta de Crédito
TRX-90078,SOC-3064,PROD-502,2024-04-13,1300.0,Transferencia SPEI
TRX-90079,SOC-2389,PROD-504,2025-06-22,950.0,Tarjeta de Crédito
TRX-90080,SOC-3144,PROD-512,2025-07-25,35.0,Efectivo
TRX-90081,SOC-3570,PROD-511,2025-08-13,50.0,Transferencia SPEI
TRX-90082,SOC-3439,PROD-511,2025-03-13,50.0,Tarjeta de Crédito
TRX-90083,SOC-3623,PROD-503,2025-07-17,6999.0,Tarjeta de Débito
TRX-90084,SOC-3347,PROD-503,2025-06-30,6999.0,Transferencia SPEI
TRX-90085,SOC-2722,PROD-506,2025-07-17,550.0,Tarjeta de Débito
TRX-90086,SOC-3731,PROD-506,2025-02-26,550.0,Transferencia SPEI
TRX-90087,SOC-3692,PROD-512,2024-11-27,35.0,Tarjeta de Crédito
TRX-90088,SOC-2769,PROD-509,2026-02-01,400.0,Transferencia SPEI
TRX-90089,SOC-2917,PROD-507,2024-01-01,750.0,Tarjeta de Débito
TRX-90090,SOC-3221,PROD-501,2025-06-14,530.69,Efectivo
TRX-90091,SOC-2616,PROD-504,2024-08-07,950.0,Efectivo
TRX-90092,SOC-3581,PROD-512,2026-04-22,35.0,Tarjeta de Crédito
TRX-90093,SOC-2194,PROD-501,2025-04-16,650.0,Tarjeta de Crédito
TRX-90094,SOC-2543,PROD-506,2025-08-19,550.0,Tarjeta de Débito
TRX-90095,SOC-3662,PROD-505,2024-04-04,480.0,Tarjeta de Crédito
TRX-90096,SOC-3504,PROD-502,2026-01-10,1300.0,Transferencia SPEI
TRX-90097,SOC-2355,PROD-508,2026-04-25,250.0,Efectivo
TRX-90098,SOC-3220,PROD-511,2024-11-03,41.44,Transferencia SPEI
TRX-90099,SOC-2161,PROD-501,2026-02-28,650.0,Transferencia SPEI
TRX-90100,SOC-2854,PROD-502,2026-02-27,1300.0,Efectivo
TRX-90101,SOC-3299,PROD-511,2025-01-26,43.57,Tarjeta de Débito
TRX-90102,SOC-3106,PROD-510,2024-06-02,75.0,Tarjeta de Crédito
TRX-90103,SOC-2314,PROD-501,2025-11-20,650.0,Transferencia SPEI
TRX-90104,SOC-2913,PROD-510,2025-08-12,75.0,Tarjeta de Crédito
TRX-90105,SOC-2885,PROD-505,2026-03-16,480.0,Tarjeta de Crédito
TRX-90106,SOC-2689,PROD-502,2025-05-02,1300.0,Efectivo
TRX-90107,SOC-3123,PROD-507,2024-09-25,656.04,Tarjeta de Crédito
TRX-90108,SOC-3561,PROD-503,2025-05-07,6999.0,Transferencia SPEI
TRX-90109,SOC-2810,PROD-511,2025-08-08,50.0,Tarjeta de Crédito
TRX-90110,SOC-2497,PROD-502,2024-09-29,1300.0,Tarjeta de Débito
TRX-90111,SOC-3403,PROD-510,2024-04-01,66.6,Tarjeta de Débito
TRX-90112,SOC-2714,PROD-504,2024-11-24,950.0,Efectivo
TRX-90113,SOC-3577,PROD-505,2024-06-22,480.0,Transferencia SPEI
TRX-90114,SOC-3277,PROD-503,2025-03-27,5790.09,Tarjeta de Crédito
TRX-90115,SOC-3404,PROD-506,2024-06-08,550.0,Efectivo
TRX-90116,SOC-2231,PROD-512,2024-02-25,35.0,Tarjeta de Crédito
TRX-90117,SOC-3780,PROD-505,2024-01-15,480.0,Efectivo
TRX-90118,SOC-2625,PROD-508,2025-04-27,229.66,Tarjeta de Crédito
TRX-90119,SOC-2418,PROD-509,2025-06-19,400.0,Transferencia SPEI
TRX-90120,SOC-3276,PROD-512,2024-05-24,35.0,Efectivo
TRX-90121,SOC-2772,PROD-510,2025-11-10,75.0,Tarjeta de Débito
TRX-90122,SOC-2349,PROD-501,2024-10-17,650.0,Tarjeta de Débito
TRX-90123,SOC-2109,PROD-508,2025-11-01,250.0,Efectivo
TRX-90124,SOC-2796,PROD-511,2024-10-04,50.0,Tarjeta de Débito
TRX-90125,SOC-3771,PROD-502,2024-01-20,1300.0,Transferencia SPEI
TRX-90126,SOC-2474,PROD-507,2025-06-04,750.0,Efectivo
TRX-90127,SOC-2647,PROD-508,2025-09-03,250.0,Tarjeta de Crédito
TRX-90128,SOC-2408,PROD-509,2025-04-13,400.0,Efectivo
TRX-90129,SOC-2082,PROD-504,2025-06-26,950.0,Transferencia SPEI
TRX-90130,SOC-2806,PROD-512,2024-06-09,29.66,Tarjeta de Débito
TRX-90131,SOC-3281,PROD-505,2024-08-29,480.0,Tarjeta de Débito
TRX-90132,SOC-3663,PROD-501,2025-10-02,650.0,Transferencia SPEI
TRX-90133,SOC-3669,PROD-501,2025-07-22,650.0,Tarjeta de Crédito
TRX-90134,SOC-2311,PROD-506,2025-02-06,550.0,Efectivo
TRX-90135,SOC-3495,PROD-507,2025-06-17,750.0,Tarjeta de Crédito
TRX-90136,SOC-2855,PROD-504,2025-08-09,950.0,Tarjeta de Débito
TRX-90137,SOC-3240,PROD-506,2025-04-04,550.0,Tarjeta de Crédito
TRX-90138,SOC-3337,PROD-503,2025-08-17,6999.0,Tarjeta de Crédito
TRX-90139,SOC-3767,PROD-503,2024-11-12,6999.0,Tarjeta de Crédito
TRX-90140,SOC-2881,PROD-503,2025-11-02,6999.0,Tarjeta de Crédito
TRX-90141,SOC-2651,PROD-502,2025-07-24,1300.0,Efectivo
TRX-90142,SOC-2378,PROD-506,2024-05-29,550.0,Tarjeta de Débito
TRX-90143,SOC-2848,PROD-507,2024-11-06,750.0,Tarjeta de Débito
TRX-90144,SOC-2312,PROD-504,2024-04-19,898.77,Tarjeta de Débito
TRX-90145,SOC-3241,PROD-510,2025-09-19,75.0,Tarjeta de Crédito
TRX-90146,SOC-2473,PROD-511,2024-01-27,50.0,Transferencia SPEI
TRX-90147,SOC-2275,PROD-509,2025-09-11,400.0,Tarjeta de Débito
TRX-90148,SOC-2377,PROD-507,2025-05-18,750.0,Tarjeta de Crédito
TRX-90149,SOC-2396,PROD-504,2024-02-03,950.0,Efectivo
TRX-90150,SOC-2553,PROD-507,2024-08-15,750.0,Tarjeta de Crédito
TRX-90151,SOC-3552,PROD-504,2024-03-08,950.0,Transferencia SPEI
TRX-90152,SOC-3776,PROD-510,2025-05-16,75.0,Transferencia SPEI
TRX-90153,SOC-2506,PROD-507,2025-02-18,750.0,Transferencia SPEI
TRX-90154,SOC-3475,PROD-506,2025-02-07,550.0,Efectivo
TRX-90155,SOC-3067,PROD-502,2025-04-07,1300.0,Efectivo
TRX-90156,SOC-3798,PROD-504,2025-06-15,950.0,Efectivo
TRX-90157,SOC-3143,PROD-507,2025-06-12,750.0,Efectivo
TRX-90158,SOC-2389,PROD-505,2025-03-26,480.0,Tarjeta de Débito
TRX-90159,SOC-3585,PROD-505,2025-04-17,480.0,Tarjeta de Débito
TRX-90160,SOC-3256,PROD-501,2025-12-07,650.0,Tarjeta de Crédito
TRX-90161,SOC-2950,PROD-511,2025-04-07,43.75,Tarjeta de Crédito
TRX-90162,SOC-3595,PROD-510,2025-12-13,75.0,Transferencia SPEI
TRX-90163,SOC-2847,PROD-506,2025-04-06,485.07,Tarjeta de Crédito
TRX-90164,SOC-2932,PROD-502,2024-09-13,1300.0,Tarjeta de Crédito
TRX-90165,SOC-3472,PROD-512,2024-05-06,29.54,Tarjeta de Débito
TRX-90166,SOC-2175,PROD-509,2025-12-25,400.0,Tarjeta de Crédito
TRX-90167,SOC-2776,PROD-509,2025-01-24,369.75,Tarjeta de Débito
TRX-90168,SOC-3159,PROD-511,2024-06-02,50.0,Tarjeta de Crédito
TRX-90169,SOC-2367,PROD-512,2024-02-22,35.0,Tarjeta de Débito
TRX-90170,SOC-3496,PROD-508,2024-10-22,250.0,Efectivo
TRX-90171,SOC-2270,PROD-504,2024-01-04,950.0,Tarjeta de Débito
TRX-90172,SOC-2026,PROD-508,2025-05-24,250.0,Efectivo
TRX-90173,SOC-3246,PROD-508,2024-08-31,250.0,Transferencia SPEI
TRX-90174,SOC-2930,PROD-507,2025-03-28,644.99,Tarjeta de Crédito
TRX-90175,SOC-3121,PROD-505,2025-09-26,480.0,Tarjeta de Crédito
TRX-90176,SOC-2101,PROD-503,2024-05-31,6282.63,Tarjeta de Crédito
TRX-90177,SOC-3749,PROD-501,2025-11-14,650.0,Tarjeta de Débito
TRX-90178,SOC-2679,PROD-502,2024-02-20,1041.22,Tarjeta de Crédito
TRX-90179,SOC-3377,PROD-505,2025-09-17,480.0,Tarjeta de Crédito
TRX-90180,SOC-2933,PROD-512,2025-08-15,35.0,Efectivo
TRX-90181,SOC-2191,PROD-505,2024-11-26,480.0,Transferencia SPEI
TRX-90182,SOC-3680,PROD-502,2026-02-15,1300.0,Efectivo
TRX-90183,SOC-2600,PROD-508,2024-05-17,205.27,Tarjeta de Débito
TRX-90184,SOC-3080,PROD-507,2025-06-21,750.0,Tarjeta de Crédito
TRX-90185,SOC-3254,PROD-501,2024-04-21,650.0,Efectivo
TRX-90186,SOC-2991,PROD-512,2025-12-06,35.0,Tarjeta de Débito
TRX-90187,SOC-2875,PROD-510,2024-11-20,75.0,Tarjeta de Débito
TRX-90188,SOC-2266,PROD-510,2025-07-30,75.0,Transferencia SPEI
TRX-90189,SOC-3009,PROD-503,2025-09-16,6999.0,Tarjeta de Débito
TRX-90190,SOC-2397,PROD-501,2024-05-01,556.52,Efectivo
TRX-90191,SOC-3511,PROD-504,2026-03-29,950.0,Transferencia SPEI
TRX-90192,SOC-2848,PROD-501,2024-12-07,650.0,Tarjeta de Crédito
TRX-90193,SOC-2024,PROD-511,2024-07-25,50.0,Tarjeta de Débito
TRX-90194,SOC-3619,PROD-502,2024-11-11,1300.0,Tarjeta de Débito
TRX-90195,SOC-3571,PROD-501,2024-04-26,650.0,Tarjeta de Débito
TRX-90196,SOC-2812,PROD-512,2025-08-05,35.0,Efectivo
TRX-90197,SOC-3705,PROD-503,2024-07-17,6999.0,Tarjeta de Débito
TRX-90198,SOC-3378,PROD-508,2025-04-30,250.0,Tarjeta de Crédito
TRX-90199,SOC-2987,PROD-503,2025-10-04,6999.0,Tarjeta de Débito
TRX-90200,SOC-2948,PROD-507,2026-01-30,653.88,Tarjeta de Débito
TRX-90201,SOC-3138,PROD-509,2024-01-20,400.0,Tarjeta de Débito
TRX-90202,SOC-3638,PROD-506,2024-03-08,550.0,Tarjeta de Débito
TRX-90203,SOC-3722,PROD-501,2024-12-13,650.0,Tarjeta de Crédito
TRX-90204,SOC-3170,PROD-510,2025-02-02,75.0,Efectivo
TRX-90205,SOC-3771,PROD-505,2025-12-23,480.0,Efectivo
TRX-90206,SOC-2557,PROD-507,2024-03-29,750.0,Tarjeta de Crédito
TRX-90207,SOC-2762,PROD-508,2026-04-29,250.0,Tarjeta de Crédito
TRX-90208,SOC-3076,PROD-505,2024-06-28,399.48,Tarjeta de Crédito
TRX-90209,SOC-2190,PROD-508,2025-06-02,219.4,Tarjeta de Crédito
TRX-90210,SOC-2390,PROD-506,2025-05-10,550.0,Tarjeta de Débito
TRX-90211,SOC-3589,PROD-506,2024-05-26,550.0,Efectivo
TRX-90212,SOC-3684,PROD-509,2025-11-23,400.0,Tarjeta de Crédito
TRX-90213,SOC-3484,PROD-501,2025-04-15,650.0,Efectivo
TRX-90214,SOC-2009,PROD-505,2024-02-15,480.0,Efectivo
TRX-90215,SOC-2683,PROD-508,2024-02-17,208.77,Tarjeta de Débito
TRX-90216,SOC-2047,PROD-510,2026-02-15,75.0,Tarjeta de Crédito
TRX-90217,SOC-2658,PROD-504,2024-07-16,950.0,Tarjeta de Débito
TRX-90218,SOC-3583,PROD-508,2025-11-18,231.9,Tarjeta de Débito
TRX-90219,SOC-2235,PROD-501,2025-09-29,650.0,Efectivo
TRX-90220,SOC-2424,PROD-509,2024-12-24,400.0,Tarjeta de Débito
TRX-90221,SOC-2290,PROD-512,2026-04-03,35.0,Tarjeta de Crédito
TRX-90222,SOC-2351,PROD-502,2024-11-14,1300.0,Tarjeta de Débito
TRX-90223,SOC-3108,PROD-508,2024-02-21,219.85,Efectivo
TRX-90224,SOC-2217,PROD-507,2024-02-25,668.41,Transferencia SPEI
TRX-90225,SOC-3263,PROD-506,2024-11-15,550.0,Tarjeta de Crédito
TRX-90226,SOC-3461,PROD-511,2026-04-08,50.0,Transferencia SPEI
TRX-90227,SOC-3163,PROD-503,2024-04-05,6999.0,Transferencia SPEI
TRX-90228,SOC-2200,PROD-508,2024-11-13,250.0,Transferencia SPEI
TRX-90229,SOC-2964,PROD-504,2024-08-17,774.86,Tarjeta de Débito
TRX-90230,SOC-2745,PROD-507,2024-07-06,750.0,Tarjeta de Débito
TRX-90231,SOC-3616,PROD-506,2025-04-09,550.0,Efectivo
TRX-90232,SOC-2974,PROD-502,2024-12-25,1300.0,Tarjeta de Crédito
TRX-90233,SOC-2579,PROD-506,2025-09-10,550.0,Efectivo
TRX-90234,SOC-2831,PROD-512,2026-03-26,30.33,Efectivo
TRX-90235,SOC-3623,PROD-505,2025-06-29,480.0,Transferencia SPEI
TRX-90236,SOC-2489,PROD-510,2024-09-06,75.0,Transferencia SPEI
TRX-90237,SOC-2787,PROD-502,2024-12-14,1300.0,Transferencia SPEI
TRX-90238,SOC-3607,PROD-507,2025-08-03,750.0,Tarjeta de Crédito
TRX-90239,SOC-2355,PROD-511,2025-11-16,40.519999999999996,Transferencia SPEI
TRX-90240,SOC-2235,PROD-510,2025-09-02,75.0,Efectivo
TRX-90241,SOC-3684,PROD-508,2024-06-29,250.0,Transferencia SPEI
TRX-90242,SOC-2143,PROD-510,2024-04-21,75.0,Transferencia SPEI
TRX-90243,SOC-2671,PROD-508,2025-10-22,250.0,Efectivo
TRX-90244,SOC-2446,PROD-503,2025-08-17,6999.0,Efectivo
TRX-90245,SOC-3551,PROD-503,2025-11-07,6091.3099999999995,Transferencia SPEI
TRX-90246,SOC-3261,PROD-510,2025-04-02,75.0,Tarjeta de Débito
TRX-90247,SOC-2614,PROD-510,2026-03-24,75.0,Tarjeta de Débito
TRX-90248,SOC-2891,PROD-512,2024-12-18,35.0,Efectivo
TRX-90249,SOC-3253,PROD-509,2025-02-17,400.0,Tarjeta de Débito
TRX-90250,SOC-2128,PROD-506,2025-07-16,550.0,Efectivo
TRX-90251,SOC-3441,PROD-509,2026-04-20,400.0,Efectivo
TRX-90252,SOC-3764,PROD-505,2024-02-01,480.0,Transferencia SPEI
TRX-90253,SOC-3281,PROD-506,2025-12-29,550.0,Transferencia SPEI
TRX-90254,SOC-2892,PROD-509,2024-08-04,400.0,Transferencia SPEI
TRX-90255,SOC-2285,PROD-504,2025-07-22,950.0,Tarjeta de Débito
TRX-90256,SOC-3721,PROD-507,2024-06-06,750.0,Tarjeta de Crédito
TRX-90257,SOC-2276,PROD-501,2024-03-14,650.0,Tarjeta de Crédito
TRX-90258,SOC-3478,PROD-508,2025-11-04,250.0,Tarjeta de Crédito
TRX-90259,SOC-2174,PROD-503,2025-10-19,6999.0,Transferencia SPEI
TRX-90260,SOC-3616,PROD-512,2025-09-10,35.0,Tarjeta de Crédito
TRX-90261,SOC-2931,PROD-509,2025-03-10,400.0,Transferencia SPEI
TRX-90262,SOC-2788,PROD-506,2024-08-19,550.0,Efectivo
TRX-90263,SOC-3184,PROD-508,2026-01-18,250.0,Tarjeta de Débito
TRX-90264,SOC-2842,PROD-509,2025-08-13,400.0,Efectivo
TRX-90265,SOC-3164,PROD-508,2025-12-22,250.0,Transferencia SPEI
TRX-90266,SOC-3415,PROD-502,2024-05-25,1300.0,Tarjeta de Débito
TRX-90267,SOC-2953,PROD-509,2024-03-21,400.0,Efectivo
TRX-90268,SOC-2503,PROD-508,2025-10-07,250.0,Efectivo
TRX-90269,SOC-3401,PROD-511,2025-07-06,50.0,Tarjeta de Débito
TRX-90270,SOC-3256,PROD-501,2024-12-17,650.0,Efectivo
TRX-90271,SOC-2961,PROD-508,2025-06-08,250.0,Tarjeta de Débito
TRX-90272,SOC-2863,PROD-506,2026-03-28,550.0,Tarjeta de Crédito
TRX-90273,SOC-2073,PROD-512,2025-09-03,35.0,Tarjeta de Débito
TRX-90274,SOC-2126,PROD-511,2025-04-29,50.0,Efectivo
TRX-90275,SOC-3345,PROD-505,2026-04-08,480.0,Efectivo
TRX-90276,SOC-2588,PROD-508,2024-03-25,234.62,Tarjeta de Débito
TRX-90277,SOC-2517,PROD-503,2025-09-22,6999.0,Tarjeta de Débito
TRX-90278,SOC-2030,PROD-512,2024-04-24,35.0,Tarjeta de Crédito
TRX-90279,SOC-3350,PROD-508,2025-01-13,250.0,Tarjeta de Débito
TRX-90280,SOC-3603,PROD-512,2024-08-29,35.0,Efectivo
TRX-90281,SOC-2703,PROD-502,2024-05-28,1300.0,Tarjeta de Crédito
TRX-90282,SOC-3716,PROD-508,2026-02-09,250.0,Transferencia SPEI
TRX-90283,SOC-2488,PROD-511,2025-03-26,50.0,Tarjeta de Crédito
TRX-90284,SOC-2432,PROD-510,2026-01-21,75.0,Efectivo
TRX-90285,SOC-3316,PROD-505,2026-02-12,480.0,Efectivo
TRX-90286,SOC-2344,PROD-508,2025-02-12,250.0,Transferencia SPEI
TRX-90287,SOC-3529,PROD-509,2024-08-27,400.0,Transferencia SPEI
TRX-90288,SOC-2972,PROD-505,2024-05-28,480.0,Transferencia SPEI
TRX-90289,SOC-2025,PROD-505,2026-03-27,480.0,Tarjeta de Débito
TRX-90290,SOC-3086,PROD-511,2024-02-12,43.519999999999996,Tarjeta de Débito
TRX-90291,SOC-3730,PROD-507,2025-09-17,750.0,Tarjeta de Débito
TRX-90292,SOC-2687,PROD-505,2024-09-30,480.0,Tarjeta de Débito
TRX-90293,SOC-3341,PROD-510,2025-02-04,75.0,Tarjeta de Crédito
TRX-90294,SOC-3504,PROD-511,2025-08-25,50.0,Tarjeta de Débito
TRX-90295,SOC-3388,PROD-512,2024-07-03,35.0,Efectivo
TRX-90296,SOC-3378,PROD-501,2024-03-10,607.97,Efectivo
TRX-90297,SOC-3404,PROD-508,2024-12-25,250.0,Tarjeta de Débito
TRX-90298,SOC-2516,PROD-504,2024-02-04,889.4,Tarjeta de Crédito
TRX-90299,SOC-3228,PROD-511,2024-05-04,50.0,Efectivo
TRX-90300,SOC-2177,PROD-510,2024-05-13,75.0,Tarjeta de Crédito
TRX-90301,SOC-2228,PROD-512,2024-07-07,35.0,Transferencia SPEI
TRX-90302,SOC-3353,PROD-502,2025-10-16,1300.0,Tarjeta de Débito
TRX-90303,SOC-3576,PROD-507,2025-12-09,750.0,Tarjeta de Débito
TRX-90304,SOC-2528,PROD-503,2026-03-10,5833.21,Transferencia SPEI
TRX-90305,SOC-2796,PROD-506,2024-03-02,550.0,Tarjeta de Débito
TRX-90306,SOC-2365,PROD-508,2024-03-12,250.0,Tarjeta de Crédito
TRX-90307,SOC-3250,PROD-507,2024-07-01,750.0,Efectivo
TRX-90308,SOC-2295,PROD-509,2026-02-26,400.0,Efectivo
TRX-90309,SOC-2905,PROD-512,2024-09-22,32.87,Tarjeta de Débito
TRX-90310,SOC-3592,PROD-508,2024-01-20,250.0,Tarjeta de Crédito
TRX-90311,SOC-3338,PROD-511,2024-01-01,50.0,Transferencia SPEI
TRX-90312,SOC-2546,PROD-503,2025-12-17,6999.0,Transferencia SPEI
TRX-90313,SOC-3177,PROD-501,2025-06-11,650.0,Transferencia SPEI
TRX-90314,SOC-2980,PROD-507,2025-02-17,750.0,Efectivo
TRX-90315,SOC-3107,PROD-504,2024-01-04,950.0,Transferencia SPEI
TRX-90316,SOC-2249,PROD-510,2025-07-02,75.0,Tarjeta de Débito
TRX-90317,SOC-2683,PROD-511,2024-11-06,50.0,Efectivo
TRX-90318,SOC-2749,PROD-509,2024-12-14,352.42,Tarjeta de Débito
TRX-90319,SOC-3327,PROD-504,2024-06-29,950.0,Transferencia SPEI
TRX-90320,SOC-3354,PROD-504,2024-11-02,950.0,Efectivo
TRX-90321,SOC-3292,PROD-512,2025-01-02,35.0,Transferencia SPEI
TRX-90322,SOC-3506,PROD-504,2024-05-23,898.89,Tarjeta de Crédito
TRX-90323,SOC-3002,PROD-507,2024-03-05,750.0,Tarjeta de Débito
TRX-90324,SOC-3024,PROD-509,2026-04-11,400.0,Efectivo
TRX-90325,SOC-2076,PROD-506,2024-02-27,550.0,Efectivo
TRX-90326,SOC-2831,PROD-502,2024-08-04,1300.0,Transferencia SPEI
TRX-90327,SOC-3389,PROD-509,2024-06-01,400.0,Tarjeta de Crédito
TRX-90328,SOC-2148,PROD-501,2026-01-23,553.75,Transferencia SPEI
TRX-90329,SOC-3267,PROD-501,2024-09-05,650.0,Tarjeta de Crédito
TRX-90330,SOC-2030,PROD-503,2025-10-09,6326.39,Efectivo
TRX-90331,SOC-2935,PROD-510,2024-06-23,75.0,Efectivo
TRX-90332,SOC-3675,PROD-502,2024-04-26,1300.0,Tarjeta de Crédito
TRX-90333,SOC-2130,PROD-504,2025-03-12,950.0,Transferencia SPEI
TRX-90334,SOC-2665,PROD-502,2025-12-01,1300.0,Tarjeta de Crédito
TRX-90335,SOC-2659,PROD-504,2026-02-21,877.78,Efectivo
TRX-90336,SOC-2248,PROD-505,2024-05-24,480.0,Tarjeta de Crédito
TRX-90337,SOC-3427,PROD-506,2025-07-20,550.0,Tarjeta de Crédito
TRX-90338,SOC-3192,PROD-501,2024-05-16,534.88,Transferencia SPEI
TRX-90339,SOC-3593,PROD-503,2024-01-17,6999.0,Efectivo
TRX-90340,SOC-2014,PROD-501,2024-07-02,650.0,Tarjeta de Débito
TRX-90341,SOC-2853,PROD-512,2026-04-06,35.0,Transferencia SPEI
TRX-90342,SOC-3418,PROD-503,2024-07-30,6364.59,Transferencia SPEI
TRX-90343,SOC-2844,PROD-504,2024-06-27,950.0,Efectivo
TRX-90344,SOC-3222,PROD-503,2026-01-04,6999.0,Efectivo
TRX-90345,SOC-3285,PROD-505,2024-12-22,480.0,Tarjeta de Crédito
TRX-90346,SOC-2394,PROD-502,2025-06-26,1300.0,Tarjeta de Débito
TRX-90347,SOC-3767,PROD-509,2025-06-03,400.0,Tarjeta de Crédito
TRX-90348,SOC-2567,PROD-501,2024-07-17,602.95,Transferencia SPEI
TRX-90349,SOC-3019,PROD-503,2024-06-12,6999.0,Efectivo
TRX-90350,SOC-2111,PROD-511,2025-01-07,50.0,Transferencia SPEI
TRX-90351,SOC-2515,PROD-506,2025-09-23,550.0,Transferencia SPEI
TRX-90352,SOC-2089,PROD-502,2026-01-28,1130.21,Tarjeta de Crédito
TRX-90353,SOC-3609,PROD-501,2025-05-11,650.0,Efectivo
TRX-90354,SOC-2482,PROD-512,2025-03-31,35.0,Tarjeta de Débito
TRX-90355,SOC-2859,PROD-504,2026-02-04,950.0,Tarjeta de Débito
TRX-90356,SOC-2472,PROD-502,2024-11-29,1300.0,Tarjeta de Crédito
TRX-90357,SOC-3511,PROD-507,2024-07-23,750.0,Tarjeta de Crédito
TRX-90358,SOC-2151,PROD-508,2025-08-22,250.0,Transferencia SPEI
TRX-90359,SOC-2297,PROD-504,2025-09-16,950.0,Transferencia SPEI
TRX-90360,SOC-2765,PROD-503,2025-04-13,6999.0,Tarjeta de Débito
TRX-90361,SOC-2553,PROD-504,2024-12-09,803.86,Efectivo
TRX-90362,SOC-2575,PROD-503,2024-04-23,6999.0,Transferencia SPEI
TRX-90363,SOC-2857,PROD-503,2026-02-17,6999.0,Tarjeta de Débito
TRX-90364,SOC-3237,PROD-503,2026-03-19,6999.0,Tarjeta de Crédito
TRX-90365,SOC-3184,PROD-509,2024-08-23,328.58,Transferencia SPEI
TRX-90366,SOC-3766,PROD-504,2025-08-28,950.0,Transferencia SPEI
TRX-90367,SOC-2572,PROD-501,2026-01-17,650.0,Tarjeta de Crédito
TRX-90368,SOC-2508,PROD-506,2025-03-20,550.0,Tarjeta de Crédito
TRX-90369,SOC-3175,PROD-501,2025-03-03,650.0,Efectivo
TRX-90370,SOC-2964,PROD-512,2026-02-26,35.0,Transferencia SPEI
TRX-90371,SOC-3088,PROD-507,2025-05-05,750.0,Efectivo
TRX-90372,SOC-2927,PROD-508,2024-09-03,209.26,Transferencia SPEI
TRX-90373,SOC-2447,PROD-503,2025-01-02,6999.0,Efectivo
TRX-90374,SOC-2033,PROD-508,2025-11-16,250.0,Transferencia SPEI
TRX-90375,SOC-3758,PROD-510,2026-02-04,75.0,Transferencia SPEI
TRX-90376,SOC-2950,PROD-503,2025-12-21,6999.0,Tarjeta de Débito
TRX-90377,SOC-3284,PROD-508,2025-12-21,250.0,Efectivo
TRX-90378,SOC-2789,PROD-512,2024-12-06,35.0,Tarjeta de Débito
TRX-90379,SOC-2873,PROD-505,2025-12-15,480.0,Tarjeta de Crédito
TRX-90380,SOC-3614,PROD-511,2024-03-23,50.0,Tarjeta de Débito
TRX-90381,SOC-3507,PROD-501,2025-06-11,650.0,Tarjeta de Débito
TRX-90382,SOC-2106,PROD-502,2025-01-27,1300.0,Efectivo
TRX-90383,SOC-2749,PROD-506,2024-06-28,550.0,Efectivo
TRX-90384,SOC-3149,PROD-512,2026-03-03,35.0,Tarjeta de Débito
TRX-90385,SOC-2489,PROD-509,2024-04-26,400.0,Tarjeta de Crédito
TRX-90386,SOC-3543,PROD-512,2026-02-18,35.0,Tarjeta de Débito
TRX-90387,SOC-2548,PROD-509,2025-11-27,400.0,Efectivo
TRX-90388,SOC-2130,PROD-506,2024-12-19,550.0,Efectivo
TRX-90389,SOC-2963,PROD-512,2025-06-28,35.0,Tarjeta de Débito
TRX-90390,SOC-2926,PROD-510,2025-01-11,75.0,Efectivo
TRX-90391,SOC-2386,PROD-508,2024-03-30,203.82999999999998,Tarjeta de Débito
TRX-90392,SOC-2158,PROD-502,2024-06-17,1300.0,Tarjeta de Crédito
TRX-90393,SOC-3017,PROD-503,2024-07-28,6999.0,Efectivo
TRX-90394,SOC-2601,PROD-507,2025-11-29,750.0,Tarjeta de Crédito
TRX-90395,SOC-2971,PROD-506,2025-03-06,550.0,Efectivo
TRX-90396,SOC-2598,PROD-504,2024-03-05,788.22,Tarjeta de Débito
TRX-90397,SOC-2844,PROD-510,2024-12-17,75.0,Tarjeta de Débito
TRX-90398,SOC-2996,PROD-510,2025-11-12,75.0,Transferencia SPEI
TRX-90399,SOC-2938,PROD-505,2025-08-03,399.17,Tarjeta de Crédito
TRX-90400,SOC-3617,PROD-505,2024-08-20,480.0,Tarjeta de Débito
TRX-90401,SOC-3577,PROD-501,2024-05-31,650.0,Transferencia SPEI
TRX-90402,SOC-2341,PROD-510,2024-06-13,75.0,Tarjeta de Débito
TRX-90403,SOC-2374,PROD-503,2025-12-26,6999.0,Tarjeta de Crédito
TRX-90404,SOC-2331,PROD-504,2024-04-29,857.38,Tarjeta de Crédito
TRX-90405,SOC-2903,PROD-505,2025-01-13,480.0,Efectivo
TRX-90406,SOC-3364,PROD-506,2024-12-18,485.5,Tarjeta de Crédito
TRX-90407,SOC-3093,PROD-505,2024-05-04,480.0,Transferencia SPEI
TRX-90408,SOC-3023,PROD-503,2025-04-14,6999.0,Tarjeta de Crédito
TRX-90409,SOC-2009,PROD-512,2025-07-13,35.0,Tarjeta de Débito
TRX-90410,SOC-3326,PROD-512,2024-10-29,35.0,Tarjeta de Débito
TRX-90411,SOC-3545,PROD-510,2025-11-13,64.89,Transferencia SPEI
TRX-90412,SOC-2694,PROD-512,2024-04-25,35.0,Efectivo
TRX-90413,SOC-2286,PROD-511,2025-07-18,47.31,Tarjeta de Crédito
TRX-90414,SOC-2914,PROD-506,2024-04-04,550.0,Tarjeta de Crédito
TRX-90415,SOC-3195,PROD-509,2024-08-15,400.0,Tarjeta de Débito
TRX-90416,SOC-2401,PROD-501,2024-03-26,650.0,Transferencia SPEI
TRX-90417,SOC-3387,PROD-511,2024-03-30,50.0,Transferencia SPEI
TRX-90418,SOC-2399,PROD-508,2024-11-21,250.0,Efectivo
TRX-90419,SOC-3366,PROD-506,2025-02-11,452.06,Tarjeta de Débito
TRX-90420,SOC-2791,PROD-506,2024-01-13,550.0,Tarjeta de Débito
TRX-90421,SOC-2631,PROD-508,2025-07-28,210.21,Transferencia SPEI
TRX-90422,SOC-3519,PROD-507,2026-04-02,750.0,Tarjeta de Crédito
TRX-90423,SOC-3651,PROD-512,2025-03-10,35.0,Transferencia SPEI
TRX-90424,SOC-2286,PROD-510,2025-09-04,68.91,Transferencia SPEI
TRX-90425,SOC-3777,PROD-509,2024-12-09,322.39,Transferencia SPEI
TRX-90426,SOC-2182,PROD-501,2025-02-23,650.0,Tarjeta de Débito
TRX-90427,SOC-2849,PROD-503,2025-07-23,6999.0,Tarjeta de Crédito
TRX-90428,SOC-2409,PROD-503,2025-01-25,6999.0,Transferencia SPEI
TRX-90429,SOC-2087,PROD-505,2025-08-22,480.0,Transferencia SPEI
TRX-90430,SOC-2460,PROD-501,2026-03-21,591.89,Transferencia SPEI
TRX-90431,SOC-2255,PROD-511,2025-11-12,50.0,Transferencia SPEI
TRX-90432,SOC-2368,PROD-508,2025-12-05,250.0,Efectivo
TRX-90433,SOC-2245,PROD-505,2025-05-19,480.0,Efectivo
TRX-90434,SOC-3227,PROD-512,2025-01-05,35.0,Transferencia SPEI
TRX-90435,SOC-3779,PROD-505,2025-10-05,480.0,Efectivo
TRX-90436,SOC-2765,PROD-509,2026-01-20,400.0,Tarjeta de Débito
TRX-90437,SOC-2334,PROD-510,2024-02-29,66.06,Tarjeta de Crédito
TRX-90438,SOC-2732,PROD-503,2024-02-24,6999.0,Transferencia SPEI
TRX-90439,SOC-3304,PROD-506,2024-02-19,550.0,Efectivo
TRX-90440,SOC-3053,PROD-504,2026-02-23,950.0,Efectivo
TRX-90441,SOC-3227,PROD-503,2025-07-10,6999.0,Tarjeta de Débito
TRX-90442,SOC-3694,PROD-511,2026-03-30,50.0,Tarjeta de Débito
TRX-90443,SOC-2197,PROD-509,2025-08-16,400.0,Tarjeta de Crédito
TRX-90444,SOC-2027,PROD-503,2025-06-14,6999.0,Transferencia SPEI
TRX-90445,SOC-2844,PROD-506,2024-06-15,509.75,Tarjeta de Crédito
TRX-90446,SOC-3704,PROD-504,2026-03-25,950.0,Efectivo
TRX-90447,SOC-2855,PROD-508,2024-03-19,232.57999999999998,Efectivo
TRX-90448,SOC-2983,PROD-506,2024-11-15,550.0,Tarjeta de Crédito
TRX-90449,SOC-3674,PROD-508,2025-09-03,250.0,Tarjeta de Débito
TRX-90450,SOC-2353,PROD-512,2024-11-07,28.97,Tarjeta de Crédito
TRX-90451,SOC-2264,PROD-512,2024-05-25,35.0,Tarjeta de Débito
TRX-90452,SOC-2257,PROD-504,2024-05-13,950.0,Transferencia SPEI
TRX-90453,SOC-3415,PROD-502,2024-03-20,1140.57,Transferencia SPEI
TRX-90454,SOC-2088,PROD-504,2024-04-20,808.48,Efectivo
TRX-90455,SOC-2961,PROD-502,2024-09-16,1176.18,Efectivo
TRX-90456,SOC-3546,PROD-502,2026-03-12,1117.65,Tarjeta de Crédito
TRX-90457,SOC-2379,PROD-511,2024-12-25,46.41,Tarjeta de Débito
TRX-90458,SOC-3188,PROD-506,2024-12-26,550.0,Tarjeta de Crédito
TRX-90459,SOC-3035,PROD-510,2024-03-10,64.75,Efectivo
TRX-90460,SOC-3084,PROD-504,2026-01-02,950.0,Tarjeta de Débito
TRX-90461,SOC-2352,PROD-509,2024-01-05,400.0,Efectivo
TRX-90462,SOC-2439,PROD-509,2025-12-25,400.0,Tarjeta de Crédito
TRX-90463,SOC-2901,PROD-511,2024-04-19,50.0,Tarjeta de Débito
TRX-90464,SOC-2778,PROD-507,2024-08-07,750.0,Transferencia SPEI
TRX-90465,SOC-2232,PROD-506,2024-05-06,550.0,Tarjeta de Crédito
TRX-90466,SOC-3016,PROD-506,2025-12-22,550.0,Efectivo
TRX-90467,SOC-2169,PROD-506,2025-05-20,499.1,Tarjeta de Débito
TRX-90468,SOC-3408,PROD-508,2024-08-19,250.0,Tarjeta de Débito
TRX-90469,SOC-3752,PROD-507,2024-07-12,750.0,Transferencia SPEI
TRX-90470,SOC-3391,PROD-506,2024-07-02,466.88,Efectivo
TRX-90471,SOC-2812,PROD-508,2025-06-19,250.0,Efectivo
TRX-90472,SOC-2245,PROD-503,2025-02-08,6999.0,Efectivo
TRX-90473,SOC-3519,PROD-503,2024-03-07,6999.0,Tarjeta de Crédito
TRX-90474,SOC-2694,PROD-504,2025-09-01,950.0,Transferencia SPEI
TRX-90475,SOC-2252,PROD-504,2025-03-10,950.0,Tarjeta de Débito
TRX-90476,SOC-3567,PROD-512,2026-02-23,35.0,Tarjeta de Débito
TRX-90477,SOC-3549,PROD-511,2025-02-13,50.0,Transferencia SPEI
TRX-90478,SOC-2993,PROD-509,2024-10-12,352.72,Efectivo
TRX-90479,SOC-2514,PROD-508,2025-05-24,250.0,Tarjeta de Crédito
TRX-90480,SOC-2061,PROD-502,2026-01-25,1221.7,Efectivo
TRX-90481,SOC-2367,PROD-507,2025-09-11,750.0,Tarjeta de Crédito
TRX-90482,SOC-2621,PROD-510,2025-09-30,70.39,Transferencia SPEI
TRX-90483,SOC-3624,PROD-508,2024-07-25,250.0,Transferencia SPEI
TRX-90484,SOC-3005,PROD-509,2024-09-24,400.0,Efectivo
TRX-90485,SOC-3565,PROD-501,2025-03-16,650.0,Efectivo
TRX-90486,SOC-2786,PROD-508,2024-11-18,250.0,Transferencia SPEI
TRX-90487,SOC-2942,PROD-501,2024-02-03,650.0,Tarjeta de Débito
TRX-90488,SOC-3447,PROD-503,2025-05-18,6999.0,Tarjeta de Débito
TRX-90489,SOC-3466,PROD-507,2025-05-14,750.0,Transferencia SPEI
TRX-90490,SOC-3352,PROD-509,2025-12-02,400.0,Transferencia SPEI
TRX-90491,SOC-2975,PROD-509,2024-06-09,400.0,Transferencia SPEI
TRX-90492,SOC-2540,PROD-508,2025-08-28,250.0,Tarjeta de Débito
TRX-90493,SOC-3570,PROD-505,2024-11-24,413.49,Tarjeta de Crédito
TRX-90494,SOC-3715,PROD-506,2024-12-23,550.0,Efectivo
TRX-90495,SOC-3568,PROD-511,2024-12-15,50.0,Transferencia SPEI
TRX-90496,SOC-2707,PROD-506,2025-02-25,550.0,Tarjeta de Crédito
TRX-90497,SOC-2508,PROD-504,2025-10-25,950.0,Efectivo
TRX-90498,SOC-3410,PROD-502,2024-11-08,1201.89,Tarjeta de Débito
TRX-90499,SOC-2077,PROD-508,2025-11-04,250.0,Transferencia SPEI
TRX-90500,SOC-2547,PROD-501,2025-12-13,650.0,Efectivo
TRX-90501,SOC-2649,PROD-507,2025-08-07,750.0,Efectivo
TRX-90502,SOC-3656,PROD-508,2024-04-12,250.0,Tarjeta de Crédito
TRX-90503,SOC-2689,PROD-508,2025-05-29,250.0,Tarjeta de Débito
TRX-90504,SOC-2342,PROD-510,2024-11-02,75.0,Transferencia SPEI
TRX-90505,SOC-2414,PROD-508,2025-10-12,250.0,Efectivo
TRX-90506,SOC-3722,PROD-509,2024-08-07,400.0,Efectivo
TRX-90507,SOC-2609,PROD-510,2025-02-15,75.0,Efectivo
TRX-90508,SOC-3470,PROD-510,2024-04-07,75.0,Tarjeta de Débito
TRX-90509,SOC-2138,PROD-510,2026-03-31,75.0,Transferencia SPEI
TRX-90510,SOC-2430,PROD-506,2026-03-25,454.54,Tarjeta de Débito
TRX-90511,SOC-2887,PROD-511,2025-07-06,50.0,Transferencia SPEI
TRX-90512,SOC-2824,PROD-505,2025-10-01,480.0,Tarjeta de Crédito
TRX-90513,SOC-2039,PROD-511,2025-12-21,50.0,Tarjeta de Crédito
TRX-90514,SOC-3182,PROD-508,2024-08-06,250.0,Transferencia SPEI
TRX-90515,SOC-2549,PROD-511,2025-06-29,50.0,Transferencia SPEI
TRX-90516,SOC-3160,PROD-512,2025-10-03,32.2,Transferencia SPEI
TRX-90517,SOC-2303,PROD-504,2024-06-03,950.0,Tarjeta de Débito
TRX-90518,SOC-3729,PROD-507,2025-02-24,750.0,Efectivo
TRX-90519,SOC-3299,PROD-504,2025-02-26,950.0,Tarjeta de Débito
TRX-90520,SOC-3324,PROD-503,2024-09-19,6999.0,Tarjeta de Crédito
TRX-90521,SOC-2832,PROD-504,2024-04-26,898.55,Tarjeta de Débito
TRX-90522,SOC-2951,PROD-508,2025-07-27,250.0,Transferencia SPEI
TRX-90523,SOC-3325,PROD-501,2024-07-25,650.0,Tarjeta de Crédito
TRX-90524,SOC-2060,PROD-505,2026-03-19,480.0,Tarjeta de Crédito
TRX-90525,SOC-3320,PROD-501,2026-01-09,650.0,Efectivo
TRX-90526,SOC-2114,PROD-502,2024-11-17,1300.0,Efectivo
TRX-90527,SOC-2834,PROD-506,2025-11-18,550.0,Efectivo
TRX-90528,SOC-2813,PROD-512,2024-05-23,35.0,Efectivo
TRX-90529,SOC-3069,PROD-511,2026-04-28,50.0,Tarjeta de Débito
TRX-90530,SOC-3017,PROD-502,2024-08-31,1300.0,Tarjeta de Débito
TRX-90531,SOC-2675,PROD-510,2026-01-24,75.0,Tarjeta de Crédito
TRX-90532,SOC-2867,PROD-504,2024-05-27,871.99,Tarjeta de Débito
TRX-90533,SOC-2901,PROD-507,2024-09-17,750.0,Efectivo
TRX-90534,SOC-3005,PROD-509,2025-01-18,400.0,Efectivo
TRX-90535,SOC-2649,PROD-509,2025-03-09,400.0,Tarjeta de Crédito
TRX-90536,SOC-2569,PROD-503,2025-01-06,6999.0,Tarjeta de Débito
TRX-90537,SOC-3683,PROD-505,2024-01-22,480.0,Efectivo
TRX-90538,SOC-3724,PROD-512,2025-11-09,35.0,Efectivo
TRX-90539,SOC-3415,PROD-511,2024-09-02,50.0,Transferencia SPEI
TRX-90540,SOC-2634,PROD-511,2025-12-18,50.0,Efectivo
TRX-90541,SOC-3096,PROD-504,2025-03-29,950.0,Transferencia SPEI
TRX-90542,SOC-2524,PROD-505,2024-04-02,480.0,Tarjeta de Crédito
TRX-90543,SOC-2610,PROD-504,2024-06-13,950.0,Tarjeta de Débito
TRX-90544,SOC-3664,PROD-511,2025-02-20,50.0,Tarjeta de Débito
TRX-90545,SOC-3775,PROD-502,2026-04-22,1300.0,Transferencia SPEI
TRX-90546,SOC-2965,PROD-512,2025-02-26,35.0,Tarjeta de Débito
TRX-90547,SOC-3470,PROD-507,2026-04-19,694.46,Tarjeta de Débito
TRX-90548,SOC-3037,PROD-502,2024-12-26,1300.0,Tarjeta de Débito
TRX-90549,SOC-2929,PROD-512,2024-01-29,35.0,Tarjeta de Crédito
TRX-90550,SOC-3291,PROD-508,2026-03-21,250.0,Efectivo
TRX-90551,SOC-2821,PROD-504,2025-10-05,950.0,Efectivo
TRX-90552,SOC-2227,PROD-503,2024-09-12,6999.0,Tarjeta de Crédito
TRX-90553,SOC-3735,PROD-510,2025-12-03,75.0,Tarjeta de Débito
TRX-90554,SOC-2925,PROD-508,2026-01-22,230.99,Tarjeta de Débito
TRX-90555,SOC-3638,PROD-505,2024-07-22,429.53,Transferencia SPEI
TRX-90556,SOC-3795,PROD-507,2025-08-07,750.0,Efectivo
TRX-90557,SOC-3144,PROD-511,2025-09-18,50.0,Efectivo
TRX-90558,SOC-2948,PROD-504,2024-09-25,950.0,Tarjeta de Crédito
TRX-90559,SOC-2102,PROD-507,2025-09-24,750.0,Tarjeta de Débito
TRX-90560,SOC-2306,PROD-502,2025-01-11,1300.0,Efectivo
TRX-90561,SOC-2029,PROD-512,2025-06-22,35.0,Transferencia SPEI
TRX-90562,SOC-3695,PROD-511,2025-05-21,42.15,Tarjeta de Crédito
TRX-90563,SOC-3766,PROD-505,2024-10-21,480.0,Transferencia SPEI
TRX-90564,SOC-2267,PROD-507,2024-07-30,750.0,Tarjeta de Débito
TRX-90565,SOC-3489,PROD-511,2024-07-12,50.0,Transferencia SPEI
TRX-90566,SOC-3623,PROD-503,2024-01-30,6999.0,Tarjeta de Débito
TRX-90567,SOC-2483,PROD-510,2025-04-06,75.0,Tarjeta de Débito
TRX-90568,SOC-3194,PROD-511,2025-10-24,50.0,Efectivo
TRX-90569,SOC-2961,PROD-503,2024-11-27,6999.0,Transferencia SPEI
TRX-90570,SOC-3407,PROD-504,2025-12-31,950.0,Transferencia SPEI
TRX-90571,SOC-3508,PROD-510,2024-09-19,64.98,Efectivo
TRX-90572,SOC-2682,PROD-504,2025-04-27,950.0,Efectivo
TRX-90573,SOC-2011,PROD-505,2025-05-31,480.0,Tarjeta de Débito
TRX-90574,SOC-2809,PROD-511,2025-01-14,40.81,Efectivo
TRX-90575,SOC-3189,PROD-503,2024-09-23,6999.0,Transferencia SPEI
TRX-90576,SOC-2695,PROD-508,2024-05-15,210.87,Transferencia SPEI
TRX-90577,SOC-2291,PROD-505,2024-04-29,480.0,Tarjeta de Crédito
TRX-90578,SOC-3023,PROD-505,2026-02-04,480.0,Transferencia SPEI
TRX-90579,SOC-2580,PROD-505,2025-09-19,480.0,Tarjeta de Débito
TRX-90580,SOC-3059,PROD-506,2025-03-22,550.0,Tarjeta de Débito
TRX-90581,SOC-3510,PROD-508,2026-02-21,250.0,Transferencia SPEI
TRX-90582,SOC-2109,PROD-504,2024-06-01,876.4,Transferencia SPEI
TRX-90583,SOC-2533,PROD-503,2025-12-23,6999.0,Efectivo
TRX-90584,SOC-3014,PROD-501,2025-03-28,650.0,Transferencia SPEI
TRX-90585,SOC-2938,PROD-508,2024-04-25,250.0,Tarjeta de Crédito
TRX-90586,SOC-2254,PROD-506,2024-04-05,550.0,Tarjeta de Débito
TRX-90587,SOC-2370,PROD-503,2026-02-06,6999.0,Tarjeta de Débito
TRX-90588,SOC-3154,PROD-511,2025-08-22,50.0,Efectivo
TRX-90589,SOC-3078,PROD-510,2024-07-03,75.0,Efectivo
TRX-90590,SOC-2505,PROD-508,2025-11-24,225.18,Tarjeta de Débito
TRX-90591,SOC-3396,PROD-511,2024-05-04,50.0,Efectivo
TRX-90592,SOC-3715,PROD-506,2024-06-06,484.53,Transferencia SPEI
TRX-90593,SOC-2930,PROD-511,2024-10-02,50.0,Efectivo
TRX-90594,SOC-2675,PROD-501,2025-11-02,650.0,Transferencia SPEI
TRX-90595,SOC-2666,PROD-512,2026-01-21,35.0,Tarjeta de Crédito
TRX-90596,SOC-2433,PROD-501,2026-03-31,650.0,Tarjeta de Débito
TRX-90597,SOC-3635,PROD-501,2026-01-31,524.69,Transferencia SPEI
TRX-90598,SOC-2190,PROD-507,2024-09-18,750.0,Transferencia SPEI
TRX-90599,SOC-2183,PROD-501,2024-08-01,650.0,Transferencia SPEI
TRX-90600,SOC-2584,PROD-511,2026-02-09,50.0,Tarjeta de Crédito
TRX-90601,SOC-2247,PROD-505,2025-05-17,480.0,Tarjeta de Débito
TRX-90602,SOC-3403,PROD-510,2024-05-14,75.0,Efectivo
TRX-90603,SOC-3705,PROD-506,2025-06-08,550.0,Transferencia SPEI
TRX-90604,SOC-2795,PROD-508,2024-10-01,250.0,Transferencia SPEI
TRX-90605,SOC-2185,PROD-507,2026-04-10,750.0,Tarjeta de Crédito
TRX-90606,SOC-2890,PROD-511,2025-03-12,43.65,Transferencia SPEI
TRX-90607,SOC-3386,PROD-504,2025-10-25,950.0,Tarjeta de Crédito
TRX-90608,SOC-3015,PROD-509,2025-10-06,400.0,Efectivo
TRX-90609,SOC-2596,PROD-508,2025-03-23,207.44,Tarjeta de Débito
TRX-90610,SOC-2305,PROD-503,2025-12-01,6999.0,Tarjeta de Crédito
TRX-90611,SOC-3072,PROD-507,2024-10-29,750.0,Efectivo
TRX-90612,SOC-2093,PROD-509,2024-04-20,400.0,Transferencia SPEI
TRX-90613,SOC-2194,PROD-508,2025-11-07,250.0,Tarjeta de Débito
TRX-90614,SOC-2728,PROD-505,2025-08-22,419.75,Efectivo
TRX-90615,SOC-3517,PROD-511,2025-04-18,50.0,Tarjeta de Crédito
TRX-90616,SOC-3727,PROD-507,2024-02-16,613.87,Tarjeta de Débito
TRX-90617,SOC-2643,PROD-510,2026-01-11,75.0,Transferencia SPEI
TRX-90618,SOC-3278,PROD-505,2024-12-15,480.0,Tarjeta de Crédito
TRX-90619,SOC-2433,PROD-503,2024-03-21,6999.0,Tarjeta de Débito
TRX-90620,SOC-3786,PROD-511,2024-04-18,50.0,Efectivo
TRX-90621,SOC-2012,PROD-507,2024-04-29,638.72,Transferencia SPEI
TRX-90622,SOC-3417,PROD-507,2025-11-04,750.0,Transferencia SPEI
TRX-90623,SOC-2621,PROD-510,2026-04-12,75.0,Tarjeta de Débito
TRX-90624,SOC-3415,PROD-511,2025-12-07,50.0,Tarjeta de Débito
TRX-90625,SOC-2180,PROD-503,2024-05-18,6531.56,Efectivo
TRX-90626,SOC-3426,PROD-504,2024-01-28,950.0,Tarjeta de Crédito
TRX-90627,SOC-3331,PROD-504,2025-03-22,950.0,Tarjeta de Crédito
TRX-90628,SOC-2177,PROD-505,2026-02-27,480.0,Transferencia SPEI
TRX-90629,SOC-2865,PROD-501,2024-04-29,650.0,Tarjeta de Crédito
TRX-90630,SOC-3514,PROD-512,2025-03-31,35.0,Transferencia SPEI
TRX-90631,SOC-2041,PROD-508,2025-08-22,250.0,Tarjeta de Débito
TRX-90632,SOC-3167,PROD-507,2024-02-22,750.0,Efectivo
TRX-90633,SOC-3292,PROD-512,2025-03-18,35.0,Transferencia SPEI
TRX-90634,SOC-3510,PROD-510,2025-09-02,75.0,Tarjeta de Débito
TRX-90635,SOC-2076,PROD-508,2025-02-13,250.0,Transferencia SPEI
TRX-90636,SOC-2475,PROD-512,2024-03-03,35.0,Transferencia SPEI
TRX-90637,SOC-3181,PROD-506,2025-07-20,448.84000000000003,Transferencia SPEI
TRX-90638,SOC-2970,PROD-502,2025-05-21,1300.0,Tarjeta de Débito
TRX-90639,SOC-2919,PROD-512,2025-03-22,31.740000000000002,Tarjeta de Crédito
TRX-90640,SOC-2962,PROD-506,2025-03-24,550.0,Tarjeta de Crédito
TRX-90641,SOC-3204,PROD-511,2024-12-13,50.0,Transferencia SPEI
TRX-90642,SOC-2269,PROD-505,2026-01-10,480.0,Transferencia SPEI
TRX-90643,SOC-3707,PROD-511,2025-10-30,50.0,Transferencia SPEI
TRX-90644,SOC-3638,PROD-503,2025-09-28,6999.0,Efectivo
TRX-90645,SOC-3367,PROD-508,2024-05-12,250.0,Tarjeta de Crédito
TRX-90646,SOC-3241,PROD-508,2024-04-13,250.0,Transferencia SPEI
TRX-90647,SOC-2622,PROD-504,2024-08-02,950.0,Efectivo
TRX-90648,SOC-2735,PROD-505,2024-12-31,480.0,Tarjeta de Crédito
TRX-90649,SOC-3696,PROD-509,2024-02-02,400.0,Tarjeta de Débito
TRX-90650,SOC-2882,PROD-502,2025-09-24,1300.0,Tarjeta de Crédito
TRX-90651,SOC-2997,PROD-505,2024-12-14,480.0,Efectivo
TRX-90652,SOC-3578,PROD-509,2024-09-30,400.0,Efectivo
TRX-90653,SOC-3447,PROD-501,2025-03-24,650.0,Efectivo
TRX-90654,SOC-2217,PROD-510,2025-09-16,75.0,Efectivo
TRX-90655,SOC-3687,PROD-509,2024-02-12,400.0,Tarjeta de Crédito
TRX-90656,SOC-3291,PROD-502,2024-07-29,1300.0,Tarjeta de Crédito
TRX-90657,SOC-3492,PROD-505,2025-12-26,480.0,Transferencia SPEI
TRX-90658,SOC-3501,PROD-502,2024-06-06,1300.0,Tarjeta de Débito
TRX-90659,SOC-3678,PROD-503,2024-05-05,6999.0,Transferencia SPEI
TRX-90660,SOC-2852,PROD-501,2024-09-08,650.0,Transferencia SPEI
TRX-90661,SOC-2700,PROD-505,2025-06-01,480.0,Tarjeta de Débito
TRX-90662,SOC-2763,PROD-512,2026-02-11,35.0,Tarjeta de Crédito
TRX-90663,SOC-2311,PROD-509,2025-03-07,400.0,Tarjeta de Crédito
TRX-90664,SOC-3643,PROD-507,2025-02-27,750.0,Transferencia SPEI
TRX-90665,SOC-3746,PROD-509,2026-03-24,400.0,Efectivo
TRX-90666,SOC-2907,PROD-503,2026-02-27,5802.61,Efectivo
TRX-90667,SOC-2174,PROD-506,2024-11-18,550.0,Tarjeta de Crédito
TRX-90668,SOC-2889,PROD-501,2025-02-06,650.0,Tarjeta de Crédito
TRX-90669,SOC-3177,PROD-501,2025-10-08,650.0,Tarjeta de Débito
TRX-90670,SOC-2859,PROD-507,2025-11-28,750.0,Tarjeta de Débito
TRX-90671,SOC-3478,PROD-512,2024-11-17,35.0,Efectivo
TRX-90672,SOC-3694,PROD-505,2025-06-24,480.0,Tarjeta de Crédito
TRX-90673,SOC-3435,PROD-507,2025-04-01,750.0,Transferencia SPEI
TRX-90674,SOC-3429,PROD-506,2026-04-11,550.0,Transferencia SPEI
TRX-90675,SOC-3589,PROD-504,2024-11-04,825.92,Transferencia SPEI
TRX-90676,SOC-3486,PROD-512,2026-01-27,35.0,Tarjeta de Débito
TRX-90677,SOC-2438,PROD-502,2025-06-07,1300.0,Tarjeta de Débito
TRX-90678,SOC-3551,PROD-511,2024-06-12,40.82,Tarjeta de Débito
TRX-90679,SOC-2495,PROD-505,2026-01-13,480.0,Efectivo
TRX-90680,SOC-3500,PROD-501,2025-01-16,650.0,Tarjeta de Débito
TRX-90681,SOC-2254,PROD-501,2026-02-13,650.0,Efectivo
TRX-90682,SOC-2920,PROD-505,2025-08-09,480.0,Transferencia SPEI
TRX-90683,SOC-2695,PROD-504,2026-04-04,950.0,Tarjeta de Crédito
TRX-90684,SOC-2718,PROD-505,2024-10-18,480.0,Tarjeta de Crédito
TRX-90685,SOC-3463,PROD-507,2025-06-16,750.0,Efectivo
TRX-90686,SOC-2672,PROD-509,2025-08-19,400.0,Tarjeta de Débito
TRX-90687,SOC-2931,PROD-502,2024-05-30,1300.0,Transferencia SPEI
TRX-90688,SOC-2168,PROD-502,2024-03-04,1300.0,Tarjeta de Crédito
TRX-90689,SOC-2976,PROD-504,2025-04-01,806.05,Transferencia SPEI
TRX-90690,SOC-3205,PROD-509,2025-06-15,400.0,Tarjeta de Débito
TRX-90691,SOC-3197,PROD-508,2025-10-13,250.0,Transferencia SPEI
TRX-90692,SOC-3412,PROD-508,2026-01-19,250.0,Tarjeta de Crédito
TRX-90693,SOC-2296,PROD-509,2024-05-10,400.0,Transferencia SPEI
TRX-90694,SOC-2265,PROD-512,2025-06-09,35.0,Efectivo
TRX-90695,SOC-3423,PROD-504,2025-04-11,950.0,Tarjeta de Crédito
TRX-90696,SOC-3145,PROD-506,2024-05-01,550.0,Transferencia SPEI
TRX-90697,SOC-2226,PROD-502,2025-01-13,1300.0,Efectivo
TRX-90698,SOC-3071,PROD-503,2024-04-30,6999.0,Tarjeta de Débito
TRX-90699,SOC-2622,PROD-505,2025-05-12,445.71,Transferencia SPEI
TRX-90700,SOC-2100,PROD-505,2024-10-17,480.0,Transferencia SPEI
TRX-90701,SOC-2005,PROD-502,2025-07-14,1300.0,Efectivo
TRX-90702,SOC-2856,PROD-508,2025-08-09,250.0,Transferencia SPEI
TRX-90703,SOC-2692,PROD-507,2025-05-01,750.0,Tarjeta de Crédito
TRX-90704,SOC-3561,PROD-503,2025-05-31,6999.0,Transferencia SPEI
TRX-90705,SOC-3367,PROD-508,2024-06-01,250.0,Tarjeta de Débito
TRX-90706,SOC-2183,PROD-510,2025-11-11,75.0,Transferencia SPEI
TRX-90707,SOC-2477,PROD-507,2024-12-13,750.0,Transferencia SPEI
TRX-90708,SOC-3508,PROD-505,2025-10-23,444.08,Efectivo
TRX-90709,SOC-3172,PROD-511,2026-03-26,50.0,Tarjeta de Débito
TRX-90710,SOC-3150,PROD-511,2024-05-06,50.0,Efectivo
TRX-90711,SOC-2395,PROD-510,2025-07-08,75.0,Efectivo
TRX-90712,SOC-3168,PROD-509,2024-07-12,400.0,Efectivo
TRX-90713,SOC-2247,PROD-511,2025-06-28,50.0,Efectivo
TRX-90714,SOC-2564,PROD-504,2024-09-08,950.0,Transferencia SPEI
TRX-90715,SOC-2174,PROD-509,2025-09-13,400.0,Efectivo
TRX-90716,SOC-3007,PROD-501,2024-12-14,650.0,Transferencia SPEI
TRX-90717,SOC-2050,PROD-509,2024-11-20,400.0,Efectivo
TRX-90718,SOC-2235,PROD-502,2025-07-08,1300.0,Tarjeta de Crédito
TRX-90719,SOC-2375,PROD-505,2026-02-25,433.90999999999997,Transferencia SPEI
TRX-90720,SOC-3390,PROD-503,2024-03-01,6999.0,Tarjeta de Débito
TRX-90721,SOC-2372,PROD-501,2025-12-31,579.48,Tarjeta de Débito
TRX-90722,SOC-2292,PROD-507,2024-11-27,750.0,Efectivo
TRX-90723,SOC-2107,PROD-504,2024-09-02,950.0,Tarjeta de Crédito
TRX-90724,SOC-3010,PROD-509,2026-02-09,400.0,Efectivo
TRX-90725,SOC-2552,PROD-501,2024-11-21,650.0,Transferencia SPEI
TRX-90726,SOC-2135,PROD-508,2024-01-30,250.0,Tarjeta de Crédito
TRX-90727,SOC-2039,PROD-505,2025-07-21,480.0,Efectivo
TRX-90728,SOC-2505,PROD-509,2025-10-29,400.0,Tarjeta de Débito
TRX-90729,SOC-3164,PROD-507,2025-04-01,640.97,Tarjeta de Crédito
TRX-90730,SOC-3604,PROD-503,2025-01-17,6999.0,Tarjeta de Crédito
TRX-90731,SOC-3602,PROD-504,2025-07-04,950.0,Transferencia SPEI
TRX-90732,SOC-2086,PROD-501,2026-04-12,650.0,Tarjeta de Débito
TRX-90733,SOC-3338,PROD-503,2024-01-01,5681.29,Tarjeta de Débito
TRX-90734,SOC-3225,PROD-505,2025-11-27,480.0,Tarjeta de Débito
TRX-90735,SOC-3726,PROD-511,2024-08-05,50.0,Tarjeta de Débito
TRX-90736,SOC-2094,PROD-503,2026-01-26,6999.0,Efectivo
TRX-90737,SOC-2616,PROD-502,2025-02-08,1300.0,Tarjeta de Crédito
TRX-90738,SOC-3485,PROD-509,2024-10-13,400.0,Tarjeta de Crédito
TRX-90739,SOC-3251,PROD-509,2026-04-01,400.0,Tarjeta de Débito
TRX-90740,SOC-3301,PROD-505,2026-02-09,480.0,Tarjeta de Débito
TRX-90741,SOC-2504,PROD-511,2024-11-25,50.0,Transferencia SPEI
TRX-90742,SOC-3228,PROD-506,2024-01-17,550.0,Tarjeta de Crédito
TRX-90743,SOC-3324,PROD-501,2025-09-15,650.0,Efectivo
TRX-90744,SOC-3378,PROD-503,2025-02-27,6999.0,Transferencia SPEI
TRX-90745,SOC-3562,PROD-507,2025-07-05,613.87,Efectivo
TRX-90746,SOC-3104,PROD-501,2026-04-15,650.0,Efectivo
TRX-90747,SOC-2723,PROD-507,2026-04-27,750.0,Transferencia SPEI
TRX-90748,SOC-2363,PROD-512,2024-01-09,31.3,Tarjeta de Crédito
TRX-90749,SOC-2911,PROD-501,2024-08-14,650.0,Tarjeta de Débito
TRX-90750,SOC-3394,PROD-512,2025-01-01,35.0,Tarjeta de Débito
TRX-90751,SOC-3656,PROD-512,2024-08-14,35.0,Transferencia SPEI
TRX-90752,SOC-2744,PROD-501,2024-10-14,650.0,Tarjeta de Crédito
TRX-90753,SOC-2015,PROD-504,2026-04-20,950.0,Efectivo
TRX-90754,SOC-3782,PROD-505,2025-08-05,480.0,Tarjeta de Crédito
TRX-90755,SOC-3131,PROD-504,2025-11-06,950.0,Tarjeta de Crédito
TRX-90756,SOC-2134,PROD-510,2024-05-11,75.0,Tarjeta de Crédito
TRX-90757,SOC-2532,PROD-510,2024-08-21,75.0,Tarjeta de Débito
TRX-90758,SOC-2393,PROD-511,2024-01-24,50.0,Tarjeta de Débito
TRX-90759,SOC-3395,PROD-509,2025-04-09,354.37,Efectivo
TRX-90760,SOC-3749,PROD-506,2025-03-18,550.0,Transferencia SPEI
TRX-90761,SOC-2562,PROD-502,2025-11-27,1300.0,Transferencia SPEI
TRX-90762,SOC-2741,PROD-509,2026-02-16,336.73,Efectivo
TRX-90763,SOC-2570,PROD-507,2025-06-29,750.0,Efectivo
TRX-90764,SOC-2803,PROD-504,2024-12-08,821.02,Efectivo
TRX-90765,SOC-3511,PROD-504,2025-12-07,950.0,Efectivo
TRX-90766,SOC-2512,PROD-504,2024-06-17,950.0,Efectivo
TRX-90767,SOC-3283,PROD-511,2024-04-09,44.26,Efectivo
TRX-90768,SOC-3214,PROD-511,2024-12-08,50.0,Tarjeta de Crédito
TRX-90769,SOC-2221,PROD-508,2024-09-01,250.0,Efectivo
TRX-90770,SOC-3683,PROD-506,2025-06-16,550.0,Efectivo
TRX-90771,SOC-3589,PROD-510,2025-09-26,75.0,Efectivo
TRX-90772,SOC-3281,PROD-508,2025-08-15,200.96,Efectivo
TRX-90773,SOC-2773,PROD-506,2025-12-11,511.98,Transferencia SPEI
TRX-90774,SOC-2113,PROD-505,2025-09-17,480.0,Efectivo
TRX-90775,SOC-2209,PROD-511,2024-02-27,50.0,Tarjeta de Débito
TRX-90776,SOC-3741,PROD-507,2025-02-15,627.9,Tarjeta de Crédito
TRX-90777,SOC-3771,PROD-510,2026-03-17,75.0,Efectivo
TRX-90778,SOC-2929,PROD-507,2025-04-20,750.0,Efectivo
TRX-90779,SOC-2696,PROD-511,2025-11-22,50.0,Transferencia SPEI
TRX-90780,SOC-3060,PROD-506,2025-08-24,550.0,Efectivo
TRX-90781,SOC-2026,PROD-510,2025-12-31,62.37,Tarjeta de Crédito
TRX-90782,SOC-3174,PROD-503,2025-10-14,6999.0,Tarjeta de Débito
TRX-90783,SOC-2863,PROD-508,2026-01-12,250.0,Tarjeta de Crédito
TRX-90784,SOC-2498,PROD-503,2026-03-27,6515.0,Transferencia SPEI
TRX-90785,SOC-3051,PROD-511,2026-02-11,50.0,Tarjeta de Crédito
TRX-90786,SOC-2302,PROD-508,2024-11-12,250.0,Tarjeta de Débito
TRX-90787,SOC-2756,PROD-501,2025-06-14,650.0,Tarjeta de Crédito
TRX-90788,SOC-2118,PROD-504,2025-06-03,950.0,Efectivo
TRX-90789,SOC-2865,PROD-506,2024-07-19,550.0,Tarjeta de Crédito
TRX-90790,SOC-3609,PROD-502,2024-12-15,1300.0,Transferencia SPEI
TRX-90791,SOC-3423,PROD-512,2025-04-23,35.0,Tarjeta de Débito
TRX-90792,SOC-3745,PROD-510,2025-08-02,75.0,Tarjeta de Débito
TRX-90793,SOC-2858,PROD-506,2024-06-15,450.22,Efectivo
TRX-90794,SOC-3016,PROD-504,2024-01-04,950.0,Tarjeta de Crédito
TRX-90795,SOC-2956,PROD-510,2024-08-06,75.0,Tarjeta de Débito
TRX-90796,SOC-3654,PROD-512,2025-01-19,35.0,Tarjeta de Crédito
TRX-90797,SOC-3692,PROD-501,2025-01-06,582.61,Efectivo
TRX-90798,SOC-2292,PROD-505,2025-03-26,480.0,Tarjeta de Débito
TRX-90799,SOC-2090,PROD-501,2024-07-22,650.0,Tarjeta de Crédito
TRX-90800,SOC-2449,PROD-505,2026-01-06,480.0,Tarjeta de Crédito
TRX-90801,SOC-2366,PROD-504,2024-01-23,950.0,Tarjeta de Débito
TRX-90802,SOC-2208,PROD-501,2025-11-24,553.65,Efectivo
TRX-90803,SOC-2694,PROD-504,2024-11-08,950.0,Tarjeta de Débito
TRX-90804,SOC-3658,PROD-506,2025-11-07,550.0,Transferencia SPEI
TRX-90805,SOC-3799,PROD-512,2024-03-07,28.62,Tarjeta de Crédito
TRX-90806,SOC-3628,PROD-504,2024-07-15,950.0,Tarjeta de Débito
TRX-90807,SOC-2652,PROD-510,2025-03-15,75.0,Tarjeta de Crédito
TRX-90808,SOC-2095,PROD-510,2025-08-24,75.0,Tarjeta de Débito
TRX-90809,SOC-3618,PROD-503,2024-12-01,6999.0,Tarjeta de Débito
TRX-90810,SOC-3788,PROD-503,2025-06-04,6999.0,Transferencia SPEI
TRX-90811,SOC-2429,PROD-512,2024-03-24,35.0,Efectivo
TRX-90812,SOC-2343,PROD-509,2025-02-01,400.0,Tarjeta de Débito
TRX-90813,SOC-3022,PROD-509,2025-04-20,400.0,Tarjeta de Débito
TRX-90814,SOC-3077,PROD-512,2025-05-09,35.0,Transferencia SPEI
TRX-90815,SOC-2971,PROD-505,2025-08-18,480.0,Efectivo
TRX-90816,SOC-2425,PROD-504,2024-07-26,950.0,Tarjeta de Crédito
TRX-90817,SOC-2811,PROD-504,2024-11-09,950.0,Transferencia SPEI
TRX-90818,SOC-3171,PROD-503,2025-01-18,6999.0,Efectivo
TRX-90819,SOC-2276,PROD-502,2024-10-29,1300.0,Tarjeta de Débito
TRX-90820,SOC-2472,PROD-510,2024-02-12,75.0,Tarjeta de Débito
TRX-90821,SOC-2873,PROD-508,2025-04-23,250.0,Tarjeta de Débito
TRX-90822,SOC-3648,PROD-508,2024-11-20,250.0,Efectivo
TRX-90823,SOC-2368,PROD-508,2024-08-27,250.0,Efectivo
TRX-90824,SOC-2736,PROD-502,2024-10-28,1300.0,Efectivo
TRX-90825,SOC-3610,PROD-505,2024-08-21,450.86,Efectivo
TRX-90826,SOC-3119,PROD-504,2024-12-07,950.0,Tarjeta de Débito
TRX-90827,SOC-2513,PROD-505,2026-02-02,480.0,Tarjeta de Débito
TRX-90828,SOC-2391,PROD-512,2025-09-10,35.0,Tarjeta de Débito
TRX-90829,SOC-2018,PROD-505,2024-10-15,480.0,Transferencia SPEI
TRX-90830,SOC-2831,PROD-510,2026-02-14,75.0,Transferencia SPEI
TRX-90831,SOC-3340,PROD-509,2026-02-18,400.0,Transferencia SPEI
TRX-90832,SOC-2467,PROD-504,2026-01-10,950.0,Transferencia SPEI
TRX-90833,SOC-2479,PROD-509,2025-08-24,400.0,Transferencia SPEI
TRX-90834,SOC-3480,PROD-508,2024-12-14,250.0,Tarjeta de Débito
TRX-90835,SOC-3733,PROD-504,2025-03-15,950.0,Transferencia SPEI
TRX-90836,SOC-2430,PROD-508,2025-04-05,250.0,Efectivo
TRX-90837,SOC-2768,PROD-503,2025-08-14,6999.0,Tarjeta de Débito
TRX-90838,SOC-3512,PROD-501,2025-05-26,650.0,Tarjeta de Débito
TRX-90839,SOC-2696,PROD-504,2025-03-05,950.0,Transferencia SPEI
TRX-90840,SOC-3563,PROD-512,2025-07-04,35.0,Efectivo
TRX-90841,SOC-3163,PROD-501,2024-05-22,650.0,Tarjeta de Débito
TRX-90842,SOC-3164,PROD-511,2026-03-29,50.0,Transferencia SPEI
TRX-90843,SOC-2781,PROD-504,2025-02-04,847.4300000000001,Transferencia SPEI
TRX-90844,SOC-2223,PROD-506,2025-08-06,550.0,Tarjeta de Débito
TRX-90845,SOC-2191,PROD-503,2024-04-16,6999.0,Tarjeta de Crédito
TRX-90846,SOC-2066,PROD-512,2025-09-09,35.0,Tarjeta de Crédito
TRX-90847,SOC-2408,PROD-502,2025-01-30,1300.0,Tarjeta de Crédito
TRX-90848,SOC-2597,PROD-511,2025-06-20,47.07,Efectivo
TRX-90849,SOC-2352,PROD-506,2025-02-24,550.0,Efectivo
TRX-90850,SOC-2265,PROD-509,2025-03-04,400.0,Efectivo
TRX-90851,SOC-2797,PROD-504,2024-05-13,950.0,Tarjeta de Débito
TRX-90852,SOC-2886,PROD-512,2025-11-11,35.0,Tarjeta de Débito
TRX-90853,SOC-3204,PROD-504,2025-05-29,950.0,Transferencia SPEI
TRX-90854,SOC-2565,PROD-504,2024-01-08,950.0,Transferencia SPEI
TRX-90855,SOC-2132,PROD-507,2025-09-11,750.0,Tarjeta de Débito
TRX-90856,SOC-3166,PROD-508,2025-04-16,250.0,Efectivo
TRX-90857,SOC-3510,PROD-502,2024-10-21,1300.0,Transferencia SPEI
TRX-90858,SOC-2711,PROD-512,2025-12-29,35.0,Transferencia SPEI
TRX-90859,SOC-3256,PROD-503,2025-03-01,6999.0,Transferencia SPEI
TRX-90860,SOC-2938,PROD-507,2025-11-05,750.0,Efectivo
TRX-90861,SOC-2806,PROD-512,2024-02-14,35.0,Tarjeta de Crédito
TRX-90862,SOC-2561,PROD-511,2025-07-04,50.0,Efectivo
TRX-90863,SOC-3430,PROD-512,2026-01-09,35.0,Transferencia SPEI
TRX-90864,SOC-2843,PROD-509,2024-05-04,400.0,Efectivo
TRX-90865,SOC-3548,PROD-502,2025-05-31,1300.0,Tarjeta de Débito
TRX-90866,SOC-2840,PROD-508,2024-06-17,250.0,Efectivo
TRX-90867,SOC-2947,PROD-501,2024-03-15,650.0,Transferencia SPEI
TRX-90868,SOC-2781,PROD-506,2026-02-02,550.0,Tarjeta de Crédito
TRX-90869,SOC-2813,PROD-501,2024-01-11,650.0,Tarjeta de Crédito
TRX-90870,SOC-2670,PROD-511,2026-02-05,50.0,Transferencia SPEI
TRX-90871,SOC-2140,PROD-502,2025-07-15,1300.0,Transferencia SPEI
TRX-90872,SOC-2288,PROD-508,2026-04-20,250.0,Tarjeta de Crédito
TRX-90873,SOC-2350,PROD-501,2025-09-13,588.82,Transferencia SPEI
TRX-90874,SOC-2345,PROD-502,2025-11-18,1300.0,Tarjeta de Débito
TRX-90875,SOC-2315,PROD-508,2025-01-01,250.0,Efectivo
TRX-90876,SOC-3383,PROD-509,2024-08-09,400.0,Efectivo
TRX-90877,SOC-3714,PROD-511,2026-04-10,50.0,Efectivo
TRX-90878,SOC-2800,PROD-512,2024-11-11,35.0,Efectivo
TRX-90879,SOC-2100,PROD-507,2026-02-24,750.0,Tarjeta de Crédito
TRX-90880,SOC-2768,PROD-504,2024-07-23,842.41,Efectivo
TRX-90881,SOC-2691,PROD-504,2025-11-27,950.0,Tarjeta de Crédito
TRX-90882,SOC-2198,PROD-511,2024-06-20,50.0,Efectivo
TRX-90883,SOC-2852,PROD-509,2024-04-20,400.0,Tarjeta de Débito
TRX-90884,SOC-3152,PROD-511,2024-07-13,50.0,Transferencia SPEI
TRX-90885,SOC-2877,PROD-502,2024-08-25,1300.0,Tarjeta de Débito
TRX-90886,SOC-2663,PROD-503,2024-01-16,6999.0,Tarjeta de Débito
TRX-90887,SOC-2025,PROD-507,2024-08-05,750.0,Efectivo
TRX-90888,SOC-3348,PROD-505,2025-10-27,480.0,Efectivo
TRX-90889,SOC-2138,PROD-504,2025-02-24,950.0,Transferencia SPEI
TRX-90890,SOC-2209,PROD-512,2025-07-03,35.0,Tarjeta de Crédito
TRX-90891,SOC-2516,PROD-502,2025-09-06,1300.0,Transferencia SPEI
TRX-90892,SOC-3389,PROD-512,2024-05-16,35.0,Tarjeta de Débito
TRX-90893,SOC-3744,PROD-511,2025-05-08,47.37,Transferencia SPEI
TRX-90894,SOC-2784,PROD-509,2025-10-17,400.0,Efectivo
TRX-90895,SOC-2477,PROD-501,2025-09-23,650.0,Efectivo
TRX-90896,SOC-2633,PROD-504,2026-01-25,950.0,Tarjeta de Crédito
TRX-90897,SOC-3270,PROD-502,2024-03-02,1137.75,Tarjeta de Crédito
TRX-90898,SOC-2311,PROD-507,2024-07-28,750.0,Tarjeta de Crédito
TRX-90899,SOC-3486,PROD-510,2025-03-30,75.0,Tarjeta de Débito
TRX-90900,SOC-2275,PROD-505,2024-11-21,480.0,Efectivo
TRX-90901,SOC-3067,PROD-507,2025-10-25,750.0,Efectivo
TRX-90902,SOC-2470,PROD-512,2024-12-05,35.0,Tarjeta de Crédito
TRX-90903,SOC-3105,PROD-501,2025-11-11,650.0,Tarjeta de Crédito
TRX-90904,SOC-3246,PROD-507,2025-06-17,750.0,Transferencia SPEI
TRX-90905,SOC-3290,PROD-501,2024-03-07,650.0,Efectivo
TRX-90906,SOC-2395,PROD-501,2025-10-11,650.0,Tarjeta de Crédito
TRX-90907,SOC-2258,PROD-502,2024-06-26,1300.0,Tarjeta de Crédito
TRX-90908,SOC-2484,PROD-509,2024-03-21,400.0,Transferencia SPEI
TRX-90909,SOC-2638,PROD-503,2026-01-08,6999.0,Transferencia SPEI
TRX-90910,SOC-2362,PROD-510,2024-09-11,75.0,Transferencia SPEI
TRX-90911,SOC-3302,PROD-504,2024-10-05,950.0,Transferencia SPEI
TRX-90912,SOC-2164,PROD-506,2025-02-11,550.0,Transferencia SPEI
TRX-90913,SOC-2904,PROD-507,2025-06-01,750.0,Transferencia SPEI
TRX-90914,SOC-3558,PROD-503,2026-04-19,6999.0,Transferencia SPEI
TRX-90915,SOC-2041,PROD-507,2025-03-13,750.0,Tarjeta de Débito
TRX-90916,SOC-3219,PROD-509,2024-06-05,400.0,Tarjeta de Crédito
TRX-90917,SOC-2527,PROD-507,2025-04-19,750.0,Tarjeta de Débito
TRX-90918,SOC-2769,PROD-509,2025-09-12,400.0,Tarjeta de Débito
TRX-90919,SOC-2280,PROD-512,2025-04-25,35.0,Tarjeta de Crédito
TRX-90920,SOC-2009,PROD-501,2025-05-27,650.0,Tarjeta de Débito
TRX-90921,SOC-3007,PROD-507,2025-03-01,750.0,Tarjeta de Débito
TRX-90922,SOC-2787,PROD-508,2024-11-11,250.0,Efectivo
TRX-90923,SOC-2838,PROD-501,2024-05-07,650.0,Tarjeta de Crédito
TRX-90924,SOC-2398,PROD-507,2024-09-18,750.0,Tarjeta de Débito
TRX-90925,SOC-3044,PROD-512,2025-05-15,35.0,Tarjeta de Débito
TRX-90926,SOC-3427,PROD-501,2025-10-28,650.0,Transferencia SPEI
TRX-90927,SOC-3507,PROD-504,2024-09-05,950.0,Tarjeta de Débito
TRX-90928,SOC-3293,PROD-512,2025-11-23,29.759999999999998,Tarjeta de Crédito
TRX-90929,SOC-2536,PROD-510,2025-04-11,75.0,Tarjeta de Crédito
TRX-90930,SOC-2521,PROD-504,2025-09-08,950.0,Tarjeta de Crédito
TRX-90931,SOC-2026,PROD-502,2026-02-28,1096.24,Transferencia SPEI
TRX-90932,SOC-2815,PROD-512,2025-08-23,35.0,Efectivo
TRX-90933,SOC-3062,PROD-504,2025-03-09,950.0,Transferencia SPEI
TRX-90934,SOC-2518,PROD-512,2024-11-05,35.0,Transferencia SPEI
TRX-90935,SOC-3201,PROD-505,2026-01-21,480.0,Efectivo
TRX-90936,SOC-2224,PROD-511,2025-08-09,50.0,Tarjeta de Débito
TRX-90937,SOC-3668,PROD-503,2024-10-02,6999.0,Transferencia SPEI
TRX-90938,SOC-3432,PROD-505,2024-01-07,480.0,Transferencia SPEI
TRX-90939,SOC-2004,PROD-502,2024-03-12,1300.0,Transferencia SPEI
TRX-90940,SOC-3076,PROD-507,2025-11-01,750.0,Transferencia SPEI
TRX-90941,SOC-2350,PROD-503,2025-01-18,6999.0,Tarjeta de Crédito
TRX-90942,SOC-2406,PROD-508,2024-07-05,250.0,Efectivo
TRX-90943,SOC-2923,PROD-510,2026-04-13,75.0,Tarjeta de Crédito
TRX-90944,SOC-2121,PROD-512,2024-07-06,35.0,Tarjeta de Crédito
TRX-90945,SOC-2532,PROD-507,2025-03-27,750.0,Efectivo
TRX-90946,SOC-3779,PROD-511,2024-06-19,46.86,Efectivo
TRX-90947,SOC-2567,PROD-502,2024-12-16,1189.22,Transferencia SPEI
TRX-90948,SOC-3378,PROD-502,2024-01-10,1088.4,Efectivo
TRX-90949,SOC-3363,PROD-510,2026-03-19,75.0,Efectivo
TRX-90950,SOC-2433,PROD-509,2026-03-21,343.82,Tarjeta de Débito
TRX-90951,SOC-2996,PROD-508,2026-02-14,250.0,Transferencia SPEI
TRX-90952,SOC-2690,PROD-506,2025-11-29,550.0,Tarjeta de Débito
TRX-90953,SOC-3673,PROD-504,2025-01-04,950.0,Transferencia SPEI
TRX-90954,SOC-3251,PROD-501,2024-12-30,650.0,Efectivo
TRX-90955,SOC-2007,PROD-508,2025-12-16,250.0,Tarjeta de Crédito
TRX-90956,SOC-2053,PROD-510,2024-05-05,75.0,Tarjeta de Débito
TRX-90957,SOC-3433,PROD-504,2025-01-12,950.0,Transferencia SPEI
TRX-90958,SOC-3055,PROD-507,2025-11-07,750.0,Tarjeta de Débito
TRX-90959,SOC-2035,PROD-511,2025-01-03,50.0,Tarjeta de Débito
TRX-90960,SOC-3389,PROD-508,2024-08-27,250.0,Transferencia SPEI
TRX-90961,SOC-3514,PROD-510,2026-03-24,66.44,Transferencia SPEI
TRX-90962,SOC-3349,PROD-512,2024-04-12,35.0,Tarjeta de Débito
TRX-90963,SOC-3244,PROD-504,2025-12-30,828.39,Efectivo
TRX-90964,SOC-2262,PROD-508,2026-03-26,206.29,Transferencia SPEI
TRX-90965,SOC-2345,PROD-508,2024-04-28,250.0,Tarjeta de Crédito
TRX-90966,SOC-2499,PROD-504,2024-06-23,950.0,Efectivo
TRX-90967,SOC-2217,PROD-507,2026-01-02,607.99,Tarjeta de Débito
TRX-90968,SOC-2786,PROD-505,2024-08-13,480.0,Transferencia SPEI
TRX-90969,SOC-3374,PROD-502,2025-11-12,1130.76,Transferencia SPEI
TRX-90970,SOC-2186,PROD-512,2024-12-06,35.0,Efectivo
TRX-90971,SOC-3319,PROD-506,2025-01-21,550.0,Transferencia SPEI
TRX-90972,SOC-3340,PROD-511,2026-03-14,50.0,Transferencia SPEI
TRX-90973,SOC-3656,PROD-504,2024-08-16,950.0,Tarjeta de Débito
TRX-90974,SOC-2180,PROD-502,2024-04-01,1300.0,Tarjeta de Crédito
TRX-90975,SOC-3525,PROD-502,2025-08-09,1300.0,Tarjeta de Débito
TRX-90976,SOC-2779,PROD-510,2026-01-24,70.55,Tarjeta de Crédito
TRX-90977,SOC-3735,PROD-507,2025-03-09,750.0,Tarjeta de Débito
TRX-90978,SOC-3634,PROD-511,2026-03-26,42.519999999999996,Tarjeta de Crédito
TRX-90979,SOC-2219,PROD-507,2024-01-10,750.0,Transferencia SPEI
TRX-90980,SOC-2648,PROD-503,2026-04-15,6999.0,Tarjeta de Crédito
TRX-90981,SOC-3024,PROD-511,2025-04-11,45.37,Efectivo
TRX-90982,SOC-3227,PROD-506,2024-11-12,550.0,Efectivo
TRX-90983,SOC-2561,PROD-512,2025-08-10,35.0,Tarjeta de Crédito
TRX-90984,SOC-3014,PROD-505,2025-12-22,480.0,Efectivo
TRX-90985,SOC-3660,PROD-506,2024-06-05,550.0,Tarjeta de Crédito
TRX-90986,SOC-3737,PROD-512,2026-04-09,35.0,Efectivo
TRX-90987,SOC-3773,PROD-503,2025-05-14,6999.0,Tarjeta de Débito
TRX-90988,SOC-3670,PROD-511,2024-06-12,50.0,Transferencia SPEI
TRX-90989,SOC-2692,PROD-507,2025-11-25,750.0,Tarjeta de Débito
TRX-90990,SOC-3552,PROD-507,2025-02-04,630.74,Tarjeta de Débito
TRX-90991,SOC-3427,PROD-504,2025-12-18,950.0,Transferencia SPEI
TRX-90992,SOC-2200,PROD-503,2024-11-27,6999.0,Efectivo
TRX-90993,SOC-3741,PROD-512,2024-11-07,35.0,Tarjeta de Crédito
TRX-90994,SOC-3183,PROD-503,2025-03-28,6999.0,Tarjeta de Débito
TRX-90995,SOC-2297,PROD-504,2024-08-11,950.0,Tarjeta de Crédito
TRX-90996,SOC-3506,PROD-511,2024-01-10,50.0,Efectivo
TRX-90997,SOC-3390,PROD-503,2025-01-20,6999.0,Transferencia SPEI
TRX-90998,SOC-3392,PROD-503,2024-02-27,5626.33,Tarjeta de Crédito
TRX-90999,SOC-2108,PROD-502,2025-06-11,1300.0,Transferencia SPEI
TRX-91000,SOC-2305,PROD-511,2026-01-09,50.0,Efectivo
TRX-91001,SOC-2244,PROD-504,2025-02-10,950.0,Tarjeta de Crédito
TRX-91002,SOC-3337,PROD-512,2025-01-19,35.0,Efectivo
TRX-91003,SOC-3593,PROD-508,2026-04-17,250.0,Tarjeta de Débito
TRX-91004,SOC-3296,PROD-511,2025-03-31,50.0,Efectivo
TRX-91005,SOC-2239,PROD-502,2024-05-04,1300.0,Tarjeta de Crédito
TRX-91006,SOC-2048,PROD-510,2025-08-09,75.0,Transferencia SPEI
TRX-91007,SOC-2561,PROD-512,2026-02-02,30.14,Transferencia SPEI
TRX-91008,SOC-2992,PROD-511,2025-12-20,50.0,Tarjeta de Crédito
TRX-91009,SOC-2204,PROD-506,2024-03-06,550.0,Tarjeta de Crédito
TRX-91010,SOC-2831,PROD-512,2024-01-21,35.0,Transferencia SPEI
TRX-91011,SOC-2131,PROD-509,2025-08-21,400.0,Efectivo
TRX-91012,SOC-3544,PROD-504,2025-11-05,950.0,Tarjeta de Crédito
TRX-91013,SOC-3766,PROD-510,2025-12-12,75.0,Transferencia SPEI
TRX-91014,SOC-3640,PROD-506,2024-05-05,475.06,Tarjeta de Crédito
TRX-91015,SOC-2180,PROD-509,2024-09-19,400.0,Efectivo
TRX-91016,SOC-2174,PROD-502,2025-06-02,1300.0,Tarjeta de Crédito
TRX-91017,SOC-2867,PROD-511,2024-01-01,50.0,Efectivo
TRX-91018,SOC-3064,PROD-505,2025-11-05,480.0,Tarjeta de Crédito
TRX-91019,SOC-3182,PROD-508,2025-12-12,250.0,Tarjeta de Débito
TRX-91020,SOC-3242,PROD-509,2025-06-06,400.0,Efectivo
TRX-91021,SOC-3358,PROD-501,2024-08-30,603.69,Tarjeta de Crédito
TRX-91022,SOC-2275,PROD-510,2025-07-19,75.0,Tarjeta de Débito
TRX-91023,SOC-2569,PROD-503,2026-01-16,6999.0,Efectivo
TRX-91024,SOC-3127,PROD-505,2024-09-23,480.0,Tarjeta de Crédito
TRX-91025,SOC-2820,PROD-508,2024-03-26,250.0,Transferencia SPEI
TRX-91026,SOC-3423,PROD-503,2025-07-02,6999.0,Tarjeta de Débito
TRX-91027,SOC-3297,PROD-512,2025-10-23,35.0,Tarjeta de Débito
TRX-91028,SOC-3155,PROD-511,2025-10-25,50.0,Tarjeta de Crédito
TRX-91029,SOC-2860,PROD-503,2024-11-19,6999.0,Transferencia SPEI
TRX-91030,SOC-2777,PROD-501,2025-09-10,650.0,Tarjeta de Débito
TRX-91031,SOC-2256,PROD-509,2024-04-22,400.0,Transferencia SPEI
TRX-91032,SOC-2136,PROD-506,2025-10-17,447.49,Tarjeta de Débito
TRX-91033,SOC-2300,PROD-504,2024-10-07,848.76,Tarjeta de Crédito
TRX-91034,SOC-2776,PROD-502,2026-03-12,1300.0,Tarjeta de Crédito
TRX-91035,SOC-3079,PROD-512,2024-11-09,35.0,Transferencia SPEI
TRX-91036,SOC-2196,PROD-509,2024-12-23,400.0,Tarjeta de Débito
TRX-91037,SOC-3130,PROD-505,2025-09-14,452.55,Tarjeta de Débito
TRX-91038,SOC-3540,PROD-507,2024-07-04,750.0,Transferencia SPEI
TRX-91039,SOC-2977,PROD-510,2024-05-10,75.0,Tarjeta de Crédito
TRX-91040,SOC-3347,PROD-503,2024-05-26,6999.0,Tarjeta de Débito
TRX-91041,SOC-2109,PROD-512,2025-10-16,35.0,Tarjeta de Crédito
TRX-91042,SOC-3389,PROD-510,2025-03-04,75.0,Tarjeta de Crédito
TRX-91043,SOC-2899,PROD-506,2026-03-28,550.0,Tarjeta de Débito
TRX-91044,SOC-2565,PROD-507,2025-06-17,750.0,Tarjeta de Crédito
TRX-91045,SOC-2626,PROD-511,2024-03-30,50.0,Transferencia SPEI
TRX-91046,SOC-3579,PROD-506,2024-04-02,550.0,Efectivo
TRX-91047,SOC-3495,PROD-504,2024-04-05,950.0,Efectivo
TRX-91048,SOC-2174,PROD-512,2024-10-19,35.0,Transferencia SPEI
TRX-91049,SOC-3656,PROD-501,2025-03-10,650.0,Tarjeta de Crédito
TRX-91050,SOC-2983,PROD-508,2025-06-11,250.0,Efectivo
TRX-91051,SOC-2831,PROD-501,2025-09-23,650.0,Efectivo
TRX-91052,SOC-3463,PROD-507,2025-12-20,750.0,Tarjeta de Débito
TRX-91053,SOC-2501,PROD-512,2025-11-08,35.0,Efectivo
TRX-91054,SOC-3244,PROD-508,2024-06-21,250.0,Tarjeta de Crédito
TRX-91055,SOC-2359,PROD-502,2025-01-10,1300.0,Tarjeta de Débito
TRX-91056,SOC-2105,PROD-507,2025-05-22,750.0,Tarjeta de Débito
TRX-91057,SOC-2232,PROD-506,2025-11-26,550.0,Efectivo
TRX-91058,SOC-2595,PROD-505,2025-05-09,480.0,Tarjeta de Crédito
TRX-91059,SOC-2005,PROD-512,2025-10-08,35.0,Tarjeta de Crédito
TRX-91060,SOC-2625,PROD-511,2025-06-11,50.0,Efectivo
TRX-91061,SOC-2949,PROD-510,2025-05-14,71.18,Transferencia SPEI
TRX-91062,SOC-2673,PROD-505,2024-12-28,430.82,Tarjeta de Crédito
TRX-91063,SOC-2824,PROD-506,2024-01-10,481.90999999999997,Efectivo
TRX-91064,SOC-3084,PROD-509,2024-06-06,400.0,Transferencia SPEI
TRX-91065,SOC-2015,PROD-503,2026-02-26,6999.0,Tarjeta de Crédito
TRX-91066,SOC-2964,PROD-507,2025-01-18,750.0,Transferencia SPEI
TRX-91067,SOC-2374,PROD-509,2026-04-11,400.0,Transferencia SPEI
TRX-91068,SOC-3345,PROD-508,2024-06-14,209.48,Efectivo
TRX-91069,SOC-2736,PROD-512,2024-07-22,31.75,Tarjeta de Crédito
TRX-91070,SOC-2809,PROD-507,2026-01-31,750.0,Efectivo
TRX-91071,SOC-2329,PROD-511,2024-07-22,50.0,Tarjeta de Débito
TRX-91072,SOC-2244,PROD-507,2025-05-15,750.0,Tarjeta de Crédito
TRX-91073,SOC-2666,PROD-507,2025-05-28,750.0,Transferencia SPEI
TRX-91074,SOC-2270,PROD-502,2024-04-20,1300.0,Tarjeta de Crédito
TRX-91075,SOC-2319,PROD-506,2025-05-27,466.03,Efectivo
TRX-91076,SOC-3390,PROD-506,2025-03-15,550.0,Efectivo
TRX-91077,SOC-2890,PROD-508,2024-10-23,250.0,Efectivo
TRX-91078,SOC-3559,PROD-507,2024-09-10,750.0,Tarjeta de Crédito
TRX-91079,SOC-2511,PROD-505,2026-02-24,437.03,Tarjeta de Crédito
TRX-91080,SOC-3365,PROD-507,2024-07-22,750.0,Efectivo
TRX-91081,SOC-3436,PROD-512,2025-05-29,35.0,Tarjeta de Crédito
TRX-91082,SOC-3751,PROD-510,2025-10-06,75.0,Tarjeta de Crédito
TRX-91083,SOC-2247,PROD-503,2025-02-14,5609.28,Tarjeta de Crédito
TRX-91084,SOC-2874,PROD-501,2025-09-23,650.0,Efectivo
TRX-91085,SOC-2779,PROD-507,2025-06-21,750.0,Tarjeta de Crédito
TRX-91086,SOC-2455,PROD-506,2025-03-12,550.0,Transferencia SPEI
TRX-91087,SOC-3319,PROD-501,2024-11-07,582.05,Tarjeta de Débito
TRX-91088,SOC-3458,PROD-507,2024-09-09,750.0,Efectivo
TRX-91089,SOC-2373,PROD-501,2024-01-01,544.89,Tarjeta de Crédito
TRX-91090,SOC-2585,PROD-508,2024-10-13,250.0,Efectivo
TRX-91091,SOC-2883,PROD-503,2024-09-15,6999.0,Tarjeta de Débito
TRX-91092,SOC-2685,PROD-505,2024-04-24,455.02,Tarjeta de Crédito
TRX-91093,SOC-2679,PROD-506,2026-01-29,550.0,Tarjeta de Débito
TRX-91094,SOC-2488,PROD-511,2024-10-09,50.0,Transferencia SPEI
TRX-91095,SOC-2179,PROD-502,2024-05-13,1300.0,Efectivo
TRX-91096,SOC-2085,PROD-510,2025-11-01,75.0,Tarjeta de Crédito
TRX-91097,SOC-3444,PROD-508,2024-04-11,217.0,Tarjeta de Débito
TRX-91098,SOC-2618,PROD-512,2025-04-30,35.0,Tarjeta de Crédito
TRX-91099,SOC-3093,PROD-512,2024-06-06,32.24,Tarjeta de Débito
TRX-91100,SOC-3797,PROD-509,2024-12-21,400.0,Transferencia SPEI
TRX-91101,SOC-3290,PROD-512,2024-04-30,35.0,Efectivo
TRX-91102,SOC-2989,PROD-507,2025-06-20,750.0,Efectivo
TRX-91103,SOC-2342,PROD-510,2024-10-07,75.0,Tarjeta de Crédito
TRX-91104,SOC-2594,PROD-501,2025-08-02,522.6800000000001,Tarjeta de Crédito
TRX-91105,SOC-3517,PROD-507,2025-05-21,750.0,Efectivo
TRX-91106,SOC-2339,PROD-508,2026-02-07,250.0,Transferencia SPEI
TRX-91107,SOC-2821,PROD-510,2024-10-05,75.0,Efectivo
TRX-91108,SOC-2328,PROD-510,2024-08-11,75.0,Efectivo
TRX-91109,SOC-3620,PROD-509,2025-04-11,400.0,Tarjeta de Débito
TRX-91110,SOC-2622,PROD-504,2024-10-30,950.0,Efectivo
TRX-91111,SOC-2351,PROD-504,2024-02-16,950.0,Tarjeta de Débito
TRX-91112,SOC-2081,PROD-511,2024-05-31,50.0,Tarjeta de Débito
TRX-91113,SOC-2273,PROD-505,2026-03-20,385.44,Tarjeta de Crédito
TRX-91114,SOC-3095,PROD-502,2024-01-02,1300.0,Tarjeta de Débito
TRX-91115,SOC-2665,PROD-502,2025-12-23,1300.0,Tarjeta de Débito
TRX-91116,SOC-3479,PROD-503,2025-02-22,6999.0,Tarjeta de Débito
TRX-91117,SOC-2665,PROD-501,2025-10-02,650.0,Tarjeta de Débito
TRX-91118,SOC-2450,PROD-512,2024-10-13,35.0,Efectivo
TRX-91119,SOC-3101,PROD-511,2026-03-07,50.0,Efectivo
TRX-91120,SOC-3480,PROD-512,2025-12-05,35.0,Tarjeta de Débito
TRX-91121,SOC-3782,PROD-511,2025-10-11,50.0,Tarjeta de Crédito
TRX-91122,SOC-3673,PROD-508,2024-08-13,250.0,Tarjeta de Crédito
TRX-91123,SOC-3192,PROD-511,2026-04-07,50.0,Transferencia SPEI
TRX-91124,SOC-2319,PROD-508,2024-08-25,250.0,Transferencia SPEI
TRX-91125,SOC-2755,PROD-503,2025-05-05,6458.49,Tarjeta de Crédito
TRX-91126,SOC-3671,PROD-503,2024-07-12,6999.0,Tarjeta de Crédito
TRX-91127,SOC-3327,PROD-505,2024-01-22,480.0,Tarjeta de Crédito
TRX-91128,SOC-3675,PROD-507,2025-12-04,750.0,Efectivo
TRX-91129,SOC-2294,PROD-502,2025-03-12,1300.0,Transferencia SPEI
TRX-91130,SOC-2206,PROD-512,2025-06-23,29.31,Efectivo
TRX-91131,SOC-3236,PROD-502,2025-01-21,1300.0,Efectivo
TRX-91132,SOC-3693,PROD-501,2026-02-20,650.0,Efectivo
TRX-91133,SOC-2271,PROD-504,2026-02-27,882.17,Efectivo
TRX-91134,SOC-3623,PROD-501,2026-03-21,545.73,Tarjeta de Débito
TRX-91135,SOC-3747,PROD-512,2024-03-28,35.0,Transferencia SPEI
TRX-91136,SOC-3556,PROD-510,2025-03-30,75.0,Tarjeta de Débito
TRX-91137,SOC-2680,PROD-508,2024-06-07,250.0,Tarjeta de Débito
TRX-91138,SOC-3286,PROD-509,2024-05-06,377.33,Tarjeta de Débito
TRX-91139,SOC-2211,PROD-509,2025-03-01,325.27,Efectivo
TRX-91140,SOC-2465,PROD-507,2025-01-29,638.77,Tarjeta de Crédito
TRX-91141,SOC-3402,PROD-507,2025-12-04,750.0,Efectivo
TRX-91142,SOC-3008,PROD-503,2024-04-22,6999.0,Tarjeta de Débito
TRX-91143,SOC-2732,PROD-502,2025-09-22,1300.0,Tarjeta de Débito
TRX-91144,SOC-2174,PROD-501,2025-09-11,650.0,Transferencia SPEI
TRX-91145,SOC-3087,PROD-506,2025-09-06,550.0,Transferencia SPEI
TRX-91146,SOC-2308,PROD-511,2025-12-04,50.0,Tarjeta de Débito
TRX-91147,SOC-2714,PROD-502,2024-10-04,1300.0,Tarjeta de Débito
TRX-91148,SOC-2544,PROD-512,2026-03-28,33.24,Tarjeta de Crédito
TRX-91149,SOC-3593,PROD-511,2024-05-30,50.0,Transferencia SPEI
TRX-91150,SOC-2915,PROD-512,2026-03-26,35.0,Transferencia SPEI
TRX-91151,SOC-3669,PROD-502,2024-04-25,1300.0,Tarjeta de Débito
TRX-91152,SOC-2297,PROD-502,2024-11-26,1300.0,Tarjeta de Crédito
TRX-91153,SOC-3572,PROD-507,2024-12-27,750.0,Transferencia SPEI
TRX-91154,SOC-2986,PROD-512,2025-02-27,35.0,Tarjeta de Débito
TRX-91155,SOC-2284,PROD-511,2024-09-08,50.0,Transferencia SPEI
TRX-91156,SOC-3104,PROD-509,2025-05-19,400.0,Tarjeta de Crédito
TRX-91157,SOC-2788,PROD-502,2025-08-17,1300.0,Tarjeta de Crédito
TRX-91158,SOC-3440,PROD-502,2024-08-28,1300.0,Tarjeta de Crédito
TRX-91159,SOC-3743,PROD-501,2025-01-06,650.0,Tarjeta de Crédito
TRX-91160,SOC-2226,PROD-501,2024-12-23,650.0,Tarjeta de Crédito
TRX-91161,SOC-2604,PROD-508,2024-05-27,250.0,Transferencia SPEI
TRX-91162,SOC-2497,PROD-504,2026-04-27,950.0,Tarjeta de Crédito
TRX-91163,SOC-2241,PROD-512,2025-12-21,29.4,Transferencia SPEI
TRX-91164,SOC-2762,PROD-501,2025-12-19,560.79,Transferencia SPEI
TRX-91165,SOC-3716,PROD-510,2024-06-10,67.14,Efectivo
TRX-91166,SOC-2502,PROD-502,2024-01-13,1300.0,Transferencia SPEI
TRX-91167,SOC-2307,PROD-503,2025-04-26,6999.0,Tarjeta de Débito
TRX-91168,SOC-2963,PROD-507,2026-01-09,750.0,Efectivo
TRX-91169,SOC-2588,PROD-502,2024-06-08,1109.72,Tarjeta de Crédito
TRX-91170,SOC-3031,PROD-503,2024-01-12,6999.0,Transferencia SPEI
TRX-91171,SOC-3393,PROD-508,2025-07-21,250.0,Tarjeta de Débito
TRX-91172,SOC-3172,PROD-509,2024-11-09,400.0,Transferencia SPEI
TRX-91173,SOC-2322,PROD-505,2024-04-04,480.0,Tarjeta de Crédito
TRX-91174,SOC-3522,PROD-504,2025-02-14,950.0,Tarjeta de Crédito
TRX-91175,SOC-2804,PROD-503,2026-04-22,6999.0,Efectivo
TRX-91176,SOC-3673,PROD-512,2025-04-24,35.0,Transferencia SPEI
TRX-91177,SOC-3695,PROD-507,2024-06-17,670.71,Transferencia SPEI
TRX-91178,SOC-2399,PROD-505,2024-04-21,429.89,Tarjeta de Débito
TRX-91179,SOC-2058,PROD-504,2024-10-15,950.0,Efectivo
TRX-91180,SOC-2134,PROD-504,2025-09-03,772.87,Tarjeta de Crédito
TRX-91181,SOC-3130,PROD-504,2025-10-15,950.0,Tarjeta de Crédito
TRX-91182,SOC-2552,PROD-502,2025-08-06,1300.0,Transferencia SPEI
TRX-91183,SOC-2094,PROD-501,2024-11-18,587.41,Tarjeta de Débito
TRX-91184,SOC-3540,PROD-505,2025-02-11,480.0,Tarjeta de Débito
TRX-91185,SOC-3540,PROD-507,2026-01-13,750.0,Tarjeta de Crédito
TRX-91186,SOC-3440,PROD-511,2024-04-09,50.0,Efectivo
TRX-91187,SOC-3029,PROD-503,2024-01-25,6999.0,Transferencia SPEI
TRX-91188,SOC-2977,PROD-510,2024-02-08,75.0,Tarjeta de Crédito
TRX-91189,SOC-3398,PROD-508,2024-03-21,250.0,Efectivo
TRX-91190,SOC-3472,PROD-504,2024-08-08,950.0,Tarjeta de Crédito
TRX-91191,SOC-3575,PROD-512,2024-06-13,35.0,Tarjeta de Débito
TRX-91192,SOC-2917,PROD-503,2024-12-13,6999.0,Transferencia SPEI
TRX-91193,SOC-2082,PROD-512,2026-03-03,35.0,Tarjeta de Crédito
TRX-91194,SOC-2428,PROD-510,2025-09-13,69.54,Transferencia SPEI
TRX-91195,SOC-2200,PROD-501,2024-05-26,650.0,Tarjeta de Débito
TRX-91196,SOC-3121,PROD-502,2025-05-25,1173.82,Tarjeta de Débito
TRX-91197,SOC-2331,PROD-502,2024-10-13,1300.0,Tarjeta de Débito
TRX-91198,SOC-2183,PROD-502,2024-07-02,1300.0,Transferencia SPEI
TRX-91199,SOC-2529,PROD-508,2024-09-19,250.0,Transferencia SPEI
TRX-91200,SOC-3332,PROD-503,2024-05-06,6999.0,Transferencia SPEI
TRX-91201,SOC-2082,PROD-506,2024-10-20,550.0,Tarjeta de Crédito
TRX-91202,SOC-2903,PROD-506,2025-06-08,550.0,Tarjeta de Débito
TRX-91203,SOC-2766,PROD-502,2025-11-29,1300.0,Transferencia SPEI
TRX-91204,SOC-2539,PROD-511,2024-02-13,50.0,Efectivo
TRX-91205,SOC-3518,PROD-504,2025-12-17,950.0,Efectivo
TRX-91206,SOC-2317,PROD-502,2024-10-24,1300.0,Transferencia SPEI
TRX-91207,SOC-3749,PROD-502,2024-08-16,1300.0,Transferencia SPEI
TRX-91208,SOC-3371,PROD-502,2024-12-23,1300.0,Transferencia SPEI
TRX-91209,SOC-2224,PROD-502,2024-07-03,1300.0,Transferencia SPEI
TRX-91210,SOC-3574,PROD-507,2024-07-23,750.0,Efectivo
TRX-91211,SOC-2650,PROD-506,2025-09-10,550.0,Transferencia SPEI
TRX-91212,SOC-2235,PROD-505,2025-04-10,444.79,Transferencia SPEI
TRX-91213,SOC-2299,PROD-511,2024-08-06,50.0,Efectivo
TRX-91214,SOC-3232,PROD-507,2024-03-04,750.0,Tarjeta de Débito
TRX-91215,SOC-3618,PROD-507,2025-04-29,750.0,Tarjeta de Crédito
TRX-91216,SOC-3778,PROD-501,2026-02-15,650.0,Tarjeta de Débito
TRX-91217,SOC-2517,PROD-511,2024-06-29,46.98,Transferencia SPEI
TRX-91218,SOC-2168,PROD-505,2025-12-30,480.0,Transferencia SPEI
TRX-91219,SOC-3075,PROD-504,2025-11-16,950.0,Tarjeta de Crédito
TRX-91220,SOC-3701,PROD-501,2024-04-04,650.0,Transferencia SPEI
TRX-91221,SOC-2701,PROD-505,2024-06-17,480.0,Transferencia SPEI
TRX-91222,SOC-2987,PROD-508,2025-07-02,250.0,Tarjeta de Crédito
TRX-91223,SOC-3427,PROD-507,2024-12-29,750.0,Transferencia SPEI
TRX-91224,SOC-3686,PROD-501,2025-07-28,650.0,Tarjeta de Crédito
TRX-91225,SOC-2160,PROD-512,2025-11-14,35.0,Tarjeta de Crédito
TRX-91226,SOC-2664,PROD-511,2026-04-23,50.0,Tarjeta de Débito
TRX-91227,SOC-2030,PROD-503,2025-04-14,6999.0,Transferencia SPEI
TRX-91228,SOC-3771,PROD-506,2024-04-26,550.0,Transferencia SPEI
TRX-91229,SOC-2539,PROD-509,2026-01-09,352.97,Tarjeta de Crédito
TRX-91230,SOC-3300,PROD-508,2025-10-16,250.0,Efectivo
TRX-91231,SOC-2075,PROD-504,2026-02-02,950.0,Transferencia SPEI
TRX-91232,SOC-3427,PROD-509,2026-03-03,400.0,Transferencia SPEI
TRX-91233,SOC-2443,PROD-506,2024-08-02,550.0,Efectivo
TRX-91234,SOC-2759,PROD-506,2024-01-17,550.0,Tarjeta de Débito
TRX-91235,SOC-3029,PROD-502,2025-12-17,1300.0,Transferencia SPEI
TRX-91236,SOC-2848,PROD-507,2024-12-26,750.0,Transferencia SPEI
TRX-91237,SOC-3072,PROD-506,2024-04-26,550.0,Transferencia SPEI
TRX-91238,SOC-2878,PROD-506,2024-06-30,550.0,Tarjeta de Crédito
TRX-91239,SOC-3112,PROD-507,2025-01-25,750.0,Transferencia SPEI
TRX-91240,SOC-3299,PROD-505,2025-12-19,480.0,Efectivo
TRX-91241,SOC-2180,PROD-502,2024-04-01,1300.0,Transferencia SPEI
TRX-91242,SOC-2213,PROD-508,2026-02-06,250.0,Efectivo
TRX-91243,SOC-3298,PROD-508,2025-05-30,250.0,Efectivo
TRX-91244,SOC-3368,PROD-505,2025-03-06,480.0,Transferencia SPEI
TRX-91245,SOC-3130,PROD-507,2024-04-27,750.0,Transferencia SPEI
TRX-91246,SOC-2255,PROD-506,2026-03-23,550.0,Transferencia SPEI
TRX-91247,SOC-3681,PROD-511,2025-12-21,50.0,Transferencia SPEI
TRX-91248,SOC-2016,PROD-506,2026-03-11,550.0,Tarjeta de Débito
TRX-91249,SOC-2549,PROD-511,2024-09-27,50.0,Transferencia SPEI
TRX-91250,SOC-3379,PROD-504,2024-01-05,950.0,Transferencia SPEI
TRX-91251,SOC-2067,PROD-501,2024-01-27,650.0,Tarjeta de Débito
TRX-91252,SOC-3722,PROD-509,2026-04-19,400.0,Tarjeta de Débito
TRX-91253,SOC-2687,PROD-503,2025-08-08,6999.0,Tarjeta de Crédito
TRX-91254,SOC-3139,PROD-507,2024-07-16,750.0,Transferencia SPEI
TRX-91255,SOC-3697,PROD-501,2026-03-31,650.0,Transferencia SPEI
TRX-91256,SOC-2264,PROD-511,2025-02-03,50.0,Tarjeta de Crédito
TRX-91257,SOC-2826,PROD-506,2025-06-13,550.0,Tarjeta de Crédito
TRX-91258,SOC-2204,PROD-512,2026-03-31,32.63,Transferencia SPEI
TRX-91259,SOC-3727,PROD-511,2024-09-23,50.0,Tarjeta de Crédito
TRX-91260,SOC-2661,PROD-504,2024-04-05,840.17,Tarjeta de Crédito
TRX-91261,SOC-2057,PROD-510,2025-12-25,75.0,Efectivo
TRX-91262,SOC-3172,PROD-507,2024-01-26,750.0,Tarjeta de Crédito
TRX-91263,SOC-2930,PROD-511,2025-10-08,50.0,Tarjeta de Crédito
TRX-91264,SOC-2491,PROD-511,2024-08-15,50.0,Tarjeta de Crédito
TRX-91265,SOC-3488,PROD-507,2026-02-27,750.0,Efectivo
TRX-91266,SOC-2564,PROD-502,2024-05-27,1300.0,Efectivo
TRX-91267,SOC-2228,PROD-508,2025-09-02,232.18,Tarjeta de Débito
TRX-91268,SOC-2370,PROD-502,2024-03-20,1300.0,Tarjeta de Débito
TRX-91269,SOC-3717,PROD-504,2025-02-04,789.15,Transferencia SPEI
TRX-91270,SOC-2151,PROD-508,2025-10-02,211.72,Transferencia SPEI
TRX-91271,SOC-2643,PROD-511,2025-04-06,50.0,Tarjeta de Crédito
TRX-91272,SOC-2612,PROD-501,2024-07-01,650.0,Efectivo
TRX-91273,SOC-2241,PROD-506,2024-12-21,550.0,Efectivo
TRX-91274,SOC-2325,PROD-509,2026-01-29,400.0,Efectivo
TRX-91275,SOC-2395,PROD-510,2024-01-31,75.0,Tarjeta de Crédito
TRX-91276,SOC-2443,PROD-506,2024-04-27,550.0,Efectivo
TRX-91277,SOC-2671,PROD-503,2024-08-13,5922.97,Tarjeta de Crédito
TRX-91278,SOC-2549,PROD-505,2025-05-08,480.0,Efectivo
TRX-91279,SOC-2714,PROD-512,2025-07-18,35.0,Transferencia SPEI
TRX-91280,SOC-3527,PROD-508,2025-03-22,250.0,Transferencia SPEI
TRX-91281,SOC-2396,PROD-505,2024-06-26,480.0,Tarjeta de Débito
TRX-91282,SOC-2805,PROD-502,2025-08-20,1300.0,Tarjeta de Débito
TRX-91283,SOC-2340,PROD-504,2026-01-09,950.0,Transferencia SPEI
TRX-91284,SOC-2868,PROD-510,2026-02-04,75.0,Tarjeta de Débito
TRX-91285,SOC-3276,PROD-502,2025-09-13,1300.0,Tarjeta de Crédito
TRX-91286,SOC-3162,PROD-506,2025-01-17,550.0,Efectivo
TRX-91287,SOC-2921,PROD-503,2024-02-04,6999.0,Tarjeta de Débito
TRX-91288,SOC-3202,PROD-507,2024-10-27,750.0,Tarjeta de Débito
TRX-91289,SOC-2816,PROD-501,2024-04-27,650.0,Tarjeta de Débito
TRX-91290,SOC-2880,PROD-503,2025-01-01,6999.0,Tarjeta de Crédito
TRX-91291,SOC-3346,PROD-506,2025-01-15,496.56,Efectivo
TRX-91292,SOC-2653,PROD-512,2024-01-12,35.0,Tarjeta de Crédito
TRX-91293,SOC-2954,PROD-510,2026-03-25,75.0,Tarjeta de Crédito
TRX-91294,SOC-3151,PROD-502,2025-01-29,1300.0,Tarjeta de Crédito
TRX-91295,SOC-3080,PROD-504,2024-04-15,950.0,Efectivo
TRX-91296,SOC-3176,PROD-511,2025-03-07,50.0,Transferencia SPEI
TRX-91297,SOC-2651,PROD-506,2024-07-21,550.0,Transferencia SPEI
TRX-91298,SOC-3022,PROD-501,2024-10-08,650.0,Efectivo
TRX-91299,SOC-2928,PROD-503,2025-09-07,6999.0,Transferencia SPEI
TRX-91300,SOC-2485,PROD-510,2024-01-22,75.0,Efectivo
TRX-91301,SOC-2946,PROD-505,2024-05-14,480.0,Transferencia SPEI
TRX-91302,SOC-2076,PROD-509,2025-06-24,341.31,Efectivo
TRX-91303,SOC-2963,PROD-502,2026-04-29,1300.0,Tarjeta de Débito
TRX-91304,SOC-2563,PROD-506,2026-02-10,550.0,Efectivo
TRX-91305,SOC-3140,PROD-506,2025-05-20,550.0,Transferencia SPEI
TRX-91306,SOC-2612,PROD-512,2025-04-10,35.0,Efectivo
TRX-91307,SOC-3727,PROD-506,2025-09-24,504.02,Efectivo
TRX-91308,SOC-2285,PROD-502,2024-11-26,1300.0,Transferencia SPEI
TRX-91309,SOC-2464,PROD-503,2024-03-31,6999.0,Tarjeta de Débito
TRX-91310,SOC-3672,PROD-509,2024-01-06,400.0,Efectivo
TRX-91311,SOC-2532,PROD-501,2024-04-23,587.83,Tarjeta de Débito
TRX-91312,SOC-2675,PROD-512,2025-09-19,35.0,Transferencia SPEI
TRX-91313,SOC-2553,PROD-512,2024-06-23,35.0,Transferencia SPEI
TRX-91314,SOC-2246,PROD-503,2024-11-22,6999.0,Transferencia SPEI
TRX-91315,SOC-3305,PROD-508,2025-11-15,217.72,Transferencia SPEI
TRX-91316,SOC-3355,PROD-508,2024-10-14,250.0,Transferencia SPEI
TRX-91317,SOC-2463,PROD-502,2024-09-27,1300.0,Efectivo
TRX-91318,SOC-2723,PROD-509,2024-09-05,400.0,Tarjeta de Crédito
TRX-91319,SOC-3424,PROD-502,2024-03-17,1300.0,Efectivo
TRX-91320,SOC-2436,PROD-501,2025-11-17,650.0,Transferencia SPEI
TRX-91321,SOC-2385,PROD-508,2024-04-17,250.0,Tarjeta de Débito
TRX-91322,SOC-3558,PROD-505,2025-12-26,480.0,Tarjeta de Crédito
TRX-91323,SOC-3737,PROD-509,2024-04-18,400.0,Tarjeta de Crédito
TRX-91324,SOC-2745,PROD-507,2025-04-08,750.0,Tarjeta de Crédito
TRX-91325,SOC-3598,PROD-507,2024-07-11,664.9,Tarjeta de Débito
TRX-91326,SOC-3782,PROD-510,2025-10-25,66.06,Efectivo
TRX-91327,SOC-3526,PROD-502,2024-09-03,1145.13,Tarjeta de Débito
TRX-91328,SOC-2059,PROD-508,2025-11-08,250.0,Tarjeta de Débito
TRX-91329,SOC-2544,PROD-502,2025-07-17,1150.8600000000001,Tarjeta de Crédito
TRX-91330,SOC-2813,PROD-509,2025-03-17,400.0,Efectivo
TRX-91331,SOC-2904,PROD-505,2025-01-13,409.3,Transferencia SPEI
TRX-91332,SOC-2398,PROD-505,2024-07-12,480.0,Tarjeta de Débito
TRX-91333,SOC-3085,PROD-510,2025-05-20,75.0,Efectivo
TRX-91334,SOC-3396,PROD-501,2025-10-23,650.0,Efectivo
TRX-91335,SOC-2450,PROD-502,2024-02-24,1300.0,Tarjeta de Débito
TRX-91336,SOC-2489,PROD-502,2025-06-28,1190.84,Transferencia SPEI
TRX-91337,SOC-2803,PROD-507,2024-04-13,750.0,Tarjeta de Débito
TRX-91338,SOC-3015,PROD-504,2024-06-24,950.0,Tarjeta de Débito
TRX-91339,SOC-3305,PROD-505,2025-12-23,480.0,Efectivo
TRX-91340,SOC-2194,PROD-503,2025-05-30,6999.0,Transferencia SPEI
TRX-91341,SOC-3514,PROD-505,2025-12-05,480.0,Tarjeta de Débito
TRX-91342,SOC-3396,PROD-502,2024-06-19,1300.0,Transferencia SPEI
TRX-91343,SOC-2291,PROD-501,2025-11-13,650.0,Tarjeta de Débito
TRX-91344,SOC-2043,PROD-503,2024-09-27,6999.0,Tarjeta de Crédito
TRX-91345,SOC-3392,PROD-501,2025-08-31,650.0,Transferencia SPEI
TRX-91346,SOC-3195,PROD-501,2025-05-15,650.0,Transferencia SPEI
TRX-91347,SOC-2225,PROD-501,2026-04-18,551.2,Tarjeta de Débito
TRX-91348,SOC-3711,PROD-504,2025-06-21,950.0,Tarjeta de Crédito
TRX-91349,SOC-3588,PROD-502,2024-04-12,1300.0,Tarjeta de Débito
TRX-91350,SOC-2927,PROD-508,2026-01-22,250.0,Tarjeta de Débito
TRX-91351,SOC-3359,PROD-508,2024-09-16,250.0,Efectivo
TRX-91352,SOC-3696,PROD-506,2024-11-04,550.0,Transferencia SPEI
TRX-91353,SOC-2231,PROD-505,2025-12-03,480.0,Efectivo
TRX-91354,SOC-2303,PROD-507,2024-08-13,750.0,Tarjeta de Crédito
TRX-91355,SOC-2732,PROD-508,2024-02-01,250.0,Transferencia SPEI
TRX-91356,SOC-2737,PROD-504,2026-02-01,771.31,Transferencia SPEI
TRX-91357,SOC-3309,PROD-502,2024-10-07,1300.0,Transferencia SPEI
TRX-91358,SOC-3795,PROD-509,2024-06-28,400.0,Tarjeta de Débito
TRX-91359,SOC-2679,PROD-507,2025-08-26,750.0,Tarjeta de Débito
TRX-91360,SOC-2634,PROD-504,2024-02-12,950.0,Tarjeta de Débito
TRX-91361,SOC-3709,PROD-510,2024-05-05,75.0,Transferencia SPEI
TRX-91362,SOC-3161,PROD-506,2024-10-22,521.81,Tarjeta de Crédito
TRX-91363,SOC-2956,PROD-511,2024-06-02,50.0,Tarjeta de Débito
TRX-91364,SOC-3278,PROD-509,2025-11-11,400.0,Transferencia SPEI
TRX-91365,SOC-2591,PROD-502,2026-03-29,1300.0,Transferencia SPEI
TRX-91366,SOC-2084,PROD-504,2024-10-16,950.0,Efectivo
TRX-91367,SOC-2109,PROD-508,2024-11-09,224.29,Efectivo
TRX-91368,SOC-2103,PROD-505,2024-05-21,480.0,Tarjeta de Débito
TRX-91369,SOC-3609,PROD-509,2025-11-12,400.0,Tarjeta de Crédito
TRX-91370,SOC-2177,PROD-512,2024-10-04,29.4,Transferencia SPEI
TRX-91371,SOC-3199,PROD-502,2024-10-24,1300.0,Transferencia SPEI
TRX-91372,SOC-2727,PROD-504,2026-04-11,950.0,Transferencia SPEI
TRX-91373,SOC-2866,PROD-507,2024-04-10,750.0,Tarjeta de Débito
TRX-91374,SOC-3223,PROD-505,2024-06-26,480.0,Tarjeta de Débito
TRX-91375,SOC-3648,PROD-510,2024-05-22,75.0,Tarjeta de Crédito
TRX-91376,SOC-2513,PROD-503,2025-03-02,6999.0,Tarjeta de Débito
TRX-91377,SOC-2625,PROD-502,2024-10-31,1300.0,Transferencia SPEI
TRX-91378,SOC-3118,PROD-503,2025-01-19,6999.0,Transferencia SPEI
TRX-91379,SOC-2197,PROD-503,2025-06-23,6999.0,Tarjeta de Débito
TRX-91380,SOC-3032,PROD-511,2025-12-30,50.0,Tarjeta de Débito
TRX-91381,SOC-2876,PROD-508,2025-03-06,250.0,Transferencia SPEI
TRX-91382,SOC-2057,PROD-509,2024-01-28,400.0,Transferencia SPEI
TRX-91383,SOC-2182,PROD-503,2025-09-21,6999.0,Tarjeta de Crédito
TRX-91384,SOC-3189,PROD-509,2025-01-17,347.4,Tarjeta de Débito
TRX-91385,SOC-2110,PROD-507,2024-05-08,750.0,Efectivo
TRX-91386,SOC-2948,PROD-509,2025-04-16,400.0,Efectivo
TRX-91387,SOC-2113,PROD-505,2026-04-29,480.0,Efectivo
TRX-91388,SOC-2683,PROD-510,2024-04-09,75.0,Transferencia SPEI
TRX-91389,SOC-3415,PROD-506,2024-03-03,474.27,Efectivo
TRX-91390,SOC-3437,PROD-504,2025-06-12,796.99,Transferencia SPEI
TRX-91391,SOC-2280,PROD-504,2025-11-22,950.0,Tarjeta de Crédito
TRX-91392,SOC-2617,PROD-511,2024-11-14,50.0,Efectivo
TRX-91393,SOC-3650,PROD-508,2025-09-30,250.0,Efectivo
TRX-91394,SOC-2138,PROD-501,2024-06-05,650.0,Efectivo
TRX-91395,SOC-3065,PROD-502,2024-09-10,1300.0,Transferencia SPEI
TRX-91396,SOC-2051,PROD-509,2025-03-30,400.0,Efectivo
TRX-91397,SOC-2615,PROD-507,2025-05-10,750.0,Tarjeta de Crédito
TRX-91398,SOC-3724,PROD-509,2024-09-23,400.0,Transferencia SPEI
TRX-91399,SOC-3760,PROD-511,2025-09-23,46.4,Efectivo
TRX-91400,SOC-2379,PROD-503,2026-04-18,6999.0,Tarjeta de Crédito
TRX-91401,SOC-2350,PROD-509,2026-01-29,400.0,Tarjeta de Crédito
TRX-91402,SOC-2976,PROD-508,2024-10-23,250.0,Efectivo
TRX-91403,SOC-3206,PROD-508,2025-01-11,250.0,Transferencia SPEI
TRX-91404,SOC-2791,PROD-512,2026-03-30,31.06,Transferencia SPEI
TRX-91405,SOC-2304,PROD-501,2024-10-17,650.0,Transferencia SPEI
TRX-91406,SOC-2023,PROD-510,2024-11-06,63.93,Transferencia SPEI
TRX-91407,SOC-2088,PROD-506,2024-05-22,550.0,Transferencia SPEI
TRX-91408,SOC-2568,PROD-501,2024-06-11,650.0,Tarjeta de Crédito
TRX-91409,SOC-2715,PROD-512,2025-06-21,35.0,Efectivo
TRX-91410,SOC-2358,PROD-511,2024-06-04,50.0,Tarjeta de Débito
TRX-91411,SOC-2942,PROD-512,2026-03-16,29.13,Tarjeta de Débito
TRX-91412,SOC-2807,PROD-502,2025-10-22,1300.0,Transferencia SPEI
TRX-91413,SOC-3241,PROD-511,2024-07-03,50.0,Tarjeta de Débito
TRX-91414,SOC-2266,PROD-512,2024-11-27,35.0,Tarjeta de Débito
TRX-91415,SOC-3198,PROD-510,2026-04-29,75.0,Efectivo
TRX-91416,SOC-2061,PROD-512,2024-06-11,35.0,Efectivo
TRX-91417,SOC-3023,PROD-511,2025-05-02,50.0,Tarjeta de Crédito
TRX-91418,SOC-3581,PROD-512,2026-03-25,35.0,Tarjeta de Crédito
TRX-91419,SOC-3492,PROD-507,2026-02-12,750.0,Efectivo
TRX-91420,SOC-2127,PROD-510,2024-09-13,61.72,Efectivo
TRX-91421,SOC-2905,PROD-506,2025-09-13,550.0,Efectivo
TRX-91422,SOC-2357,PROD-506,2024-04-20,550.0,Transferencia SPEI
TRX-91423,SOC-2273,PROD-511,2025-08-10,50.0,Tarjeta de Crédito
TRX-91424,SOC-2518,PROD-508,2025-03-24,250.0,Tarjeta de Crédito
TRX-91425,SOC-2413,PROD-512,2024-06-14,35.0,Tarjeta de Crédito
TRX-91426,SOC-2177,PROD-510,2024-01-25,75.0,Efectivo
TRX-91427,SOC-2417,PROD-501,2026-04-09,616.99,Transferencia SPEI
TRX-91428,SOC-3164,PROD-509,2024-03-14,400.0,Transferencia SPEI
TRX-91429,SOC-2390,PROD-504,2025-08-07,950.0,Tarjeta de Débito
TRX-91430,SOC-2731,PROD-510,2025-07-26,75.0,Efectivo
TRX-91431,SOC-2899,PROD-507,2025-10-02,750.0,Efectivo
TRX-91432,SOC-3166,PROD-502,2024-05-10,1300.0,Tarjeta de Débito
TRX-91433,SOC-2207,PROD-502,2025-05-25,1300.0,Tarjeta de Débito
TRX-91434,SOC-2047,PROD-504,2026-04-21,950.0,Tarjeta de Débito
TRX-91435,SOC-2800,PROD-512,2025-01-01,28.67,Tarjeta de Débito
TRX-91436,SOC-2154,PROD-509,2025-08-12,400.0,Tarjeta de Débito
TRX-91437,SOC-2818,PROD-510,2024-02-28,75.0,Efectivo
TRX-91438,SOC-3194,PROD-508,2024-09-26,250.0,Efectivo
TRX-91439,SOC-2693,PROD-507,2024-09-24,750.0,Efectivo
TRX-91440,SOC-2286,PROD-504,2025-07-14,950.0,Tarjeta de Débito
TRX-91441,SOC-3552,PROD-511,2024-03-04,50.0,Efectivo
TRX-91442,SOC-3650,PROD-510,2025-09-16,75.0,Efectivo
TRX-91443,SOC-2709,PROD-502,2025-03-02,1300.0,Efectivo
TRX-91444,SOC-3130,PROD-508,2024-05-12,250.0,Efectivo
TRX-91445,SOC-2214,PROD-501,2025-05-23,650.0,Tarjeta de Débito
TRX-91446,SOC-2884,PROD-508,2024-11-06,250.0,Tarjeta de Crédito
TRX-91447,SOC-2044,PROD-501,2024-01-27,650.0,Tarjeta de Crédito
TRX-91448,SOC-3095,PROD-510,2025-01-23,75.0,Efectivo
TRX-91449,SOC-3132,PROD-508,2024-02-23,250.0,Transferencia SPEI
TRX-91450,SOC-3425,PROD-503,2025-03-16,6999.0,Tarjeta de Crédito
TRX-91451,SOC-2237,PROD-508,2024-04-30,250.0,Tarjeta de Débito
TRX-91452,SOC-2721,PROD-504,2024-12-17,950.0,Efectivo
TRX-91453,SOC-2488,PROD-504,2024-04-04,950.0,Tarjeta de Crédito
TRX-91454,SOC-2846,PROD-512,2026-02-09,35.0,Efectivo
TRX-91455,SOC-3643,PROD-501,2026-01-07,650.0,Efectivo
TRX-91456,SOC-2157,PROD-501,2024-05-09,650.0,Tarjeta de Débito
TRX-91457,SOC-2090,PROD-506,2024-12-24,550.0,Tarjeta de Crédito
TRX-91458,SOC-2599,PROD-503,2025-09-12,6999.0,Efectivo
TRX-91459,SOC-3345,PROD-502,2024-03-19,1300.0,Tarjeta de Crédito
TRX-91460,SOC-3014,PROD-512,2026-01-22,35.0,Tarjeta de Crédito
TRX-91461,SOC-2909,PROD-512,2024-11-05,35.0,Tarjeta de Débito
TRX-91462,SOC-3780,PROD-511,2024-09-07,50.0,Tarjeta de Débito
TRX-91463,SOC-2654,PROD-512,2025-07-08,35.0,Efectivo
TRX-91464,SOC-2710,PROD-507,2025-12-23,750.0,Transferencia SPEI
TRX-91465,SOC-2573,PROD-502,2024-07-27,1300.0,Tarjeta de Crédito
TRX-91466,SOC-2625,PROD-512,2025-07-20,35.0,Tarjeta de Débito
TRX-91467,SOC-3485,PROD-503,2024-02-06,6999.0,Transferencia SPEI
TRX-91468,SOC-3332,PROD-508,2024-04-26,206.14,Tarjeta de Débito
TRX-91469,SOC-2570,PROD-510,2025-01-28,75.0,Efectivo
TRX-91470,SOC-2123,PROD-505,2025-09-16,480.0,Efectivo
TRX-91471,SOC-3767,PROD-507,2025-01-28,750.0,Tarjeta de Crédito
TRX-91472,SOC-2422,PROD-507,2024-07-07,750.0,Efectivo
TRX-91473,SOC-3353,PROD-505,2024-02-02,480.0,Tarjeta de Débito
TRX-91474,SOC-2054,PROD-510,2026-02-11,75.0,Tarjeta de Débito
TRX-91475,SOC-3660,PROD-510,2024-08-09,75.0,Tarjeta de Débito
TRX-91476,SOC-3487,PROD-510,2025-03-20,75.0,Efectivo
TRX-91477,SOC-3654,PROD-502,2025-07-20,1300.0,Tarjeta de Débito
TRX-91478,SOC-3759,PROD-509,2025-04-19,400.0,Tarjeta de Débito
TRX-91479,SOC-2333,PROD-507,2025-04-23,750.0,Tarjeta de Crédito
TRX-91480,SOC-2271,PROD-501,2024-10-14,650.0,Tarjeta de Débito
TRX-91481,SOC-2176,PROD-504,2026-02-28,950.0,Tarjeta de Débito
TRX-91482,SOC-3170,PROD-507,2024-02-09,750.0,Tarjeta de Débito
TRX-91483,SOC-2551,PROD-511,2024-09-13,50.0,Efectivo
TRX-91484,SOC-2255,PROD-505,2025-08-05,480.0,Tarjeta de Débito
TRX-91485,SOC-3736,PROD-503,2025-03-30,6999.0,Transferencia SPEI
TRX-91486,SOC-2019,PROD-508,2024-02-07,250.0,Transferencia SPEI
TRX-91487,SOC-3307,PROD-509,2024-08-11,400.0,Efectivo
TRX-91488,SOC-2567,PROD-510,2025-07-18,75.0,Efectivo
TRX-91489,SOC-2903,PROD-503,2024-09-21,6999.0,Tarjeta de Débito
TRX-91490,SOC-2532,PROD-508,2024-05-10,250.0,Tarjeta de Crédito
TRX-91491,SOC-2301,PROD-510,2025-11-02,69.96,Efectivo
TRX-91492,SOC-2378,PROD-511,2025-06-02,50.0,Tarjeta de Débito
TRX-91493,SOC-2086,PROD-509,2026-01-04,400.0,Tarjeta de Débito
TRX-91494,SOC-2528,PROD-501,2025-11-25,650.0,Tarjeta de Débito
TRX-91495,SOC-3107,PROD-512,2024-02-15,35.0,Tarjeta de Débito
TRX-91496,SOC-2224,PROD-502,2025-06-03,1300.0,Efectivo
TRX-91497,SOC-2486,PROD-504,2024-11-29,950.0,Transferencia SPEI
TRX-91498,SOC-2147,PROD-511,2025-03-12,50.0,Tarjeta de Crédito
TRX-91499,SOC-2051,PROD-506,2025-09-13,550.0,Tarjeta de Débito
TRX-91500,SOC-2836,PROD-511,2025-01-18,50.0,Tarjeta de Débito
TRX-91501,SOC-3274,PROD-501,2024-06-13,650.0,Tarjeta de Débito
TRX-91502,SOC-2308,PROD-510,2024-01-27,68.87,Tarjeta de Débito
TRX-91503,SOC-3047,PROD-512,2026-03-10,35.0,Tarjeta de Débito
TRX-91504,SOC-2441,PROD-507,2026-04-30,750.0,Tarjeta de Crédito
TRX-91505,SOC-2781,PROD-511,2024-03-21,50.0,Tarjeta de Crédito
TRX-91506,SOC-3158,PROD-509,2025-08-11,400.0,Transferencia SPEI
TRX-91507,SOC-3104,PROD-512,2024-05-04,35.0,Efectivo
TRX-91508,SOC-3244,PROD-508,2025-11-06,250.0,Transferencia SPEI
TRX-91509,SOC-2650,PROD-505,2024-07-18,480.0,Tarjeta de Débito
TRX-91510,SOC-2500,PROD-506,2024-09-05,550.0,Tarjeta de Débito
TRX-91511,SOC-2473,PROD-508,2024-11-18,250.0,Efectivo
TRX-91512,SOC-3420,PROD-504,2025-03-31,950.0,Transferencia SPEI
TRX-91513,SOC-2742,PROD-502,2024-12-26,1300.0,Efectivo
TRX-91514,SOC-2742,PROD-511,2025-05-10,50.0,Transferencia SPEI
TRX-91515,SOC-3611,PROD-507,2024-08-23,750.0,Tarjeta de Crédito
TRX-91516,SOC-3102,PROD-504,2026-03-06,950.0,Tarjeta de Crédito
TRX-91517,SOC-3241,PROD-505,2026-03-25,480.0,Tarjeta de Débito
TRX-91518,SOC-2242,PROD-502,2025-02-22,1300.0,Tarjeta de Crédito
TRX-91519,SOC-3180,PROD-508,2025-10-09,250.0,Tarjeta de Crédito
TRX-91520,SOC-2369,PROD-508,2024-01-16,250.0,Transferencia SPEI
TRX-91521,SOC-2540,PROD-509,2025-12-29,400.0,Efectivo
TRX-91522,SOC-2259,PROD-501,2025-03-17,601.22,Efectivo
TRX-91523,SOC-2272,PROD-509,2025-06-26,400.0,Transferencia SPEI
TRX-91524,SOC-2726,PROD-503,2025-02-15,6999.0,Tarjeta de Crédito
TRX-91525,SOC-3459,PROD-505,2024-05-01,480.0,Tarjeta de Débito
TRX-91526,SOC-3212,PROD-510,2025-09-23,63.13,Efectivo
TRX-91527,SOC-3513,PROD-506,2025-04-04,550.0,Transferencia SPEI
TRX-91528,SOC-3517,PROD-507,2024-10-23,750.0,Tarjeta de Crédito
TRX-91529,SOC-3503,PROD-503,2026-01-11,6999.0,Efectivo
TRX-91530,SOC-2312,PROD-501,2025-08-30,650.0,Transferencia SPEI
TRX-91531,SOC-2777,PROD-506,2025-03-25,550.0,Tarjeta de Débito
TRX-91532,SOC-3584,PROD-502,2024-08-25,1300.0,Tarjeta de Débito
TRX-91533,SOC-2099,PROD-510,2025-06-14,75.0,Transferencia SPEI
TRX-91534,SOC-2585,PROD-506,2025-01-28,550.0,Tarjeta de Crédito
TRX-91535,SOC-2294,PROD-501,2026-04-13,650.0,Tarjeta de Crédito
TRX-91536,SOC-2882,PROD-509,2024-10-11,400.0,Tarjeta de Débito
TRX-91537,SOC-2204,PROD-506,2024-10-18,550.0,Tarjeta de Débito
TRX-91538,SOC-2561,PROD-508,2025-03-25,250.0,Tarjeta de Crédito
TRX-91539,SOC-2591,PROD-505,2025-09-12,480.0,Tarjeta de Crédito
TRX-91540,SOC-3365,PROD-505,2024-05-24,416.24,Tarjeta de Crédito
TRX-91541,SOC-2057,PROD-510,2024-02-10,75.0,Tarjeta de Crédito
TRX-91542,SOC-2014,PROD-508,2026-04-22,229.88,Transferencia SPEI
TRX-91543,SOC-3500,PROD-508,2025-06-17,220.48,Efectivo
TRX-91544,SOC-3467,PROD-512,2024-05-02,35.0,Transferencia SPEI
TRX-91545,SOC-3011,PROD-505,2024-03-29,480.0,Tarjeta de Débito
TRX-91546,SOC-3499,PROD-511,2024-04-29,50.0,Efectivo
TRX-91547,SOC-3525,PROD-504,2026-01-14,880.17,Tarjeta de Débito
TRX-91548,SOC-2566,PROD-508,2025-10-07,250.0,Efectivo
TRX-91549,SOC-3448,PROD-512,2024-11-18,35.0,Efectivo
TRX-91550,SOC-2888,PROD-502,2025-12-23,1300.0,Tarjeta de Débito
TRX-91551,SOC-2390,PROD-509,2025-11-07,400.0,Efectivo
TRX-91552,SOC-3300,PROD-511,2024-01-09,50.0,Transferencia SPEI
TRX-91553,SOC-3787,PROD-504,2025-11-20,950.0,Transferencia SPEI
TRX-91554,SOC-2311,PROD-508,2026-04-13,250.0,Transferencia SPEI
TRX-91555,SOC-2579,PROD-503,2024-07-22,6999.0,Efectivo
TRX-91556,SOC-3058,PROD-512,2026-02-06,35.0,Transferencia SPEI
TRX-91557,SOC-2138,PROD-508,2025-07-25,250.0,Tarjeta de Crédito
TRX-91558,SOC-2080,PROD-507,2025-12-05,750.0,Transferencia SPEI
TRX-91559,SOC-3293,PROD-510,2024-08-28,75.0,Transferencia SPEI
TRX-91560,SOC-3087,PROD-511,2024-07-03,50.0,Tarjeta de Crédito
TRX-91561,SOC-3793,PROD-505,2025-11-15,480.0,Transferencia SPEI
TRX-91562,SOC-3225,PROD-506,2025-07-10,550.0,Efectivo
TRX-91563,SOC-2449,PROD-502,2026-02-12,1300.0,Transferencia SPEI
TRX-91564,SOC-2916,PROD-506,2024-09-10,550.0,Efectivo
TRX-91565,SOC-2361,PROD-508,2024-11-22,250.0,Tarjeta de Débito
TRX-91566,SOC-3428,PROD-507,2025-12-22,613.26,Transferencia SPEI
TRX-91567,SOC-3231,PROD-507,2025-12-04,750.0,Tarjeta de Débito
TRX-91568,SOC-2549,PROD-509,2024-08-08,400.0,Transferencia SPEI
TRX-91569,SOC-2125,PROD-509,2026-03-01,400.0,Tarjeta de Débito
TRX-91570,SOC-2843,PROD-507,2026-04-08,750.0,Transferencia SPEI
TRX-91571,SOC-2534,PROD-501,2024-10-01,650.0,Tarjeta de Crédito
TRX-91572,SOC-2696,PROD-511,2026-04-18,44.14,Tarjeta de Crédito
TRX-91573,SOC-3173,PROD-503,2025-07-02,6999.0,Efectivo
TRX-91574,SOC-3257,PROD-510,2024-12-03,65.18,Efectivo
TRX-91575,SOC-3644,PROD-507,2024-04-02,750.0,Tarjeta de Débito
TRX-91576,SOC-2723,PROD-509,2024-03-05,400.0,Tarjeta de Crédito
TRX-91577,SOC-2742,PROD-509,2024-07-22,400.0,Transferencia SPEI
TRX-91578,SOC-3761,PROD-512,2024-08-22,35.0,Tarjeta de Crédito
TRX-91579,SOC-2766,PROD-506,2025-02-27,550.0,Tarjeta de Crédito
TRX-91580,SOC-2028,PROD-501,2024-01-21,650.0,Efectivo
TRX-91581,SOC-3028,PROD-507,2026-03-21,750.0,Tarjeta de Crédito
TRX-91582,SOC-2580,PROD-505,2024-01-25,480.0,Tarjeta de Crédito
TRX-91583,SOC-2070,PROD-505,2026-02-06,399.55,Transferencia SPEI
TRX-91584,SOC-2269,PROD-512,2024-10-03,35.0,Efectivo
TRX-91585,SOC-2152,PROD-509,2026-01-09,400.0,Transferencia SPEI
TRX-91586,SOC-2042,PROD-501,2026-01-30,650.0,Tarjeta de Crédito
TRX-91587,SOC-2196,PROD-512,2025-08-25,35.0,Tarjeta de Crédito
TRX-91588,SOC-3703,PROD-510,2024-11-15,75.0,Transferencia SPEI
TRX-91589,SOC-3050,PROD-512,2024-01-24,35.0,Transferencia SPEI
TRX-91590,SOC-2416,PROD-502,2024-09-27,1300.0,Transferencia SPEI
TRX-91591,SOC-2772,PROD-505,2025-03-15,386.38,Tarjeta de Débito
TRX-91592,SOC-2990,PROD-505,2025-12-20,480.0,Tarjeta de Crédito
TRX-91593,SOC-2784,PROD-501,2025-05-23,650.0,Tarjeta de Débito
TRX-91594,SOC-3563,PROD-509,2026-01-01,366.56,Efectivo
TRX-91595,SOC-2814,PROD-504,2025-04-02,950.0,Efectivo
TRX-91596,SOC-3317,PROD-505,2024-12-06,410.65,Efectivo
TRX-91597,SOC-2196,PROD-509,2024-06-22,400.0,Transferencia SPEI
TRX-91598,SOC-3216,PROD-504,2024-03-26,814.65,Transferencia SPEI
TRX-91599,SOC-3072,PROD-512,2025-08-03,35.0,Efectivo
TRX-91600,SOC-3572,PROD-508,2024-09-15,250.0,Tarjeta de Débito
TRX-91601,SOC-3709,PROD-503,2024-02-07,6999.0,Transferencia SPEI
TRX-91602,SOC-3785,PROD-501,2024-10-01,650.0,Transferencia SPEI
TRX-91603,SOC-3118,PROD-508,2024-11-16,250.0,Tarjeta de Crédito
TRX-91604,SOC-2660,PROD-508,2025-12-26,250.0,Efectivo
TRX-91605,SOC-2216,PROD-507,2025-12-17,698.18,Efectivo
TRX-91606,SOC-2332,PROD-509,2026-02-05,368.16,Efectivo
TRX-91607,SOC-2080,PROD-507,2025-05-22,750.0,Transferencia SPEI
TRX-91608,SOC-2287,PROD-512,2025-07-14,35.0,Efectivo
TRX-91609,SOC-2608,PROD-502,2025-03-21,1300.0,Tarjeta de Débito
TRX-91610,SOC-3071,PROD-506,2025-09-21,550.0,Tarjeta de Crédito
TRX-91611,SOC-2290,PROD-505,2025-06-19,480.0,Tarjeta de Débito
TRX-91612,SOC-3064,PROD-510,2024-09-14,75.0,Tarjeta de Crédito
TRX-91613,SOC-2677,PROD-512,2026-01-07,35.0,Tarjeta de Crédito
TRX-91614,SOC-2337,PROD-509,2026-01-02,400.0,Efectivo
TRX-91615,SOC-2651,PROD-507,2024-07-02,750.0,Efectivo
TRX-91616,SOC-2012,PROD-505,2025-12-19,480.0,Efectivo
TRX-91617,SOC-3102,PROD-508,2024-12-04,214.06,Tarjeta de Crédito
TRX-91618,SOC-2137,PROD-506,2025-10-13,550.0,Tarjeta de Crédito
TRX-91619,SOC-2707,PROD-511,2024-01-15,50.0,Tarjeta de Débito
TRX-91620,SOC-2583,PROD-507,2025-08-21,750.0,Tarjeta de Débito
TRX-91621,SOC-3279,PROD-507,2024-09-17,750.0,Tarjeta de Crédito
TRX-91622,SOC-2159,PROD-510,2024-06-05,68.82,Tarjeta de Crédito
TRX-91623,SOC-2539,PROD-510,2024-04-14,65.37,Transferencia SPEI
TRX-91624,SOC-2677,PROD-510,2026-03-01,75.0,Tarjeta de Débito
TRX-91625,SOC-3654,PROD-512,2025-09-22,35.0,Transferencia SPEI
TRX-91626,SOC-2429,PROD-503,2024-01-03,6999.0,Tarjeta de Crédito
TRX-91627,SOC-2188,PROD-510,2024-05-30,65.9,Efectivo
TRX-91628,SOC-2663,PROD-502,2024-02-23,1077.59,Transferencia SPEI
TRX-91629,SOC-3362,PROD-508,2024-11-30,250.0,Efectivo
TRX-91630,SOC-2494,PROD-509,2025-02-06,400.0,Transferencia SPEI
TRX-91631,SOC-3447,PROD-508,2024-12-29,250.0,Tarjeta de Débito
TRX-91632,SOC-3087,PROD-502,2025-09-11,1300.0,Tarjeta de Crédito
TRX-91633,SOC-3298,PROD-505,2025-12-29,424.52,Transferencia SPEI
TRX-91634,SOC-3004,PROD-512,2026-03-18,35.0,Efectivo
TRX-91635,SOC-3143,PROD-507,2025-10-29,750.0,Efectivo
TRX-91636,SOC-3774,PROD-506,2025-04-22,550.0,Tarjeta de Débito
TRX-91637,SOC-3492,PROD-507,2024-08-06,750.0,Tarjeta de Crédito
TRX-91638,SOC-2784,PROD-506,2024-07-02,550.0,Efectivo
TRX-91639,SOC-2402,PROD-508,2025-01-04,250.0,Efectivo
TRX-91640,SOC-3201,PROD-505,2024-12-02,429.44,Tarjeta de Débito
TRX-91641,SOC-3030,PROD-501,2025-09-13,650.0,Tarjeta de Débito
TRX-91642,SOC-3315,PROD-508,2025-02-11,211.42000000000002,Tarjeta de Débito
TRX-91643,SOC-2562,PROD-511,2024-02-28,50.0,Efectivo
TRX-91644,SOC-3768,PROD-512,2025-04-27,35.0,Transferencia SPEI
TRX-91645,SOC-3005,PROD-503,2025-04-29,6999.0,Efectivo
TRX-91646,SOC-2079,PROD-506,2024-01-30,550.0,Tarjeta de Crédito
TRX-91647,SOC-3446,PROD-512,2024-06-30,35.0,Tarjeta de Crédito
TRX-91648,SOC-2170,PROD-507,2024-05-02,640.78,Efectivo
TRX-91649,SOC-2644,PROD-502,2025-07-11,1300.0,Tarjeta de Crédito
TRX-91650,SOC-3342,PROD-510,2026-01-25,61.83,Tarjeta de Débito
TRX-91651,SOC-3453,PROD-503,2025-08-23,6999.0,Tarjeta de Débito
TRX-91652,SOC-3058,PROD-501,2025-11-11,650.0,Efectivo
TRX-91653,SOC-2134,PROD-504,2026-04-24,950.0,Tarjeta de Crédito
TRX-91654,SOC-3493,PROD-505,2024-03-26,480.0,Efectivo
TRX-91655,SOC-2565,PROD-510,2024-07-22,75.0,Transferencia SPEI
TRX-91656,SOC-2355,PROD-511,2026-02-03,50.0,Efectivo
TRX-91657,SOC-2638,PROD-505,2025-07-28,480.0,Tarjeta de Débito
TRX-91658,SOC-2955,PROD-510,2025-12-14,60.78,Efectivo
TRX-91659,SOC-2239,PROD-502,2024-07-05,1300.0,Tarjeta de Crédito
TRX-91660,SOC-2651,PROD-510,2025-10-03,75.0,Tarjeta de Crédito
TRX-91661,SOC-3616,PROD-501,2024-08-10,650.0,Transferencia SPEI
TRX-91662,SOC-2167,PROD-512,2024-09-09,35.0,Tarjeta de Crédito
TRX-91663,SOC-3531,PROD-512,2024-05-15,35.0,Transferencia SPEI
TRX-91664,SOC-3446,PROD-505,2024-07-01,480.0,Tarjeta de Débito
TRX-91665,SOC-2848,PROD-504,2024-07-11,950.0,Tarjeta de Crédito
TRX-91666,SOC-2363,PROD-505,2024-09-22,480.0,Tarjeta de Débito
TRX-91667,SOC-2190,PROD-508,2024-12-29,250.0,Tarjeta de Débito
TRX-91668,SOC-3582,PROD-511,2025-06-19,50.0,Tarjeta de Crédito
TRX-91669,SOC-2076,PROD-510,2025-01-29,75.0,Tarjeta de Crédito
TRX-91670,SOC-3439,PROD-507,2024-12-21,750.0,Tarjeta de Débito
TRX-91671,SOC-2425,PROD-506,2025-12-17,550.0,Tarjeta de Débito
TRX-91672,SOC-2186,PROD-509,2026-03-02,400.0,Tarjeta de Crédito
TRX-91673,SOC-2958,PROD-505,2024-02-02,480.0,Tarjeta de Crédito
TRX-91674,SOC-2974,PROD-503,2025-04-23,6999.0,Tarjeta de Débito
TRX-91675,SOC-3155,PROD-507,2025-11-05,750.0,Efectivo
TRX-91676,SOC-2661,PROD-512,2024-04-17,35.0,Efectivo
TRX-91677,SOC-2326,PROD-507,2025-05-01,750.0,Efectivo
TRX-91678,SOC-2384,PROD-506,2024-11-09,550.0,Tarjeta de Crédito
TRX-91679,SOC-3541,PROD-501,2025-03-25,650.0,Transferencia SPEI
TRX-91680,SOC-3216,PROD-510,2025-12-12,75.0,Transferencia SPEI
TRX-91681,SOC-2970,PROD-504,2024-09-15,950.0,Tarjeta de Débito
TRX-91682,SOC-2989,PROD-511,2025-02-14,50.0,Tarjeta de Crédito
TRX-91683,SOC-3563,PROD-509,2024-04-20,400.0,Tarjeta de Débito
TRX-91684,SOC-3183,PROD-507,2025-08-30,654.88,Tarjeta de Débito
TRX-91685,SOC-3223,PROD-512,2025-06-20,35.0,Tarjeta de Crédito
TRX-91686,SOC-2267,PROD-511,2024-12-07,50.0,Efectivo
TRX-91687,SOC-2186,PROD-505,2026-03-22,480.0,Tarjeta de Débito
TRX-91688,SOC-2940,PROD-507,2024-06-18,750.0,Tarjeta de Crédito
TRX-91689,SOC-2411,PROD-503,2024-11-04,6999.0,Tarjeta de Crédito
TRX-91690,SOC-2484,PROD-504,2025-03-23,867.63,Tarjeta de Débito
TRX-91691,SOC-2011,PROD-508,2024-06-12,250.0,Transferencia SPEI
TRX-91692,SOC-3127,PROD-511,2025-02-07,50.0,Transferencia SPEI
TRX-91693,SOC-3369,PROD-507,2025-04-19,750.0,Efectivo
TRX-91694,SOC-2794,PROD-503,2024-11-21,6999.0,Tarjeta de Crédito
TRX-91695,SOC-2819,PROD-506,2024-10-16,550.0,Transferencia SPEI
TRX-91696,SOC-3223,PROD-507,2025-06-30,657.5699999999999,Efectivo
TRX-91697,SOC-2455,PROD-510,2024-07-01,75.0,Tarjeta de Débito
TRX-91698,SOC-2742,PROD-506,2025-05-28,550.0,Transferencia SPEI
TRX-91699,SOC-2159,PROD-511,2024-08-23,46.09,Tarjeta de Crédito
TRX-91700,SOC-2619,PROD-507,2024-04-05,750.0,Tarjeta de Crédito
TRX-91701,SOC-2872,PROD-503,2024-10-18,6999.0,Transferencia SPEI
TRX-91702,SOC-2072,PROD-505,2025-03-07,480.0,Transferencia SPEI
TRX-91703,SOC-3398,PROD-509,2024-04-18,400.0,Efectivo
TRX-91704,SOC-2710,PROD-511,2026-01-20,41.03,Efectivo
TRX-91705,SOC-2330,PROD-506,2024-05-11,550.0,Transferencia SPEI
TRX-91706,SOC-3406,PROD-508,2024-01-12,250.0,Transferencia SPEI
TRX-91707,SOC-2866,PROD-501,2024-11-06,650.0,Efectivo
TRX-91708,SOC-3237,PROD-508,2025-05-29,250.0,Transferencia SPEI
TRX-91709,SOC-3459,PROD-506,2025-07-01,550.0,Efectivo
TRX-91710,SOC-3609,PROD-503,2025-03-10,6999.0,Transferencia SPEI
TRX-91711,SOC-3783,PROD-511,2024-03-22,50.0,Tarjeta de Débito
TRX-91712,SOC-3450,PROD-510,2024-09-21,75.0,Transferencia SPEI
TRX-91713,SOC-2891,PROD-501,2025-04-20,650.0,Efectivo
TRX-91714,SOC-3778,PROD-508,2025-04-16,250.0,Tarjeta de Débito
TRX-91715,SOC-2517,PROD-507,2024-12-11,750.0,Efectivo
TRX-91716,SOC-3112,PROD-505,2024-07-02,480.0,Transferencia SPEI
TRX-91717,SOC-2036,PROD-508,2024-11-28,250.0,Efectivo
TRX-91718,SOC-3221,PROD-502,2024-12-31,1300.0,Transferencia SPEI
TRX-91719,SOC-2510,PROD-503,2024-03-27,6999.0,Tarjeta de Crédito
TRX-91720,SOC-3489,PROD-503,2025-10-10,6999.0,Tarjeta de Débito
TRX-91721,SOC-2708,PROD-508,2025-12-06,250.0,Transferencia SPEI
TRX-91722,SOC-2084,PROD-502,2024-11-30,1300.0,Tarjeta de Crédito
TRX-91723,SOC-3248,PROD-512,2025-10-15,35.0,Efectivo
TRX-91724,SOC-2783,PROD-509,2026-01-12,324.35,Tarjeta de Débito
TRX-91725,SOC-2866,PROD-507,2024-01-23,750.0,Tarjeta de Débito
TRX-91726,SOC-3478,PROD-511,2026-01-30,50.0,Transferencia SPEI
TRX-91727,SOC-2239,PROD-504,2025-08-07,950.0,Tarjeta de Débito
TRX-91728,SOC-3261,PROD-509,2025-07-06,400.0,Tarjeta de Crédito
TRX-91729,SOC-3422,PROD-501,2025-01-18,650.0,Tarjeta de Crédito
TRX-91730,SOC-3558,PROD-507,2024-10-08,750.0,Tarjeta de Crédito
TRX-91731,SOC-2567,PROD-509,2025-11-18,356.08,Tarjeta de Crédito
TRX-91732,SOC-3389,PROD-505,2024-10-06,441.09000000000003,Transferencia SPEI
TRX-91733,SOC-3346,PROD-503,2024-10-08,6999.0,Tarjeta de Débito
TRX-91734,SOC-2199,PROD-504,2024-08-18,856.24,Efectivo
TRX-91735,SOC-3253,PROD-505,2026-01-15,480.0,Transferencia SPEI
TRX-91736,SOC-3205,PROD-507,2025-10-12,750.0,Transferencia SPEI
TRX-91737,SOC-2975,PROD-509,2024-01-13,400.0,Tarjeta de Débito
TRX-91738,SOC-2710,PROD-508,2024-06-04,250.0,Transferencia SPEI
TRX-91739,SOC-2432,PROD-509,2025-12-15,400.0,Transferencia SPEI
TRX-91740,SOC-2524,PROD-507,2024-02-03,750.0,Efectivo
TRX-91741,SOC-3294,PROD-508,2025-07-28,250.0,Efectivo
TRX-91742,SOC-2426,PROD-512,2025-06-26,35.0,Tarjeta de Débito
TRX-91743,SOC-3538,PROD-506,2025-04-07,550.0,Efectivo
TRX-91744,SOC-2320,PROD-510,2025-08-21,75.0,Tarjeta de Débito
TRX-91745,SOC-3157,PROD-507,2025-03-01,750.0,Efectivo
TRX-91746,SOC-3539,PROD-505,2025-07-23,480.0,Tarjeta de Crédito
TRX-91747,SOC-2769,PROD-509,2024-05-14,400.0,Efectivo
TRX-91748,SOC-2199,PROD-507,2024-08-11,750.0,Efectivo
TRX-91749,SOC-3169,PROD-505,2024-07-01,480.0,Transferencia SPEI
TRX-91750,SOC-3127,PROD-507,2024-12-26,750.0,Transferencia SPEI
TRX-91751,SOC-3228,PROD-505,2024-11-23,480.0,Efectivo
TRX-91752,SOC-3361,PROD-511,2025-10-10,50.0,Tarjeta de Débito
TRX-91753,SOC-3029,PROD-509,2025-06-29,400.0,Transferencia SPEI
TRX-91754,SOC-3014,PROD-508,2024-10-20,250.0,Transferencia SPEI
TRX-91755,SOC-2322,PROD-503,2025-02-13,6999.0,Tarjeta de Débito
TRX-91756,SOC-3563,PROD-508,2025-11-02,250.0,Efectivo
TRX-91757,SOC-2786,PROD-510,2025-10-30,75.0,Transferencia SPEI
TRX-91758,SOC-2841,PROD-504,2025-10-13,870.55,Efectivo
TRX-91759,SOC-3228,PROD-510,2026-01-19,75.0,Efectivo
TRX-91760,SOC-2666,PROD-510,2024-09-12,75.0,Transferencia SPEI
TRX-91761,SOC-3402,PROD-502,2025-01-14,1117.74,Transferencia SPEI
TRX-91762,SOC-3131,PROD-509,2024-07-16,400.0,Tarjeta de Crédito
TRX-91763,SOC-2938,PROD-506,2026-01-10,550.0,Tarjeta de Crédito
TRX-91764,SOC-2968,PROD-512,2024-07-23,35.0,Tarjeta de Débito
TRX-91765,SOC-2133,PROD-501,2024-07-30,650.0,Transferencia SPEI
TRX-91766,SOC-2502,PROD-511,2025-09-09,50.0,Tarjeta de Crédito
TRX-91767,SOC-3632,PROD-503,2025-04-17,6999.0,Efectivo
TRX-91768,SOC-3646,PROD-510,2024-12-05,75.0,Tarjeta de Crédito
TRX-91769,SOC-2502,PROD-508,2026-01-09,250.0,Efectivo
TRX-91770,SOC-3534,PROD-501,2025-11-29,650.0,Transferencia SPEI
TRX-91771,SOC-3766,PROD-507,2024-03-13,750.0,Tarjeta de Débito
TRX-91772,SOC-3467,PROD-509,2024-05-03,400.0,Efectivo
TRX-91773,SOC-2899,PROD-508,2026-04-27,250.0,Tarjeta de Débito
TRX-91774,SOC-3663,PROD-507,2026-04-28,750.0,Efectivo
TRX-91775,SOC-2745,PROD-507,2026-01-03,750.0,Transferencia SPEI
TRX-91776,SOC-2878,PROD-502,2024-04-16,1183.81,Efectivo
TRX-91777,SOC-3479,PROD-503,2025-01-10,6999.0,Tarjeta de Débito
TRX-91778,SOC-2291,PROD-504,2026-03-25,950.0,Tarjeta de Débito
TRX-91779,SOC-2199,PROD-506,2025-10-19,550.0,Transferencia SPEI
TRX-91780,SOC-3453,PROD-508,2026-02-09,250.0,Tarjeta de Débito
TRX-91781,SOC-2702,PROD-505,2025-12-06,480.0,Transferencia SPEI
TRX-91782,SOC-3433,PROD-505,2025-08-04,480.0,Efectivo
TRX-91783,SOC-3560,PROD-503,2024-05-31,6999.0,Efectivo
TRX-91784,SOC-2453,PROD-506,2025-07-31,550.0,Tarjeta de Débito
TRX-91785,SOC-2629,PROD-512,2024-06-11,35.0,Tarjeta de Débito
TRX-91786,SOC-2974,PROD-512,2025-03-26,35.0,Tarjeta de Crédito
TRX-91787,SOC-3524,PROD-512,2024-05-11,31.72,Transferencia SPEI
TRX-91788,SOC-2527,PROD-511,2024-08-21,45.91,Tarjeta de Débito
TRX-91789,SOC-2304,PROD-510,2024-01-13,75.0,Transferencia SPEI
TRX-91790,SOC-2977,PROD-510,2024-06-23,75.0,Tarjeta de Crédito
TRX-91791,SOC-3203,PROD-509,2024-11-17,400.0,Transferencia SPEI
TRX-91792,SOC-3773,PROD-508,2025-10-25,250.0,Transferencia SPEI
TRX-91793,SOC-2360,PROD-508,2025-01-23,201.99,Tarjeta de Débito
TRX-91794,SOC-2461,PROD-505,2024-07-30,480.0,Tarjeta de Débito
TRX-91795,SOC-3247,PROD-512,2026-03-19,32.22,Transferencia SPEI
TRX-91796,SOC-2941,PROD-510,2025-10-15,75.0,Tarjeta de Crédito
TRX-91797,SOC-3519,PROD-504,2025-01-07,950.0,Transferencia SPEI
TRX-91798,SOC-3283,PROD-502,2024-12-03,1300.0,Tarjeta de Débito
TRX-91799,SOC-3134,PROD-509,2026-01-29,400.0,Efectivo
TRX-91800,SOC-3635,PROD-501,2025-04-02,650.0,Tarjeta de Crédito
TRX-91801,SOC-2502,PROD-505,2026-03-27,480.0,Tarjeta de Crédito
TRX-91802,SOC-2468,PROD-512,2026-01-04,35.0,Efectivo
TRX-91803,SOC-3248,PROD-505,2025-07-19,480.0,Tarjeta de Crédito
TRX-91804,SOC-3502,PROD-502,2024-05-15,1300.0,Efectivo
TRX-91805,SOC-2426,PROD-504,2024-09-06,950.0,Transferencia SPEI
TRX-91806,SOC-2951,PROD-502,2025-07-03,1300.0,Efectivo
TRX-91807,SOC-2654,PROD-511,2024-03-15,50.0,Efectivo
TRX-91808,SOC-2906,PROD-502,2025-05-02,1300.0,Tarjeta de Crédito
TRX-91809,SOC-3226,PROD-508,2024-11-03,250.0,Transferencia SPEI
TRX-91810,SOC-3764,PROD-502,2026-01-07,1300.0,Tarjeta de Crédito
TRX-91811,SOC-3207,PROD-511,2025-09-21,50.0,Efectivo
TRX-91812,SOC-2516,PROD-507,2025-09-07,750.0,Tarjeta de Crédito
TRX-91813,SOC-2674,PROD-509,2025-05-09,400.0,Tarjeta de Débito
TRX-91814,SOC-2542,PROD-509,2024-09-11,400.0,Tarjeta de Débito
TRX-91815,SOC-3282,PROD-508,2024-04-24,250.0,Tarjeta de Crédito
TRX-91816,SOC-2999,PROD-501,2024-11-22,650.0,Transferencia SPEI
TRX-91817,SOC-3016,PROD-503,2024-07-02,6195.5,Tarjeta de Débito
TRX-91818,SOC-2194,PROD-508,2024-12-16,250.0,Tarjeta de Crédito
TRX-91819,SOC-2397,PROD-502,2026-02-20,1300.0,Tarjeta de Débito
TRX-91820,SOC-3028,PROD-505,2024-11-23,480.0,Transferencia SPEI
TRX-91821,SOC-2211,PROD-511,2024-11-03,50.0,Tarjeta de Crédito
TRX-91822,SOC-3170,PROD-511,2024-06-07,50.0,Tarjeta de Crédito
TRX-91823,SOC-3570,PROD-507,2026-03-15,750.0,Tarjeta de Crédito
TRX-91824,SOC-3250,PROD-511,2024-06-09,50.0,Transferencia SPEI
TRX-91825,SOC-3339,PROD-510,2026-03-18,75.0,Tarjeta de Débito
TRX-91826,SOC-2469,PROD-505,2025-04-28,480.0,Tarjeta de Débito
TRX-91827,SOC-2760,PROD-503,2024-11-09,6999.0,Tarjeta de Débito
TRX-91828,SOC-3699,PROD-512,2024-11-18,35.0,Transferencia SPEI
TRX-91829,SOC-3154,PROD-507,2026-02-19,750.0,Transferencia SPEI
TRX-91830,SOC-2114,PROD-507,2024-12-28,750.0,Tarjeta de Crédito
TRX-91831,SOC-2936,PROD-505,2024-01-20,480.0,Tarjeta de Crédito
TRX-91832,SOC-2428,PROD-511,2026-01-03,50.0,Tarjeta de Débito
TRX-91833,SOC-2049,PROD-506,2025-03-13,550.0,Tarjeta de Débito
TRX-91834,SOC-3143,PROD-509,2026-01-26,400.0,Tarjeta de Crédito
TRX-91835,SOC-3265,PROD-509,2025-03-26,400.0,Efectivo
TRX-91836,SOC-2153,PROD-504,2024-06-13,950.0,Transferencia SPEI
TRX-91837,SOC-3478,PROD-510,2025-04-26,75.0,Efectivo
TRX-91838,SOC-3600,PROD-511,2025-02-03,50.0,Transferencia SPEI
TRX-91839,SOC-2512,PROD-505,2025-09-13,480.0,Efectivo
TRX-91840,SOC-2208,PROD-501,2025-10-16,650.0,Tarjeta de Débito
TRX-91841,SOC-2898,PROD-505,2024-04-23,480.0,Efectivo
TRX-91842,SOC-2665,PROD-512,2025-02-27,35.0,Tarjeta de Crédito
TRX-91843,SOC-3208,PROD-505,2025-08-10,480.0,Efectivo
TRX-91844,SOC-2898,PROD-504,2024-12-01,950.0,Tarjeta de Débito
TRX-91845,SOC-3141,PROD-509,2026-04-16,400.0,Efectivo
TRX-91846,SOC-2288,PROD-502,2026-03-15,1300.0,Tarjeta de Débito
TRX-91847,SOC-3748,PROD-506,2026-03-02,550.0,Tarjeta de Crédito
TRX-91848,SOC-2378,PROD-506,2025-04-24,550.0,Tarjeta de Débito
TRX-91849,SOC-2683,PROD-504,2025-11-24,950.0,Tarjeta de Débito
TRX-91850,SOC-2523,PROD-510,2026-02-04,75.0,Tarjeta de Crédito
TRX-91851,SOC-2245,PROD-511,2025-02-24,50.0,Transferencia SPEI
TRX-91852,SOC-3635,PROD-501,2025-06-25,521.01,Tarjeta de Débito
TRX-91853,SOC-2034,PROD-510,2025-03-23,75.0,Tarjeta de Débito
TRX-91854,SOC-3619,PROD-509,2025-05-18,400.0,Tarjeta de Débito
TRX-91855,SOC-3300,PROD-502,2026-01-22,1217.03,Efectivo
TRX-91856,SOC-3090,PROD-503,2026-03-28,6999.0,Efectivo
TRX-91857,SOC-3176,PROD-508,2025-09-16,250.0,Tarjeta de Crédito
TRX-91858,SOC-3540,PROD-502,2026-02-24,1300.0,Tarjeta de Débito
TRX-91859,SOC-2954,PROD-508,2026-01-26,250.0,Tarjeta de Débito
TRX-91860,SOC-2150,PROD-503,2025-10-25,6999.0,Transferencia SPEI
TRX-91861,SOC-3081,PROD-512,2026-01-27,35.0,Transferencia SPEI
TRX-91862,SOC-2044,PROD-507,2025-08-11,750.0,Transferencia SPEI
TRX-91863,SOC-2039,PROD-501,2024-08-18,650.0,Tarjeta de Crédito
TRX-91864,SOC-2531,PROD-504,2025-08-21,950.0,Tarjeta de Débito
TRX-91865,SOC-3091,PROD-508,2025-10-31,250.0,Tarjeta de Débito
TRX-91866,SOC-3465,PROD-510,2024-06-05,75.0,Tarjeta de Crédito
TRX-91867,SOC-2423,PROD-505,2024-07-04,417.59000000000003,Efectivo
TRX-91868,SOC-3597,PROD-503,2025-07-07,6999.0,Efectivo
TRX-91869,SOC-2671,PROD-506,2024-08-23,550.0,Tarjeta de Crédito
TRX-91870,SOC-2621,PROD-503,2025-03-10,6999.0,Tarjeta de Crédito
TRX-91871,SOC-2445,PROD-506,2024-01-28,448.34000000000003,Transferencia SPEI
TRX-91872,SOC-2253,PROD-507,2024-01-27,750.0,Tarjeta de Crédito
TRX-91873,SOC-2780,PROD-501,2025-04-02,650.0,Tarjeta de Crédito
TRX-91874,SOC-2422,PROD-507,2025-08-27,750.0,Efectivo
TRX-91875,SOC-2359,PROD-509,2025-08-15,400.0,Efectivo
TRX-91876,SOC-2334,PROD-504,2024-05-03,950.0,Tarjeta de Débito
TRX-91877,SOC-3536,PROD-506,2025-03-01,550.0,Efectivo
TRX-91878,SOC-3638,PROD-509,2025-01-03,400.0,Efectivo
TRX-91879,SOC-2936,PROD-501,2024-01-08,650.0,Transferencia SPEI
TRX-91880,SOC-2820,PROD-502,2024-12-29,1300.0,Tarjeta de Débito
TRX-91881,SOC-3714,PROD-502,2025-03-20,1300.0,Tarjeta de Débito
TRX-91882,SOC-2470,PROD-512,2024-03-27,35.0,Transferencia SPEI
TRX-91883,SOC-3794,PROD-508,2024-01-17,250.0,Tarjeta de Débito
TRX-91884,SOC-3495,PROD-511,2024-11-27,41.14,Tarjeta de Crédito
TRX-91885,SOC-3157,PROD-501,2024-05-11,650.0,Tarjeta de Crédito
TRX-91886,SOC-3424,PROD-508,2026-02-19,215.14,Tarjeta de Crédito
TRX-91887,SOC-3775,PROD-512,2025-11-07,35.0,Transferencia SPEI
TRX-91888,SOC-3687,PROD-503,2025-03-05,6999.0,Tarjeta de Crédito
TRX-91889,SOC-3520,PROD-511,2024-07-04,50.0,Efectivo
TRX-91890,SOC-3611,PROD-503,2024-01-31,6999.0,Tarjeta de Débito
TRX-91891,SOC-2827,PROD-511,2025-01-17,50.0,Tarjeta de Débito
TRX-91892,SOC-3274,PROD-506,2024-01-30,550.0,Tarjeta de Débito
TRX-91893,SOC-2059,PROD-508,2024-02-05,250.0,Tarjeta de Crédito
TRX-91894,SOC-2835,PROD-501,2025-07-06,650.0,Tarjeta de Crédito
TRX-91895,SOC-2324,PROD-502,2024-01-16,1300.0,Tarjeta de Crédito
TRX-91896,SOC-2189,PROD-507,2024-03-08,658.98,Transferencia SPEI
TRX-91897,SOC-3754,PROD-509,2025-03-26,343.8,Efectivo
TRX-91898,SOC-2638,PROD-508,2025-04-25,250.0,Tarjeta de Débito
TRX-91899,SOC-2263,PROD-506,2025-11-03,550.0,Efectivo
TRX-91900,SOC-2979,PROD-508,2026-02-05,250.0,Tarjeta de Crédito
TRX-91901,SOC-2258,PROD-504,2025-06-11,768.22,Tarjeta de Crédito
TRX-91902,SOC-3351,PROD-502,2026-01-31,1156.25,Efectivo
TRX-91903,SOC-2512,PROD-504,2024-09-13,950.0,Tarjeta de Débito
TRX-91904,SOC-2674,PROD-512,2025-04-18,35.0,Tarjeta de Débito
TRX-91905,SOC-3557,PROD-503,2024-12-01,6999.0,Tarjeta de Crédito
TRX-91906,SOC-3187,PROD-512,2024-02-05,35.0,Transferencia SPEI
TRX-91907,SOC-3295,PROD-501,2026-03-24,650.0,Tarjeta de Crédito
TRX-91908,SOC-2030,PROD-503,2025-10-11,5814.66,Tarjeta de Crédito
TRX-91909,SOC-2813,PROD-506,2024-01-12,550.0,Transferencia SPEI
TRX-91910,SOC-3757,PROD-506,2024-07-11,550.0,Transferencia SPEI
TRX-91911,SOC-2926,PROD-504,2025-04-09,950.0,Transferencia SPEI
TRX-91912,SOC-2242,PROD-512,2024-10-13,35.0,Tarjeta de Débito
TRX-91913,SOC-2691,PROD-503,2024-09-18,6999.0,Transferencia SPEI
TRX-91914,SOC-3582,PROD-509,2025-04-12,400.0,Tarjeta de Débito
TRX-91915,SOC-3564,PROD-509,2024-09-26,358.07,Efectivo
TRX-91916,SOC-3113,PROD-503,2024-04-06,6999.0,Transferencia SPEI
TRX-91917,SOC-3700,PROD-502,2024-05-03,1300.0,Tarjeta de Débito
TRX-91918,SOC-2259,PROD-506,2024-11-10,550.0,Efectivo
TRX-91919,SOC-3776,PROD-509,2024-07-05,400.0,Tarjeta de Crédito
TRX-91920,SOC-2291,PROD-511,2024-08-15,50.0,Tarjeta de Crédito
TRX-91921,SOC-3503,PROD-512,2024-12-28,35.0,Tarjeta de Crédito
TRX-91922,SOC-3153,PROD-509,2025-06-21,348.01,Tarjeta de Crédito
TRX-91923,SOC-3421,PROD-509,2024-06-19,400.0,Efectivo
TRX-91924,SOC-3394,PROD-503,2025-10-12,6999.0,Tarjeta de Crédito
TRX-91925,SOC-3727,PROD-512,2024-06-04,35.0,Transferencia SPEI
TRX-91926,SOC-3758,PROD-504,2024-10-12,764.4,Transferencia SPEI
TRX-91927,SOC-2608,PROD-507,2025-06-18,750.0,Transferencia SPEI
TRX-91928,SOC-2959,PROD-506,2024-05-19,550.0,Tarjeta de Débito
TRX-91929,SOC-2001,PROD-502,2024-09-14,1300.0,Tarjeta de Débito
TRX-91930,SOC-2428,PROD-512,2025-09-19,35.0,Efectivo
TRX-91931,SOC-2122,PROD-507,2024-05-23,619.98,Tarjeta de Crédito
TRX-91932,SOC-2802,PROD-503,2025-10-23,6999.0,Tarjeta de Crédito
TRX-91933,SOC-2510,PROD-506,2024-03-13,550.0,Tarjeta de Débito
TRX-91934,SOC-2288,PROD-507,2024-05-06,750.0,Tarjeta de Crédito
TRX-91935,SOC-2422,PROD-508,2024-05-25,250.0,Tarjeta de Débito
TRX-91936,SOC-2023,PROD-511,2024-04-30,50.0,Efectivo
TRX-91937,SOC-3581,PROD-511,2025-09-04,50.0,Transferencia SPEI
TRX-91938,SOC-2612,PROD-502,2025-07-08,1300.0,Transferencia SPEI
TRX-91939,SOC-2315,PROD-502,2026-02-11,1300.0,Tarjeta de Débito
TRX-91940,SOC-3793,PROD-505,2024-02-11,480.0,Tarjeta de Débito
TRX-91941,SOC-2232,PROD-511,2025-04-22,50.0,Tarjeta de Crédito
TRX-91942,SOC-3795,PROD-512,2025-12-09,35.0,Transferencia SPEI
TRX-91943,SOC-3554,PROD-505,2024-08-18,480.0,Efectivo
TRX-91944,SOC-3499,PROD-510,2025-09-05,75.0,Tarjeta de Crédito
TRX-91945,SOC-3781,PROD-511,2025-05-21,50.0,Transferencia SPEI
TRX-91946,SOC-2864,PROD-501,2025-10-15,542.4300000000001,Tarjeta de Débito
TRX-91947,SOC-2516,PROD-511,2025-06-04,50.0,Tarjeta de Débito
TRX-91948,SOC-2731,PROD-502,2024-01-14,1077.83,Tarjeta de Crédito
TRX-91949,SOC-3200,PROD-508,2024-08-14,250.0,Tarjeta de Débito
TRX-91950,SOC-2213,PROD-512,2025-05-14,35.0,Transferencia SPEI
TRX-91951,SOC-3243,PROD-509,2025-11-14,400.0,Efectivo
TRX-91952,SOC-3210,PROD-511,2024-04-10,50.0,Efectivo
TRX-91953,SOC-3565,PROD-504,2025-01-04,950.0,Transferencia SPEI
TRX-91954,SOC-3670,PROD-507,2026-01-05,750.0,Tarjeta de Débito
TRX-91955,SOC-3326,PROD-508,2025-04-16,250.0,Efectivo
TRX-91956,SOC-2817,PROD-511,2026-02-01,50.0,Efectivo
TRX-91957,SOC-2443,PROD-510,2024-07-04,60.61,Efectivo
TRX-91958,SOC-2599,PROD-507,2026-04-01,661.13,Tarjeta de Débito
TRX-91959,SOC-2735,PROD-511,2024-12-18,50.0,Tarjeta de Crédito
TRX-91960,SOC-2567,PROD-508,2026-03-13,220.32,Tarjeta de Débito
TRX-91961,SOC-3575,PROD-503,2024-08-02,6999.0,Tarjeta de Débito
TRX-91962,SOC-3517,PROD-507,2026-02-10,750.0,Tarjeta de Crédito
TRX-91963,SOC-3730,PROD-508,2024-04-01,250.0,Tarjeta de Crédito
TRX-91964,SOC-2649,PROD-505,2024-04-13,480.0,Efectivo
TRX-91965,SOC-3310,PROD-507,2024-11-16,750.0,Tarjeta de Crédito
TRX-91966,SOC-3550,PROD-507,2024-07-26,750.0,Transferencia SPEI
TRX-91967,SOC-2719,PROD-506,2026-04-05,550.0,Tarjeta de Débito
TRX-91968,SOC-3546,PROD-503,2024-06-21,6999.0,Efectivo
TRX-91969,SOC-2389,PROD-510,2024-11-13,75.0,Tarjeta de Débito
TRX-91970,SOC-3550,PROD-509,2025-07-05,400.0,Efectivo
TRX-91971,SOC-2407,PROD-502,2024-04-02,1300.0,Transferencia SPEI
TRX-91972,SOC-3746,PROD-505,2024-05-29,480.0,Tarjeta de Débito
TRX-91973,SOC-2813,PROD-503,2025-01-29,5645.3099999999995,Tarjeta de Débito
TRX-91974,SOC-3257,PROD-510,2024-03-25,75.0,Tarjeta de Crédito
TRX-91975,SOC-2907,PROD-501,2024-09-08,650.0,Tarjeta de Débito
TRX-91976,SOC-2054,PROD-508,2024-08-17,250.0,Tarjeta de Crédito
TRX-91977,SOC-2503,PROD-504,2025-03-26,950.0,Tarjeta de Crédito
TRX-91978,SOC-2298,PROD-501,2024-10-30,650.0,Efectivo
TRX-91979,SOC-3757,PROD-510,2025-05-09,75.0,Transferencia SPEI
TRX-91980,SOC-3140,PROD-509,2025-08-04,400.0,Tarjeta de Crédito
TRX-91981,SOC-3737,PROD-509,2025-08-17,400.0,Transferencia SPEI
TRX-91982,SOC-3530,PROD-505,2025-12-24,480.0,Tarjeta de Débito
TRX-91983,SOC-3646,PROD-505,2025-03-17,480.0,Tarjeta de Crédito
TRX-91984,SOC-2656,PROD-509,2024-12-31,338.40999999999997,Tarjeta de Débito
TRX-91985,SOC-3762,PROD-512,2024-09-09,35.0,Tarjeta de Crédito
TRX-91986,SOC-2198,PROD-509,2025-12-26,400.0,Tarjeta de Débito
TRX-91987,SOC-2215,PROD-510,2024-08-21,75.0,Tarjeta de Crédito
TRX-91988,SOC-2953,PROD-505,2025-08-11,480.0,Transferencia SPEI
TRX-91989,SOC-3268,PROD-508,2025-05-24,250.0,Efectivo
TRX-91990,SOC-2351,PROD-501,2025-07-27,650.0,Efectivo
TRX-91991,SOC-2712,PROD-508,2025-12-24,211.92000000000002,Efectivo
TRX-91992,SOC-3473,PROD-505,2025-08-06,480.0,Efectivo
TRX-91993,SOC-3462,PROD-510,2025-05-17,75.0,Tarjeta de Crédito
TRX-91994,SOC-2812,PROD-504,2025-11-08,950.0,Tarjeta de Débito
TRX-91995,SOC-2677,PROD-504,2025-08-06,950.0,Transferencia SPEI
TRX-91996,SOC-2296,PROD-509,2025-11-28,400.0,Efectivo
TRX-91997,SOC-3249,PROD-501,2025-12-30,650.0,Efectivo
TRX-91998,SOC-3587,PROD-502,2025-09-20,1154.33,Tarjeta de Crédito
TRX-91999,SOC-3501,PROD-504,2024-09-11,950.0,Tarjeta de Crédito
TRX-92000,SOC-3712,PROD-503,2024-01-31,6999.0,Transferencia SPEI
TRX-92001,SOC-3493,PROD-502,2024-12-05,1050.5,Transferencia SPEI
TRX-92002,SOC-3649,PROD-507,2025-01-25,750.0,Tarjeta de Crédito
TRX-92003,SOC-3736,PROD-506,2024-07-06,493.2,Transferencia SPEI
TRX-92004,SOC-2517,PROD-508,2024-04-02,250.0,Transferencia SPEI
TRX-92005,SOC-2411,PROD-504,2024-12-25,950.0,Efectivo
TRX-92006,SOC-2696,PROD-508,2026-02-08,227.82999999999998,Efectivo
TRX-92007,SOC-3141,PROD-501,2025-11-30,650.0,Tarjeta de Crédito
TRX-92008,SOC-2004,PROD-509,2024-01-13,356.90999999999997,Efectivo
TRX-92009,SOC-3639,PROD-510,2025-07-30,75.0,Efectivo
TRX-92010,SOC-2354,PROD-504,2025-10-13,950.0,Tarjeta de Crédito
TRX-92011,SOC-3097,PROD-504,2024-12-19,805.15,Tarjeta de Crédito
TRX-92012,SOC-3229,PROD-506,2025-08-10,550.0,Transferencia SPEI
TRX-92013,SOC-3447,PROD-503,2025-06-03,5789.23,Efectivo
TRX-92014,SOC-3275,PROD-501,2025-07-04,650.0,Efectivo
TRX-92015,SOC-3654,PROD-505,2024-10-25,406.82,Tarjeta de Crédito
TRX-92016,SOC-2205,PROD-508,2024-07-16,250.0,Tarjeta de Débito
TRX-92017,SOC-2932,PROD-511,2025-07-15,50.0,Transferencia SPEI
TRX-92018,SOC-2239,PROD-511,2025-07-21,45.65,Tarjeta de Crédito
TRX-92019,SOC-2491,PROD-508,2024-07-11,250.0,Efectivo
TRX-92020,SOC-2734,PROD-501,2025-05-06,650.0,Efectivo
TRX-92021,SOC-3737,PROD-509,2024-04-03,400.0,Tarjeta de Débito
TRX-92022,SOC-3080,PROD-510,2025-08-11,75.0,Transferencia SPEI
TRX-92023,SOC-3551,PROD-509,2025-10-20,400.0,Tarjeta de Débito
TRX-92024,SOC-2278,PROD-508,2026-02-20,250.0,Transferencia SPEI
TRX-92025,SOC-2828,PROD-507,2025-01-21,709.82,Efectivo
TRX-92026,SOC-2659,PROD-509,2025-05-10,400.0,Tarjeta de Débito
TRX-92027,SOC-3020,PROD-505,2026-02-28,480.0,Efectivo
TRX-92028,SOC-3081,PROD-501,2024-07-11,650.0,Tarjeta de Débito
TRX-92029,SOC-3204,PROD-512,2025-08-07,35.0,Tarjeta de Débito
TRX-92030,SOC-3514,PROD-501,2025-07-01,523.24,Transferencia SPEI
TRX-92031,SOC-2386,PROD-506,2025-07-04,454.4,Transferencia SPEI
TRX-92032,SOC-3513,PROD-509,2025-06-20,400.0,Tarjeta de Débito
TRX-92033,SOC-3395,PROD-512,2024-02-15,35.0,Efectivo
TRX-92034,SOC-2937,PROD-503,2024-08-14,6999.0,Efectivo
TRX-92035,SOC-3463,PROD-504,2025-05-22,950.0,Efectivo
TRX-92036,SOC-2093,PROD-507,2024-07-29,750.0,Efectivo
TRX-92037,SOC-2595,PROD-501,2024-09-03,650.0,Tarjeta de Débito
TRX-92038,SOC-2363,PROD-507,2026-04-26,750.0,Transferencia SPEI
TRX-92039,SOC-2092,PROD-503,2024-05-25,6999.0,Tarjeta de Débito
TRX-92040,SOC-2866,PROD-511,2025-08-07,50.0,Tarjeta de Débito
TRX-92041,SOC-2420,PROD-511,2026-01-24,50.0,Transferencia SPEI
TRX-92042,SOC-3414,PROD-501,2025-03-01,650.0,Transferencia SPEI
TRX-92043,SOC-2570,PROD-504,2026-04-16,950.0,Tarjeta de Débito
TRX-92044,SOC-3230,PROD-501,2025-10-03,650.0,Efectivo
TRX-92045,SOC-3426,PROD-508,2024-05-11,250.0,Tarjeta de Crédito
TRX-92046,SOC-2145,PROD-511,2024-04-27,40.730000000000004,Transferencia SPEI
TRX-92047,SOC-2137,PROD-503,2025-07-03,6999.0,Tarjeta de Débito
TRX-92048,SOC-3395,PROD-512,2025-12-12,35.0,Tarjeta de Débito
TRX-92049,SOC-2584,PROD-510,2024-09-24,69.91,Tarjeta de Crédito
TRX-92050,SOC-2178,PROD-509,2025-05-24,400.0,Efectivo
TRX-92051,SOC-2961,PROD-508,2024-04-21,236.07,Transferencia SPEI
TRX-92052,SOC-2378,PROD-502,2026-02-19,1300.0,Efectivo
TRX-92053,SOC-2496,PROD-507,2025-09-22,750.0,Tarjeta de Crédito
TRX-92054,SOC-2906,PROD-510,2026-02-26,60.75,Tarjeta de Crédito
TRX-92055,SOC-3574,PROD-504,2026-01-12,950.0,Efectivo
TRX-92056,SOC-2313,PROD-506,2024-09-13,550.0,Tarjeta de Débito
TRX-92057,SOC-2947,PROD-504,2025-10-21,848.35,Tarjeta de Débito
TRX-92058,SOC-3036,PROD-502,2024-08-18,1300.0,Tarjeta de Crédito
TRX-92059,SOC-2688,PROD-511,2026-01-08,50.0,Transferencia SPEI
TRX-92060,SOC-2143,PROD-504,2025-09-08,950.0,Tarjeta de Crédito
TRX-92061,SOC-2294,PROD-509,2024-11-21,338.90999999999997,Transferencia SPEI
TRX-92062,SOC-3061,PROD-509,2024-01-18,400.0,Tarjeta de Crédito
TRX-92063,SOC-3483,PROD-506,2025-01-14,448.12,Tarjeta de Crédito
TRX-92064,SOC-2013,PROD-507,2024-01-04,750.0,Transferencia SPEI
TRX-92065,SOC-3575,PROD-510,2024-05-02,75.0,Efectivo
TRX-92066,SOC-3155,PROD-509,2024-03-16,330.56,Transferencia SPEI
TRX-92067,SOC-3171,PROD-511,2025-01-30,50.0,Transferencia SPEI
TRX-92068,SOC-2921,PROD-512,2024-08-31,35.0,Tarjeta de Débito
TRX-92069,SOC-2707,PROD-511,2025-04-10,50.0,Tarjeta de Crédito
TRX-92070,SOC-2931,PROD-509,2025-01-03,400.0,Tarjeta de Débito
TRX-92071,SOC-3305,PROD-512,2024-06-27,35.0,Transferencia SPEI
TRX-92072,SOC-2527,PROD-503,2025-01-11,6999.0,Transferencia SPEI
TRX-92073,SOC-3650,PROD-505,2024-05-27,426.45,Tarjeta de Crédito
TRX-92074,SOC-2824,PROD-503,2025-10-03,6999.0,Transferencia SPEI
TRX-92075,SOC-2863,PROD-507,2025-04-16,750.0,Transferencia SPEI
TRX-92076,SOC-2796,PROD-508,2025-01-07,250.0,Transferencia SPEI
TRX-92077,SOC-2273,PROD-512,2025-06-26,35.0,Tarjeta de Crédito
TRX-92078,SOC-3460,PROD-504,2025-08-05,950.0,Tarjeta de Débito
TRX-92079,SOC-2949,PROD-509,2026-02-21,400.0,Tarjeta de Débito
TRX-92080,SOC-3319,PROD-505,2024-08-06,480.0,Transferencia SPEI
TRX-92081,SOC-2223,PROD-509,2025-10-29,400.0,Transferencia SPEI
TRX-92082,SOC-2105,PROD-504,2024-08-10,950.0,Tarjeta de Crédito
TRX-92083,SOC-3351,PROD-507,2025-06-13,750.0,Transferencia SPEI
TRX-92084,SOC-2049,PROD-512,2024-07-30,35.0,Tarjeta de Crédito
TRX-92085,SOC-2560,PROD-512,2025-11-27,35.0,Tarjeta de Crédito
TRX-92086,SOC-3314,PROD-507,2025-08-11,750.0,Tarjeta de Crédito
TRX-92087,SOC-2309,PROD-507,2024-11-20,750.0,Tarjeta de Crédito
TRX-92088,SOC-3562,PROD-508,2024-11-19,250.0,Efectivo
TRX-92089,SOC-3385,PROD-502,2026-03-16,1230.81,Efectivo
TRX-92090,SOC-2679,PROD-502,2024-11-16,1300.0,Tarjeta de Débito
TRX-92091,SOC-2416,PROD-512,2024-06-03,35.0,Tarjeta de Débito
TRX-92092,SOC-3722,PROD-502,2025-01-06,1300.0,Tarjeta de Débito
TRX-92093,SOC-3195,PROD-508,2025-05-01,250.0,Tarjeta de Crédito
TRX-92094,SOC-2594,PROD-505,2024-04-13,480.0,Tarjeta de Crédito
TRX-92095,SOC-2312,PROD-503,2025-03-01,5693.4400000000005,Transferencia SPEI
TRX-92096,SOC-2325,PROD-509,2025-07-19,400.0,Tarjeta de Débito
TRX-92097,SOC-3414,PROD-504,2024-04-26,950.0,Tarjeta de Crédito
TRX-92098,SOC-2912,PROD-502,2026-02-12,1063.35,Transferencia SPEI
TRX-92099,SOC-2777,PROD-508,2024-06-23,250.0,Tarjeta de Débito
TRX-92100,SOC-2904,PROD-510,2025-08-08,75.0,Efectivo
TRX-92101,SOC-3008,PROD-511,2025-08-03,50.0,Tarjeta de Débito
TRX-92102,SOC-2175,PROD-506,2024-03-11,550.0,Tarjeta de Débito
TRX-92103,SOC-3388,PROD-507,2024-06-02,607.31,Tarjeta de Crédito
TRX-92104,SOC-3299,PROD-506,2024-10-26,550.0,Efectivo
TRX-92105,SOC-2727,PROD-510,2026-03-29,75.0,Transferencia SPEI
TRX-92106,SOC-2347,PROD-506,2024-09-15,550.0,Tarjeta de Débito
TRX-92107,SOC-3066,PROD-501,2025-05-16,650.0,Tarjeta de Crédito
TRX-92108,SOC-2107,PROD-511,2024-09-01,50.0,Tarjeta de Débito
TRX-92109,SOC-2920,PROD-507,2024-12-11,628.13,Transferencia SPEI
TRX-92110,SOC-3351,PROD-502,2024-12-06,1300.0,Tarjeta de Crédito
TRX-92111,SOC-3786,PROD-510,2024-01-11,75.0,Efectivo
TRX-92112,SOC-2620,PROD-507,2024-07-23,750.0,Transferencia SPEI
TRX-92113,SOC-2796,PROD-501,2025-12-12,650.0,Transferencia SPEI
TRX-92114,SOC-2688,PROD-506,2026-04-02,550.0,Transferencia SPEI
TRX-92115,SOC-2834,PROD-512,2024-12-16,31.43,Tarjeta de Débito
TRX-92116,SOC-3132,PROD-504,2025-05-15,950.0,Efectivo
TRX-92117,SOC-2922,PROD-511,2024-03-27,50.0,Tarjeta de Débito
TRX-92118,SOC-3765,PROD-509,2024-04-26,372.29,Efectivo
TRX-92119,SOC-2498,PROD-502,2024-06-30,1300.0,Tarjeta de Crédito
TRX-92120,SOC-3172,PROD-504,2026-03-08,891.75,Efectivo
TRX-92121,SOC-3509,PROD-506,2025-09-24,474.42,Transferencia SPEI
TRX-92122,SOC-3293,PROD-506,2026-03-15,550.0,Efectivo
TRX-92123,SOC-2116,PROD-512,2024-05-22,35.0,Efectivo
TRX-92124,SOC-2381,PROD-502,2026-01-05,1300.0,Efectivo
TRX-92125,SOC-2887,PROD-511,2024-08-26,50.0,Efectivo
TRX-92126,SOC-2793,PROD-506,2025-10-02,550.0,Transferencia SPEI
TRX-92127,SOC-3675,PROD-504,2025-12-26,950.0,Tarjeta de Crédito
TRX-92128,SOC-2961,PROD-505,2026-01-19,480.0,Efectivo
TRX-92129,SOC-2907,PROD-503,2025-06-03,6464.43,Tarjeta de Crédito
TRX-92130,SOC-2540,PROD-503,2025-07-09,6999.0,Tarjeta de Crédito
TRX-92131,SOC-3434,PROD-502,2025-12-20,1300.0,Tarjeta de Crédito
TRX-92132,SOC-2384,PROD-506,2026-02-13,550.0,Tarjeta de Crédito
TRX-92133,SOC-2809,PROD-511,2025-08-29,50.0,Transferencia SPEI
TRX-92134,SOC-3038,PROD-511,2024-10-19,50.0,Tarjeta de Débito
TRX-92135,SOC-3689,PROD-506,2026-01-23,550.0,Efectivo
TRX-92136,SOC-3342,PROD-511,2024-09-14,50.0,Tarjeta de Crédito
TRX-92137,SOC-2133,PROD-501,2024-03-05,650.0,Efectivo
TRX-92138,SOC-3270,PROD-507,2024-03-22,750.0,Transferencia SPEI
TRX-92139,SOC-2025,PROD-512,2025-11-21,30.16,Tarjeta de Débito
TRX-92140,SOC-3430,PROD-511,2025-09-12,50.0,Efectivo
TRX-92141,SOC-3166,PROD-505,2026-01-14,480.0,Transferencia SPEI
TRX-92142,SOC-2734,PROD-512,2026-04-10,35.0,Transferencia SPEI
TRX-92143,SOC-2615,PROD-508,2024-11-16,250.0,Tarjeta de Crédito
TRX-92144,SOC-2468,PROD-510,2024-06-23,67.28,Transferencia SPEI
TRX-92145,SOC-2946,PROD-506,2026-03-26,550.0,Transferencia SPEI
TRX-92146,SOC-2950,PROD-508,2025-04-08,250.0,Transferencia SPEI
TRX-92147,SOC-2860,PROD-501,2024-05-22,650.0,Transferencia SPEI
TRX-92148,SOC-3783,PROD-511,2024-06-01,50.0,Efectivo
TRX-92149,SOC-2890,PROD-511,2024-06-25,50.0,Tarjeta de Crédito
TRX-92150,SOC-2445,PROD-502,2024-01-17,1300.0,Tarjeta de Crédito
TRX-92151,SOC-2555,PROD-506,2024-07-21,490.14,Tarjeta de Débito
TRX-92152,SOC-3700,PROD-509,2024-10-11,400.0,Transferencia SPEI
TRX-92153,SOC-3243,PROD-512,2025-05-26,35.0,Tarjeta de Crédito
TRX-92154,SOC-2999,PROD-511,2024-03-02,50.0,Efectivo
TRX-92155,SOC-2138,PROD-506,2025-12-23,550.0,Tarjeta de Débito
TRX-92156,SOC-2290,PROD-504,2025-06-15,950.0,Tarjeta de Crédito
TRX-92157,SOC-2853,PROD-508,2024-01-14,250.0,Tarjeta de Crédito
TRX-92158,SOC-2694,PROD-511,2024-11-14,50.0,Transferencia SPEI
TRX-92159,SOC-3253,PROD-502,2025-09-05,1180.03,Tarjeta de Débito
TRX-92160,SOC-3653,PROD-512,2024-05-11,35.0,Transferencia SPEI
TRX-92161,SOC-2130,PROD-501,2025-04-02,650.0,Tarjeta de Crédito
TRX-92162,SOC-2429,PROD-506,2025-12-05,550.0,Tarjeta de Débito
TRX-92163,SOC-3299,PROD-508,2026-03-16,250.0,Tarjeta de Débito
TRX-92164,SOC-3183,PROD-506,2025-12-16,550.0,Tarjeta de Crédito
TRX-92165,SOC-2660,PROD-511,2025-08-09,50.0,Tarjeta de Crédito
TRX-92166,SOC-3451,PROD-510,2025-09-16,75.0,Tarjeta de Crédito
TRX-92167,SOC-3001,PROD-510,2025-04-26,75.0,Tarjeta de Débito
TRX-92168,SOC-3047,PROD-502,2025-01-28,1300.0,Tarjeta de Débito
TRX-92169,SOC-2167,PROD-509,2025-05-17,400.0,Tarjeta de Débito
TRX-92170,SOC-2138,PROD-508,2025-02-02,250.0,Tarjeta de Débito
TRX-92171,SOC-3458,PROD-503,2025-01-07,6999.0,Efectivo
TRX-92172,SOC-2971,PROD-504,2024-08-16,950.0,Tarjeta de Débito
TRX-92173,SOC-2730,PROD-510,2025-05-09,75.0,Tarjeta de Débito
TRX-92174,SOC-2656,PROD-508,2024-11-17,250.0,Tarjeta de Crédito
TRX-92175,SOC-3688,PROD-511,2024-07-11,50.0,Efectivo
TRX-92176,SOC-2606,PROD-512,2024-03-03,35.0,Tarjeta de Crédito
TRX-92177,SOC-3073,PROD-509,2024-10-16,400.0,Transferencia SPEI
TRX-92178,SOC-2867,PROD-512,2026-04-18,35.0,Tarjeta de Débito
TRX-92179,SOC-2535,PROD-504,2024-05-27,950.0,Efectivo
TRX-92180,SOC-3335,PROD-511,2026-02-19,50.0,Tarjeta de Débito
TRX-92181,SOC-2953,PROD-503,2025-04-02,6999.0,Tarjeta de Crédito
TRX-92182,SOC-3217,PROD-508,2026-02-15,250.0,Tarjeta de Débito
TRX-92183,SOC-2934,PROD-505,2024-07-21,480.0,Transferencia SPEI
TRX-92184,SOC-2584,PROD-503,2025-08-23,5645.28,Efectivo
TRX-92185,SOC-2108,PROD-506,2025-07-19,550.0,Tarjeta de Crédito
TRX-92186,SOC-2646,PROD-512,2025-01-19,35.0,Transferencia SPEI
TRX-92187,SOC-3324,PROD-506,2025-02-09,550.0,Efectivo
TRX-92188,SOC-3319,PROD-505,2024-11-27,480.0,Efectivo
TRX-92189,SOC-3048,PROD-501,2026-01-10,650.0,Tarjeta de Crédito
TRX-92190,SOC-3018,PROD-502,2024-03-10,1215.06,Tarjeta de Crédito
TRX-92191,SOC-3462,PROD-504,2024-04-04,950.0,Tarjeta de Débito
TRX-92192,SOC-2693,PROD-502,2025-02-26,1300.0,Efectivo
TRX-92193,SOC-3009,PROD-507,2025-07-12,665.66,Transferencia SPEI
TRX-92194,SOC-3423,PROD-503,2025-07-15,6999.0,Tarjeta de Crédito
TRX-92195,SOC-2919,PROD-503,2024-04-28,6999.0,Tarjeta de Débito
TRX-92196,SOC-2466,PROD-504,2024-02-27,950.0,Efectivo
TRX-92197,SOC-2108,PROD-511,2025-12-15,50.0,Efectivo
TRX-92198,SOC-2087,PROD-504,2026-02-15,950.0,Tarjeta de Crédito
TRX-92199,SOC-3783,PROD-503,2025-05-27,6999.0,Transferencia SPEI
TRX-92200,SOC-3549,PROD-511,2025-11-17,50.0,Tarjeta de Débito
TRX-92201,SOC-3009,PROD-501,2025-11-16,650.0,Transferencia SPEI
TRX-92202,SOC-3127,PROD-502,2024-02-11,1300.0,Efectivo
TRX-92203,SOC-2428,PROD-504,2025-08-19,950.0,Tarjeta de Débito
TRX-92204,SOC-3438,PROD-502,2025-08-18,1300.0,Tarjeta de Crédito
TRX-92205,SOC-2814,PROD-504,2024-06-04,950.0,Tarjeta de Débito
TRX-92206,SOC-2545,PROD-509,2025-01-18,400.0,Tarjeta de Crédito
TRX-92207,SOC-3710,PROD-504,2026-02-11,950.0,Tarjeta de Débito
TRX-92208,SOC-2401,PROD-506,2024-09-23,550.0,Tarjeta de Débito
TRX-92209,SOC-2925,PROD-501,2025-04-01,650.0,Transferencia SPEI
TRX-92210,SOC-2420,PROD-503,2024-04-25,5804.3,Tarjeta de Crédito
TRX-92211,SOC-2410,PROD-510,2026-01-23,75.0,Tarjeta de Crédito
TRX-92212,SOC-3215,PROD-505,2025-01-04,480.0,Tarjeta de Crédito
TRX-92213,SOC-3161,PROD-505,2024-08-10,480.0,Tarjeta de Débito
TRX-92214,SOC-2026,PROD-504,2026-04-29,950.0,Tarjeta de Débito
TRX-92215,SOC-2423,PROD-508,2026-01-07,250.0,Tarjeta de Débito
TRX-92216,SOC-2938,PROD-507,2025-09-08,750.0,Transferencia SPEI
TRX-92217,SOC-2984,PROD-509,2025-09-03,400.0,Tarjeta de Crédito
TRX-92218,SOC-2160,PROD-510,2024-04-19,75.0,Efectivo
TRX-92219,SOC-3269,PROD-501,2024-01-12,650.0,Efectivo
TRX-92220,SOC-2622,PROD-508,2025-01-25,250.0,Tarjeta de Crédito
TRX-92221,SOC-2200,PROD-501,2025-01-11,650.0,Tarjeta de Crédito
TRX-92222,SOC-2867,PROD-512,2025-01-16,31.06,Efectivo
TRX-92223,SOC-2610,PROD-501,2024-05-02,650.0,Tarjeta de Débito
TRX-92224,SOC-2936,PROD-504,2024-05-03,950.0,Efectivo
TRX-92225,SOC-2976,PROD-503,2024-01-15,5888.11,Transferencia SPEI
TRX-92226,SOC-3782,PROD-510,2025-12-12,75.0,Tarjeta de Débito
TRX-92227,SOC-2047,PROD-512,2025-07-30,35.0,Tarjeta de Crédito
TRX-92228,SOC-2442,PROD-502,2025-02-11,1300.0,Efectivo
TRX-92229,SOC-2077,PROD-508,2025-03-18,250.0,Transferencia SPEI
TRX-92230,SOC-2359,PROD-501,2025-08-13,650.0,Efectivo
TRX-92231,SOC-3577,PROD-505,2025-12-27,480.0,Transferencia SPEI
TRX-92232,SOC-2416,PROD-505,2024-01-25,480.0,Tarjeta de Crédito
TRX-92233,SOC-2481,PROD-512,2025-04-03,35.0,Efectivo
TRX-92234,SOC-3789,PROD-510,2025-03-21,75.0,Transferencia SPEI
TRX-92235,SOC-3622,PROD-504,2026-01-02,950.0,Efectivo
TRX-92236,SOC-2587,PROD-506,2024-03-31,550.0,Transferencia SPEI
TRX-92237,SOC-3681,PROD-508,2025-07-11,250.0,Tarjeta de Débito
TRX-92238,SOC-3488,PROD-509,2025-07-07,335.89,Tarjeta de Débito
TRX-92239,SOC-2834,PROD-503,2025-08-17,6999.0,Transferencia SPEI
TRX-92240,SOC-2712,PROD-505,2024-05-31,480.0,Transferencia SPEI
TRX-92241,SOC-3384,PROD-509,2025-02-21,400.0,Transferencia SPEI
TRX-92242,SOC-2178,PROD-510,2024-09-16,75.0,Tarjeta de Débito
TRX-92243,SOC-2735,PROD-511,2025-04-22,50.0,Tarjeta de Crédito
TRX-92244,SOC-2088,PROD-506,2025-06-02,550.0,Tarjeta de Crédito
TRX-92245,SOC-3227,PROD-506,2025-07-07,550.0,Tarjeta de Crédito
TRX-92246,SOC-3744,PROD-510,2024-05-22,75.0,Tarjeta de Crédito
TRX-92247,SOC-3689,PROD-512,2025-02-09,31.05,Efectivo
TRX-92248,SOC-3027,PROD-509,2024-02-12,400.0,Efectivo
TRX-92249,SOC-2522,PROD-509,2025-11-11,400.0,Tarjeta de Crédito
TRX-92250,SOC-3401,PROD-512,2026-03-17,35.0,Efectivo
TRX-92251,SOC-2667,PROD-512,2026-03-27,35.0,Transferencia SPEI
TRX-92252,SOC-3072,PROD-511,2026-04-19,50.0,Tarjeta de Débito
TRX-92253,SOC-3536,PROD-507,2025-12-05,750.0,Efectivo
TRX-92254,SOC-2463,PROD-511,2025-10-21,50.0,Tarjeta de Crédito
TRX-92255,SOC-3467,PROD-501,2026-03-23,650.0,Efectivo
TRX-92256,SOC-3015,PROD-503,2024-03-14,6999.0,Tarjeta de Débito
TRX-92257,SOC-2496,PROD-507,2024-11-06,750.0,Efectivo
TRX-92258,SOC-3669,PROD-504,2024-01-25,860.35,Tarjeta de Crédito
TRX-92259,SOC-2381,PROD-511,2024-03-14,44.11,Efectivo
TRX-92260,SOC-2865,PROD-506,2025-11-08,550.0,Tarjeta de Débito
TRX-92261,SOC-2703,PROD-507,2025-01-18,750.0,Transferencia SPEI
TRX-92262,SOC-3269,PROD-510,2025-05-04,75.0,Efectivo
TRX-92263,SOC-3391,PROD-508,2024-02-02,250.0,Tarjeta de Débito
TRX-92264,SOC-2064,PROD-505,2025-12-18,480.0,Transferencia SPEI
TRX-92265,SOC-3542,PROD-509,2026-02-27,338.68,Tarjeta de Débito
TRX-92266,SOC-3403,PROD-508,2024-01-28,250.0,Transferencia SPEI
TRX-92267,SOC-3555,PROD-502,2025-05-01,1300.0,Efectivo
TRX-92268,SOC-2170,PROD-504,2026-01-11,950.0,Efectivo
TRX-92269,SOC-2932,PROD-507,2026-02-06,750.0,Transferencia SPEI
TRX-92270,SOC-2071,PROD-506,2024-11-13,550.0,Transferencia SPEI
TRX-92271,SOC-2444,PROD-510,2025-02-24,63.56,Efectivo
TRX-92272,SOC-3037,PROD-508,2024-03-11,250.0,Transferencia SPEI
TRX-92273,SOC-2563,PROD-512,2025-08-01,35.0,Efectivo
TRX-92274,SOC-2519,PROD-510,2024-04-30,75.0,Transferencia SPEI
TRX-92275,SOC-2357,PROD-508,2024-10-27,250.0,Efectivo
TRX-92276,SOC-2595,PROD-510,2024-12-05,75.0,Tarjeta de Crédito
TRX-92277,SOC-3715,PROD-502,2024-07-22,1300.0,Tarjeta de Crédito
TRX-92278,SOC-2012,PROD-507,2026-03-05,750.0,Tarjeta de Crédito
TRX-92279,SOC-3583,PROD-507,2024-02-14,750.0,Tarjeta de Crédito
TRX-92280,SOC-2697,PROD-511,2025-08-20,50.0,Tarjeta de Crédito
TRX-92281,SOC-3462,PROD-508,2026-04-07,250.0,Efectivo
TRX-92282,SOC-2208,PROD-503,2024-05-22,5621.46,Efectivo
TRX-92283,SOC-2898,PROD-508,2025-01-10,250.0,Transferencia SPEI
TRX-92284,SOC-2043,PROD-512,2025-06-21,35.0,Tarjeta de Débito
TRX-92285,SOC-3301,PROD-509,2024-04-18,400.0,Efectivo
TRX-92286,SOC-2572,PROD-507,2025-07-24,750.0,Efectivo
TRX-92287,SOC-2134,PROD-502,2024-09-26,1300.0,Tarjeta de Débito
TRX-92288,SOC-2973,PROD-507,2025-06-03,750.0,Tarjeta de Crédito
TRX-92289,SOC-2248,PROD-501,2024-06-14,599.29,Tarjeta de Crédito
TRX-92290,SOC-2914,PROD-511,2025-07-13,50.0,Tarjeta de Débito
TRX-92291,SOC-2979,PROD-502,2026-03-19,1300.0,Transferencia SPEI
TRX-92292,SOC-2238,PROD-509,2024-02-10,400.0,Tarjeta de Crédito
TRX-92293,SOC-2616,PROD-503,2026-02-03,6999.0,Efectivo
TRX-92294,SOC-2762,PROD-501,2025-06-06,650.0,Efectivo
TRX-92295,SOC-3075,PROD-511,2024-09-29,50.0,Efectivo
TRX-92296,SOC-2622,PROD-503,2024-11-23,6999.0,Transferencia SPEI
TRX-92297,SOC-3641,PROD-504,2024-07-12,950.0,Transferencia SPEI
TRX-92298,SOC-2981,PROD-504,2024-04-11,950.0,Efectivo
TRX-92299,SOC-2300,PROD-511,2024-05-10,50.0,Tarjeta de Crédito
TRX-92300,SOC-3764,PROD-502,2025-05-04,1300.0,Efectivo
TRX-92301,SOC-3160,PROD-503,2024-09-09,6999.0,Transferencia SPEI
TRX-92302,SOC-3720,PROD-511,2025-01-05,50.0,Tarjeta de Débito
TRX-92303,SOC-2833,PROD-501,2026-02-09,650.0,Tarjeta de Débito
TRX-92304,SOC-3599,PROD-507,2024-01-29,750.0,Tarjeta de Débito
TRX-92305,SOC-2801,PROD-508,2025-09-12,250.0,Tarjeta de Crédito
TRX-92306,SOC-3534,PROD-503,2025-05-05,6999.0,Transferencia SPEI
TRX-92307,SOC-3324,PROD-511,2024-06-10,50.0,Tarjeta de Débito
TRX-92308,SOC-3019,PROD-502,2025-03-19,1300.0,Transferencia SPEI
TRX-92309,SOC-2136,PROD-509,2024-03-27,400.0,Tarjeta de Crédito
TRX-92310,SOC-3583,PROD-511,2024-02-10,50.0,Transferencia SPEI
TRX-92311,SOC-2576,PROD-508,2025-10-27,250.0,Tarjeta de Débito
TRX-92312,SOC-2622,PROD-509,2025-09-11,400.0,Tarjeta de Débito
TRX-92313,SOC-3752,PROD-508,2025-06-07,250.0,Tarjeta de Crédito
TRX-92314,SOC-2962,PROD-506,2024-04-03,550.0,Tarjeta de Débito
TRX-92315,SOC-3092,PROD-509,2025-09-23,400.0,Tarjeta de Débito
TRX-92316,SOC-3289,PROD-505,2024-10-04,480.0,Tarjeta de Crédito
TRX-92317,SOC-2642,PROD-506,2024-09-02,550.0,Tarjeta de Débito
TRX-92318,SOC-2628,PROD-504,2026-04-25,950.0,Transferencia SPEI
TRX-92319,SOC-2571,PROD-505,2025-09-04,480.0,Tarjeta de Crédito
TRX-92320,SOC-3574,PROD-510,2026-03-16,62.59,Tarjeta de Débito
TRX-92321,SOC-2390,PROD-511,2025-12-03,50.0,Tarjeta de Débito
TRX-92322,SOC-2419,PROD-508,2025-08-18,250.0,Efectivo
TRX-92323,SOC-3484,PROD-512,2024-10-25,35.0,Tarjeta de Crédito
TRX-92324,SOC-3225,PROD-511,2026-04-30,50.0,Transferencia SPEI
TRX-92325,SOC-2768,PROD-504,2025-02-05,950.0,Tarjeta de Débito
TRX-92326,SOC-3164,PROD-508,2025-07-04,250.0,Tarjeta de Débito
TRX-92327,SOC-3242,PROD-502,2024-09-15,1161.57,Transferencia SPEI
TRX-92328,SOC-2007,PROD-502,2024-07-12,1300.0,Tarjeta de Débito
TRX-92329,SOC-3014,PROD-508,2025-07-17,250.0,Tarjeta de Débito
TRX-92330,SOC-3047,PROD-510,2025-03-06,75.0,Efectivo
TRX-92331,SOC-2876,PROD-511,2025-05-16,50.0,Transferencia SPEI
TRX-92332,SOC-2896,PROD-507,2024-11-16,692.13,Tarjeta de Débito
TRX-92333,SOC-3557,PROD-501,2024-02-12,650.0,Tarjeta de Débito
TRX-92334,SOC-2221,PROD-509,2025-07-02,400.0,Efectivo
TRX-92335,SOC-3522,PROD-511,2025-03-09,50.0,Efectivo
TRX-92336,SOC-2021,PROD-502,2024-12-11,1300.0,Tarjeta de Débito
TRX-92337,SOC-2583,PROD-507,2024-09-03,750.0,Tarjeta de Débito
TRX-92338,SOC-3132,PROD-506,2024-08-30,550.0,Tarjeta de Débito
TRX-92339,SOC-3562,PROD-504,2024-06-24,950.0,Transferencia SPEI
TRX-92340,SOC-2417,PROD-509,2025-09-23,370.38,Tarjeta de Débito
TRX-92341,SOC-3658,PROD-508,2024-05-07,205.8,Tarjeta de Crédito
TRX-92342,SOC-2496,PROD-508,2025-09-16,250.0,Tarjeta de Crédito
TRX-92343,SOC-2452,PROD-505,2024-04-19,407.68,Transferencia SPEI
TRX-92344,SOC-3188,PROD-510,2025-01-30,75.0,Tarjeta de Crédito
TRX-92345,SOC-2206,PROD-502,2025-02-22,1300.0,Transferencia SPEI
TRX-92346,SOC-2308,PROD-512,2025-01-28,35.0,Transferencia SPEI
TRX-92347,SOC-2048,PROD-509,2026-02-22,400.0,Transferencia SPEI
TRX-92348,SOC-2895,PROD-509,2024-12-16,400.0,Transferencia SPEI
TRX-92349,SOC-3040,PROD-510,2025-02-01,75.0,Tarjeta de Crédito
TRX-92350,SOC-2764,PROD-503,2025-12-21,5770.39,Transferencia SPEI
TRX-92351,SOC-2345,PROD-507,2024-07-31,750.0,Tarjeta de Débito
TRX-92352,SOC-2830,PROD-505,2024-09-11,480.0,Tarjeta de Crédito
TRX-92353,SOC-2778,PROD-510,2025-04-25,75.0,Tarjeta de Crédito
TRX-92354,SOC-3322,PROD-512,2024-03-07,35.0,Efectivo
TRX-92355,SOC-2797,PROD-510,2024-12-19,75.0,Efectivo
TRX-92356,SOC-3006,PROD-507,2026-01-11,750.0,Transferencia SPEI
TRX-92357,SOC-2184,PROD-507,2024-09-18,750.0,Tarjeta de Débito
TRX-92358,SOC-2751,PROD-505,2025-05-05,480.0,Tarjeta de Crédito
TRX-92359,SOC-3749,PROD-510,2025-10-22,75.0,Tarjeta de Crédito
TRX-92360,SOC-3733,PROD-501,2025-01-25,650.0,Tarjeta de Crédito
TRX-92361,SOC-2185,PROD-512,2024-06-11,29.6,Efectivo
TRX-92362,SOC-2513,PROD-502,2025-06-21,1300.0,Transferencia SPEI
TRX-92363,SOC-2306,PROD-505,2024-05-25,480.0,Tarjeta de Débito
TRX-92364,SOC-3784,PROD-503,2024-08-22,6999.0,Tarjeta de Crédito
TRX-92365,SOC-3067,PROD-502,2024-08-25,1300.0,Efectivo
TRX-92366,SOC-3173,PROD-511,2026-03-12,50.0,Tarjeta de Crédito
TRX-92367,SOC-2591,PROD-509,2025-04-26,400.0,Tarjeta de Crédito
TRX-92368,SOC-2484,PROD-501,2026-04-07,650.0,Efectivo
TRX-92369,SOC-2138,PROD-502,2024-10-02,1300.0,Tarjeta de Crédito
TRX-92370,SOC-3094,PROD-502,2026-03-08,1300.0,Tarjeta de Débito
TRX-92371,SOC-3482,PROD-503,2024-06-05,6999.0,Tarjeta de Crédito
TRX-92372,SOC-2504,PROD-501,2024-11-29,650.0,Tarjeta de Débito
TRX-92373,SOC-3052,PROD-501,2025-05-27,650.0,Efectivo
TRX-92374,SOC-2807,PROD-503,2024-06-20,6485.37,Tarjeta de Crédito
TRX-92375,SOC-2496,PROD-510,2025-01-11,75.0,Tarjeta de Débito
TRX-92376,SOC-2948,PROD-504,2025-04-10,950.0,Efectivo
TRX-92377,SOC-3462,PROD-504,2024-06-14,950.0,Efectivo
TRX-92378,SOC-2138,PROD-507,2024-05-19,660.66,Transferencia SPEI
TRX-92379,SOC-3388,PROD-507,2025-07-17,750.0,Transferencia SPEI
TRX-92380,SOC-3076,PROD-508,2025-10-24,250.0,Tarjeta de Débito
TRX-92381,SOC-3611,PROD-510,2025-08-14,75.0,Transferencia SPEI
TRX-92382,SOC-3540,PROD-505,2025-06-20,480.0,Tarjeta de Crédito
TRX-92383,SOC-3031,PROD-508,2024-05-09,250.0,Tarjeta de Crédito
TRX-92384,SOC-2151,PROD-510,2025-01-11,75.0,Efectivo
TRX-92385,SOC-3238,PROD-507,2025-01-26,750.0,Tarjeta de Débito
TRX-92386,SOC-2049,PROD-506,2025-05-13,550.0,Efectivo
TRX-92387,SOC-2442,PROD-507,2026-03-04,750.0,Tarjeta de Crédito
TRX-92388,SOC-2922,PROD-510,2026-03-20,75.0,Tarjeta de Crédito
TRX-92389,SOC-3330,PROD-505,2025-02-09,480.0,Efectivo
TRX-92390,SOC-2466,PROD-508,2024-09-15,250.0,Transferencia SPEI
TRX-92391,SOC-3460,PROD-508,2025-01-15,250.0,Transferencia SPEI
TRX-92392,SOC-2268,PROD-507,2024-02-22,750.0,Tarjeta de Crédito
TRX-92393,SOC-3311,PROD-502,2024-10-29,1300.0,Tarjeta de Débito
TRX-92394,SOC-2953,PROD-507,2025-10-31,750.0,Efectivo
TRX-92395,SOC-3226,PROD-505,2024-12-29,480.0,Transferencia SPEI
TRX-92396,SOC-2083,PROD-508,2024-03-10,250.0,Tarjeta de Crédito
TRX-92397,SOC-2636,PROD-509,2024-06-18,373.92,Tarjeta de Débito
TRX-92398,SOC-2123,PROD-501,2025-06-05,650.0,Tarjeta de Débito
TRX-92399,SOC-2050,PROD-508,2025-02-17,250.0,Transferencia SPEI
TRX-92400,SOC-2711,PROD-510,2024-11-30,75.0,Efectivo
TRX-92401,SOC-3641,PROD-509,2025-08-22,353.7,Transferencia SPEI
TRX-92402,SOC-2888,PROD-509,2024-02-07,400.0,Efectivo
TRX-92403,SOC-2315,PROD-507,2024-12-04,750.0,Transferencia SPEI
TRX-92404,SOC-3499,PROD-512,2025-10-12,35.0,Tarjeta de Crédito
TRX-92405,SOC-3561,PROD-504,2024-04-05,950.0,Tarjeta de Débito
TRX-92406,SOC-2808,PROD-504,2024-02-12,900.77,Tarjeta de Crédito
TRX-92407,SOC-2399,PROD-507,2025-08-05,750.0,Tarjeta de Crédito
TRX-92408,SOC-2875,PROD-509,2025-08-04,400.0,Tarjeta de Crédito
TRX-92409,SOC-2002,PROD-502,2024-06-16,1300.0,Tarjeta de Débito
TRX-92410,SOC-3490,PROD-508,2026-03-16,219.94,Tarjeta de Crédito
TRX-92411,SOC-3378,PROD-508,2024-04-26,220.26,Tarjeta de Débito
TRX-92412,SOC-3264,PROD-512,2025-01-16,35.0,Tarjeta de Débito
TRX-92413,SOC-3182,PROD-509,2025-07-15,400.0,Tarjeta de Débito
TRX-92414,SOC-3294,PROD-511,2024-11-30,50.0,Tarjeta de Débito
TRX-92415,SOC-3652,PROD-510,2026-03-07,75.0,Tarjeta de Crédito
TRX-92416,SOC-3669,PROD-501,2025-03-20,650.0,Tarjeta de Débito
TRX-92417,SOC-3043,PROD-505,2025-05-25,480.0,Transferencia SPEI
TRX-92418,SOC-2106,PROD-510,2024-11-03,75.0,Tarjeta de Débito
TRX-92419,SOC-2219,PROD-503,2025-07-22,6999.0,Tarjeta de Crédito
TRX-92420,SOC-2510,PROD-508,2024-06-05,250.0,Tarjeta de Débito
TRX-92421,SOC-2846,PROD-512,2025-02-13,35.0,Tarjeta de Débito
TRX-92422,SOC-2613,PROD-502,2024-09-05,1300.0,Transferencia SPEI
TRX-92423,SOC-3358,PROD-502,2026-03-04,1300.0,Efectivo
TRX-92424,SOC-2893,PROD-507,2026-04-14,750.0,Transferencia SPEI
TRX-92425,SOC-2970,PROD-501,2024-12-07,650.0,Efectivo
TRX-92426,SOC-2631,PROD-504,2025-05-13,950.0,Transferencia SPEI
TRX-92427,SOC-2812,PROD-510,2024-08-07,75.0,Tarjeta de Crédito
TRX-92428,SOC-2587,PROD-504,2025-09-17,950.0,Tarjeta de Débito
TRX-92429,SOC-2327,PROD-510,2024-11-30,75.0,Efectivo
TRX-92430,SOC-2207,PROD-502,2024-03-25,1300.0,Efectivo
TRX-92431,SOC-2308,PROD-509,2025-03-14,400.0,Efectivo
TRX-92432,SOC-3626,PROD-512,2025-10-25,35.0,Efectivo
TRX-92433,SOC-2005,PROD-508,2024-06-30,226.57,Tarjeta de Débito
TRX-92434,SOC-3391,PROD-511,2026-04-26,50.0,Efectivo
TRX-92435,SOC-2083,PROD-503,2024-11-13,6999.0,Efectivo
TRX-92436,SOC-3194,PROD-502,2024-02-10,1300.0,Tarjeta de Crédito
TRX-92437,SOC-3617,PROD-503,2025-02-04,6999.0,Transferencia SPEI
TRX-92438,SOC-2221,PROD-505,2025-08-30,480.0,Efectivo
TRX-92439,SOC-3704,PROD-510,2024-10-18,66.05,Tarjeta de Débito
TRX-92440,SOC-2323,PROD-511,2026-03-05,50.0,Efectivo
TRX-92441,SOC-3017,PROD-510,2024-08-17,75.0,Efectivo
TRX-92442,SOC-2806,PROD-506,2025-11-11,550.0,Transferencia SPEI
TRX-92443,SOC-3660,PROD-508,2025-01-02,250.0,Tarjeta de Débito
TRX-92444,SOC-2602,PROD-511,2025-12-23,50.0,Transferencia SPEI
TRX-92445,SOC-3653,PROD-504,2026-03-24,950.0,Tarjeta de Débito
TRX-92446,SOC-3365,PROD-506,2024-08-03,550.0,Tarjeta de Crédito
TRX-92447,SOC-3441,PROD-503,2024-02-07,6032.07,Efectivo
TRX-92448,SOC-2303,PROD-502,2025-04-04,1094.06,Tarjeta de Débito
TRX-92449,SOC-3578,PROD-506,2025-12-05,550.0,Tarjeta de Crédito
TRX-92450,SOC-3472,PROD-508,2025-03-21,250.0,Tarjeta de Débito
TRX-92451,SOC-3453,PROD-504,2025-04-29,950.0,Tarjeta de Débito
TRX-92452,SOC-2321,PROD-507,2024-07-15,750.0,Efectivo
TRX-92453,SOC-2065,PROD-505,2025-02-02,480.0,Transferencia SPEI
TRX-92454,SOC-2950,PROD-511,2025-02-11,50.0,Tarjeta de Débito
TRX-92455,SOC-2921,PROD-503,2026-04-15,6999.0,Transferencia SPEI
TRX-92456,SOC-3349,PROD-506,2026-02-08,550.0,Tarjeta de Crédito
TRX-92457,SOC-2016,PROD-503,2024-09-13,6999.0,Transferencia SPEI
TRX-92458,SOC-3794,PROD-506,2024-05-31,510.92,Transferencia SPEI
TRX-92459,SOC-2570,PROD-504,2026-01-08,950.0,Efectivo
TRX-92460,SOC-3579,PROD-501,2025-10-08,650.0,Tarjeta de Débito
TRX-92461,SOC-3639,PROD-510,2025-01-16,75.0,Efectivo
TRX-92462,SOC-2989,PROD-509,2024-07-25,400.0,Tarjeta de Débito
TRX-92463,SOC-3394,PROD-511,2026-01-24,50.0,Tarjeta de Débito
TRX-92464,SOC-3088,PROD-507,2025-06-25,750.0,Tarjeta de Crédito
TRX-92465,SOC-2891,PROD-512,2026-03-30,28.19,Tarjeta de Débito
TRX-92466,SOC-3104,PROD-508,2024-02-15,250.0,Efectivo
TRX-92467,SOC-2835,PROD-510,2025-10-04,75.0,Efectivo
TRX-92468,SOC-2972,PROD-507,2025-04-19,750.0,Tarjeta de Crédito
TRX-92469,SOC-2646,PROD-510,2024-08-16,75.0,Tarjeta de Débito
TRX-92470,SOC-3336,PROD-501,2026-04-16,650.0,Tarjeta de Débito
TRX-92471,SOC-2809,PROD-505,2024-01-05,480.0,Efectivo
TRX-92472,SOC-2455,PROD-508,2024-09-01,250.0,Transferencia SPEI
TRX-92473,SOC-2098,PROD-502,2026-04-01,1300.0,Transferencia SPEI
TRX-92474,SOC-2034,PROD-509,2026-01-20,400.0,Tarjeta de Débito
TRX-92475,SOC-3575,PROD-510,2025-11-10,60.13,Tarjeta de Crédito
TRX-92476,SOC-3094,PROD-511,2025-07-19,50.0,Efectivo
TRX-92477,SOC-3752,PROD-504,2025-02-02,950.0,Tarjeta de Débito
TRX-92478,SOC-2363,PROD-509,2025-11-02,400.0,Transferencia SPEI
TRX-92479,SOC-2164,PROD-506,2025-10-24,550.0,Transferencia SPEI
TRX-92480,SOC-2043,PROD-502,2024-05-12,1300.0,Tarjeta de Débito
TRX-92481,SOC-2347,PROD-511,2024-10-26,50.0,Transferencia SPEI
TRX-92482,SOC-2332,PROD-507,2024-07-27,750.0,Tarjeta de Débito
TRX-92483,SOC-2200,PROD-505,2024-11-12,480.0,Efectivo
TRX-92484,SOC-2157,PROD-503,2024-05-04,6999.0,Efectivo
TRX-92485,SOC-2491,PROD-502,2026-03-08,1300.0,Tarjeta de Débito
TRX-92486,SOC-2367,PROD-502,2026-02-22,1300.0,Efectivo
TRX-92487,SOC-3025,PROD-509,2025-04-21,400.0,Transferencia SPEI
TRX-92488,SOC-3369,PROD-510,2024-10-11,75.0,Tarjeta de Débito
TRX-92489,SOC-3616,PROD-502,2024-12-27,1300.0,Tarjeta de Crédito
TRX-92490,SOC-3117,PROD-505,2026-01-12,390.2,Efectivo
TRX-92491,SOC-2130,PROD-503,2024-05-29,6999.0,Tarjeta de Crédito
TRX-92492,SOC-2981,PROD-511,2024-12-25,41.1,Transferencia SPEI
TRX-92493,SOC-2213,PROD-509,2026-03-05,400.0,Tarjeta de Crédito
TRX-92494,SOC-2344,PROD-504,2025-09-27,950.0,Efectivo
TRX-92495,SOC-3526,PROD-504,2025-11-03,950.0,Transferencia SPEI
TRX-92496,SOC-3142,PROD-508,2025-01-31,250.0,Tarjeta de Débito
TRX-92497,SOC-2408,PROD-501,2024-02-07,650.0,Efectivo
TRX-92498,SOC-3170,PROD-506,2024-01-18,550.0,Tarjeta de Débito
TRX-92499,SOC-3329,PROD-506,2025-03-01,550.0,Efectivo
TRX-92500,SOC-2646,PROD-508,2024-03-28,233.9,Efectivo
TRX-92501,SOC-3215,PROD-503,2025-04-29,6999.0,Tarjeta de Débito
TRX-92502,SOC-2246,PROD-510,2026-04-10,61.85,Tarjeta de Débito
TRX-92503,SOC-2504,PROD-505,2025-07-03,480.0,Tarjeta de Débito
TRX-92504,SOC-2080,PROD-502,2024-02-26,1300.0,Tarjeta de Crédito
TRX-92505,SOC-3426,PROD-505,2026-04-15,480.0,Tarjeta de Crédito
TRX-92506,SOC-2575,PROD-506,2025-02-25,550.0,Tarjeta de Débito
TRX-92507,SOC-2154,PROD-508,2024-11-11,250.0,Transferencia SPEI
TRX-92508,SOC-2047,PROD-501,2024-10-18,650.0,Efectivo
TRX-92509,SOC-3781,PROD-503,2025-06-21,6999.0,Efectivo
TRX-92510,SOC-2743,PROD-502,2024-04-07,1300.0,Tarjeta de Débito
TRX-92511,SOC-2652,PROD-502,2024-07-06,1300.0,Efectivo
TRX-92512,SOC-2475,PROD-501,2024-10-10,650.0,Efectivo
TRX-92513,SOC-3663,PROD-512,2025-07-16,35.0,Tarjeta de Débito
TRX-92514,SOC-3132,PROD-511,2024-10-31,44.47,Efectivo
TRX-92515,SOC-2639,PROD-507,2024-04-05,750.0,Tarjeta de Débito
TRX-92516,SOC-3518,PROD-501,2024-05-20,524.97,Efectivo
TRX-92517,SOC-2219,PROD-508,2024-02-13,250.0,Tarjeta de Débito
TRX-92518,SOC-2832,PROD-509,2024-04-19,400.0,Tarjeta de Crédito
TRX-92519,SOC-2168,PROD-506,2024-06-21,550.0,Efectivo
TRX-92520,SOC-3292,PROD-501,2025-04-26,650.0,Tarjeta de Crédito
TRX-92521,SOC-2347,PROD-512,2026-04-21,35.0,Tarjeta de Crédito
TRX-92522,SOC-2836,PROD-501,2025-11-28,650.0,Tarjeta de Débito
TRX-92523,SOC-3182,PROD-512,2026-03-05,35.0,Transferencia SPEI
TRX-92524,SOC-3122,PROD-504,2024-03-01,950.0,Transferencia SPEI
TRX-92525,SOC-2395,PROD-509,2024-10-26,400.0,Transferencia SPEI
TRX-92526,SOC-3210,PROD-507,2025-08-15,750.0,Tarjeta de Crédito
TRX-92527,SOC-3263,PROD-502,2025-12-24,1300.0,Transferencia SPEI
TRX-92528,SOC-2003,PROD-502,2025-02-19,1300.0,Tarjeta de Débito
TRX-92529,SOC-3416,PROD-503,2025-08-13,6999.0,Efectivo
TRX-92530,SOC-3375,PROD-504,2024-05-15,950.0,Tarjeta de Crédito
TRX-92531,SOC-2512,PROD-512,2024-02-17,35.0,Transferencia SPEI
TRX-92532,SOC-2273,PROD-504,2024-10-10,950.0,Efectivo
TRX-92533,SOC-3335,PROD-504,2026-01-04,803.29,Transferencia SPEI
TRX-92534,SOC-2220,PROD-506,2024-07-30,550.0,Tarjeta de Crédito
TRX-92535,SOC-3484,PROD-511,2026-03-15,44.730000000000004,Transferencia SPEI
TRX-92536,SOC-2776,PROD-511,2025-06-15,50.0,Transferencia SPEI
TRX-92537,SOC-3359,PROD-504,2025-10-12,847.04,Tarjeta de Crédito
TRX-92538,SOC-3782,PROD-511,2025-11-09,50.0,Transferencia SPEI
TRX-92539,SOC-2561,PROD-507,2024-02-20,750.0,Transferencia SPEI
TRX-92540,SOC-2950,PROD-503,2024-03-03,6999.0,Efectivo
TRX-92541,SOC-3533,PROD-508,2025-06-20,250.0,Transferencia SPEI
TRX-92542,SOC-2227,PROD-505,2024-05-24,480.0,Tarjeta de Crédito
TRX-92543,SOC-2873,PROD-501,2025-04-29,650.0,Efectivo
TRX-92544,SOC-3202,PROD-508,2024-12-22,250.0,Tarjeta de Crédito
TRX-92545,SOC-2921,PROD-504,2025-12-05,950.0,Transferencia SPEI
TRX-92546,SOC-2800,PROD-505,2024-06-13,480.0,Transferencia SPEI
TRX-92547,SOC-2274,PROD-501,2026-03-10,650.0,Transferencia SPEI
TRX-92548,SOC-2788,PROD-504,2025-07-18,950.0,Tarjeta de Crédito
TRX-92549,SOC-2225,PROD-505,2026-01-08,480.0,Tarjeta de Débito
TRX-92550,SOC-3413,PROD-502,2024-10-05,1300.0,Tarjeta de Débito
TRX-92551,SOC-3529,PROD-507,2024-01-21,604.8199999999999,Efectivo
TRX-92552,SOC-2495,PROD-505,2024-09-15,480.0,Tarjeta de Crédito
TRX-92553,SOC-3286,PROD-508,2025-06-25,201.55,Tarjeta de Débito
TRX-92554,SOC-3574,PROD-512,2026-02-27,35.0,Tarjeta de Débito
TRX-92555,SOC-2003,PROD-508,2024-07-17,250.0,Tarjeta de Débito
TRX-92556,SOC-3477,PROD-507,2024-09-14,750.0,Tarjeta de Débito
TRX-92557,SOC-3201,PROD-504,2025-10-05,950.0,Tarjeta de Débito
TRX-92558,SOC-2197,PROD-507,2025-04-28,750.0,Tarjeta de Crédito
TRX-92559,SOC-2666,PROD-501,2024-12-10,650.0,Tarjeta de Crédito
TRX-92560,SOC-3091,PROD-506,2025-05-19,550.0,Efectivo
TRX-92561,SOC-3413,PROD-502,2024-04-15,1300.0,Tarjeta de Crédito
TRX-92562,SOC-2474,PROD-507,2024-02-14,750.0,Transferencia SPEI
TRX-92563,SOC-3096,PROD-512,2024-03-15,28.05,Transferencia SPEI
TRX-92564,SOC-3472,PROD-503,2024-08-14,6999.0,Tarjeta de Crédito
TRX-92565,SOC-2760,PROD-502,2024-02-07,1300.0,Transferencia SPEI
TRX-92566,SOC-2247,PROD-505,2025-10-20,480.0,Transferencia SPEI
TRX-92567,SOC-2429,PROD-502,2024-12-14,1300.0,Efectivo
TRX-92568,SOC-2192,PROD-505,2026-03-21,480.0,Tarjeta de Crédito
TRX-92569,SOC-2091,PROD-508,2025-12-06,250.0,Tarjeta de Crédito
TRX-92570,SOC-3347,PROD-512,2026-01-16,28.83,Tarjeta de Crédito
TRX-92571,SOC-3630,PROD-507,2024-12-04,655.83,Tarjeta de Crédito
TRX-92572,SOC-3179,PROD-505,2024-01-01,480.0,Tarjeta de Débito
TRX-92573,SOC-2731,PROD-508,2025-07-23,250.0,Efectivo
TRX-92574,SOC-3514,PROD-502,2025-10-04,1300.0,Tarjeta de Débito
TRX-92575,SOC-2395,PROD-503,2026-04-22,6999.0,Efectivo
TRX-92576,SOC-3501,PROD-503,2024-07-19,6999.0,Tarjeta de Crédito
TRX-92577,SOC-2272,PROD-505,2025-04-16,423.64,Tarjeta de Crédito
TRX-92578,SOC-2065,PROD-502,2026-01-13,1300.0,Tarjeta de Crédito
TRX-92579,SOC-2751,PROD-511,2026-02-13,50.0,Tarjeta de Débito
TRX-92580,SOC-3710,PROD-511,2025-03-18,50.0,Efectivo
TRX-92581,SOC-3708,PROD-503,2025-04-30,6999.0,Tarjeta de Crédito
TRX-92582,SOC-2768,PROD-501,2025-06-29,650.0,Transferencia SPEI
TRX-92583,SOC-2223,PROD-502,2026-02-21,1300.0,Efectivo
TRX-92584,SOC-2315,PROD-507,2024-04-21,750.0,Tarjeta de Crédito
TRX-92585,SOC-2546,PROD-512,2025-06-16,35.0,Tarjeta de Débito
TRX-92586,SOC-2928,PROD-503,2026-04-28,6999.0,Tarjeta de Crédito
TRX-92587,SOC-2920,PROD-507,2024-06-25,750.0,Transferencia SPEI
TRX-92588,SOC-2572,PROD-506,2024-09-23,550.0,Efectivo
TRX-92589,SOC-2402,PROD-507,2024-10-29,750.0,Transferencia SPEI
TRX-92590,SOC-2187,PROD-510,2024-04-28,75.0,Tarjeta de Crédito
TRX-92591,SOC-2111,PROD-504,2026-01-24,950.0,Efectivo
TRX-92592,SOC-3148,PROD-508,2025-02-08,250.0,Tarjeta de Crédito
TRX-92593,SOC-2109,PROD-509,2024-07-03,400.0,Tarjeta de Crédito
TRX-92594,SOC-3637,PROD-503,2024-09-03,6999.0,Efectivo
TRX-92595,SOC-2495,PROD-509,2025-07-19,348.5,Efectivo
TRX-92596,SOC-2532,PROD-505,2024-12-06,480.0,Tarjeta de Crédito
TRX-92597,SOC-2091,PROD-507,2025-05-17,750.0,Tarjeta de Crédito
TRX-92598,SOC-2287,PROD-504,2025-12-16,950.0,Tarjeta de Crédito
TRX-92599,SOC-3280,PROD-508,2024-03-14,250.0,Efectivo
TRX-92600,SOC-3511,PROD-506,2025-04-16,550.0,Tarjeta de Débito
TRX-92601,SOC-3736,PROD-506,2024-01-31,521.55,Efectivo
TRX-92602,SOC-3588,PROD-511,2025-12-08,41.43,Efectivo
TRX-92603,SOC-2172,PROD-506,2024-06-17,550.0,Efectivo
TRX-92604,SOC-2170,PROD-512,2024-07-13,35.0,Efectivo
TRX-92605,SOC-2900,PROD-509,2025-10-25,400.0,Efectivo
TRX-92606,SOC-3473,PROD-503,2024-12-27,6999.0,Efectivo
TRX-92607,SOC-3628,PROD-509,2025-10-23,400.0,Tarjeta de Débito
TRX-92608,SOC-2535,PROD-503,2024-03-28,6999.0,Tarjeta de Crédito
TRX-92609,SOC-3230,PROD-511,2025-08-13,50.0,Tarjeta de Débito
TRX-92610,SOC-3006,PROD-509,2026-02-25,369.46,Tarjeta de Débito
TRX-92611,SOC-3027,PROD-510,2026-03-18,66.98,Efectivo
TRX-92612,SOC-3039,PROD-507,2025-04-23,645.09,Efectivo
TRX-92613,SOC-3356,PROD-505,2024-09-08,480.0,Tarjeta de Débito
TRX-92614,SOC-2182,PROD-506,2026-01-11,550.0,Tarjeta de Crédito
TRX-92615,SOC-2830,PROD-507,2025-07-30,666.04,Tarjeta de Débito
TRX-92616,SOC-3048,PROD-504,2024-11-25,950.0,Efectivo
TRX-92617,SOC-2750,PROD-505,2026-04-21,480.0,Transferencia SPEI
TRX-92618,SOC-3495,PROD-501,2025-07-19,650.0,Transferencia SPEI
TRX-92619,SOC-2109,PROD-507,2024-07-31,750.0,Transferencia SPEI
TRX-92620,SOC-3266,PROD-506,2026-03-16,550.0,Tarjeta de Crédito
TRX-92621,SOC-2258,PROD-502,2024-03-03,1300.0,Efectivo
TRX-92622,SOC-2251,PROD-507,2024-09-15,750.0,Efectivo
TRX-92623,SOC-3139,PROD-509,2026-01-26,342.47,Tarjeta de Débito
TRX-92624,SOC-3756,PROD-511,2024-06-30,50.0,Transferencia SPEI
TRX-92625,SOC-3021,PROD-504,2025-06-12,950.0,Tarjeta de Crédito
TRX-92626,SOC-3083,PROD-511,2024-03-06,50.0,Tarjeta de Crédito
TRX-92627,SOC-2318,PROD-511,2024-03-08,44.5,Tarjeta de Débito
TRX-92628,SOC-3487,PROD-503,2025-06-18,6999.0,Tarjeta de Débito
TRX-92629,SOC-2835,PROD-505,2024-06-11,392.68,Tarjeta de Crédito
TRX-92630,SOC-2755,PROD-512,2026-01-12,35.0,Transferencia SPEI
TRX-92631,SOC-2439,PROD-502,2024-11-13,1300.0,Tarjeta de Débito
TRX-92632,SOC-2169,PROD-508,2024-02-11,250.0,Tarjeta de Débito
TRX-92633,SOC-3294,PROD-507,2024-06-09,750.0,Tarjeta de Débito
TRX-92634,SOC-3552,PROD-505,2024-02-13,480.0,Tarjeta de Crédito
TRX-92635,SOC-3477,PROD-511,2025-01-12,50.0,Tarjeta de Crédito
TRX-92636,SOC-2602,PROD-504,2026-01-16,890.44,Transferencia SPEI
TRX-92637,SOC-2631,PROD-507,2026-03-22,750.0,Tarjeta de Débito
TRX-92638,SOC-3051,PROD-510,2026-04-14,75.0,Efectivo
TRX-92639,SOC-3582,PROD-504,2026-01-18,868.09,Tarjeta de Crédito
TRX-92640,SOC-3701,PROD-505,2024-12-05,480.0,Tarjeta de Crédito
TRX-92641,SOC-2954,PROD-510,2025-12-14,63.51,Efectivo
TRX-92642,SOC-2594,PROD-511,2025-10-16,41.1,Tarjeta de Crédito
TRX-92643,SOC-2420,PROD-504,2024-08-01,950.0,Tarjeta de Débito
TRX-92644,SOC-2398,PROD-509,2024-09-20,400.0,Efectivo
TRX-92645,SOC-2809,PROD-512,2024-08-15,35.0,Efectivo
TRX-92646,SOC-2185,PROD-502,2025-12-29,1300.0,Transferencia SPEI
TRX-92647,SOC-3478,PROD-502,2025-07-11,1044.76,Tarjeta de Crédito
TRX-92648,SOC-3216,PROD-502,2025-10-08,1300.0,Transferencia SPEI
TRX-92649,SOC-2444,PROD-503,2025-02-18,6999.0,Tarjeta de Crédito
TRX-92650,SOC-2081,PROD-507,2024-02-05,750.0,Efectivo
TRX-92651,SOC-3537,PROD-510,2026-02-18,75.0,Tarjeta de Débito
TRX-92652,SOC-2798,PROD-502,2025-04-17,1300.0,Transferencia SPEI
TRX-92653,SOC-3596,PROD-509,2026-01-07,400.0,Efectivo
TRX-92654,SOC-2022,PROD-503,2024-08-01,6999.0,Efectivo
TRX-92655,SOC-3201,PROD-502,2024-12-08,1300.0,Efectivo
TRX-92656,SOC-3126,PROD-503,2025-09-03,6999.0,Efectivo
TRX-92657,SOC-2501,PROD-512,2025-01-21,35.0,Transferencia SPEI
TRX-92658,SOC-2541,PROD-512,2024-10-17,35.0,Efectivo
TRX-92659,SOC-3485,PROD-507,2024-01-04,750.0,Tarjeta de Crédito
TRX-92660,SOC-2803,PROD-506,2025-09-16,550.0,Tarjeta de Crédito
TRX-92661,SOC-2119,PROD-502,2024-11-14,1300.0,Efectivo
TRX-92662,SOC-3784,PROD-509,2025-10-16,400.0,Tarjeta de Débito
TRX-92663,SOC-2223,PROD-509,2024-10-26,400.0,Transferencia SPEI
TRX-92664,SOC-3086,PROD-508,2024-12-17,250.0,Tarjeta de Crédito
TRX-92665,SOC-3550,PROD-507,2024-07-18,750.0,Tarjeta de Crédito
TRX-92666,SOC-2442,PROD-510,2025-09-08,75.0,Efectivo
TRX-92667,SOC-2492,PROD-508,2024-10-08,250.0,Transferencia SPEI
TRX-92668,SOC-2158,PROD-502,2024-09-18,1300.0,Tarjeta de Débito
TRX-92669,SOC-2267,PROD-509,2025-07-02,400.0,Efectivo
TRX-92670,SOC-3699,PROD-506,2025-10-07,457.15999999999997,Tarjeta de Crédito
TRX-92671,SOC-3009,PROD-507,2025-03-14,750.0,Efectivo
TRX-92672,SOC-3064,PROD-512,2024-04-08,32.57,Efectivo
TRX-92673,SOC-2087,PROD-504,2024-02-26,950.0,Tarjeta de Crédito
TRX-92674,SOC-2740,PROD-507,2025-02-11,750.0,Efectivo
TRX-92675,SOC-3676,PROD-501,2025-01-30,650.0,Transferencia SPEI
TRX-92676,SOC-2149,PROD-506,2026-02-02,550.0,Tarjeta de Crédito
TRX-92677,SOC-3573,PROD-504,2024-09-17,950.0,Tarjeta de Débito
TRX-92678,SOC-2107,PROD-507,2025-06-05,750.0,Transferencia SPEI
TRX-92679,SOC-3172,PROD-502,2025-05-12,1300.0,Transferencia SPEI
TRX-92680,SOC-2870,PROD-509,2025-10-21,400.0,Tarjeta de Crédito
TRX-92681,SOC-3075,PROD-505,2024-10-24,480.0,Efectivo
TRX-92682,SOC-2238,PROD-504,2024-11-07,950.0,Efectivo
TRX-92683,SOC-3626,PROD-509,2025-04-03,400.0,Tarjeta de Débito
TRX-92684,SOC-2612,PROD-504,2025-05-03,950.0,Tarjeta de Crédito
TRX-92685,SOC-2835,PROD-501,2024-08-05,650.0,Tarjeta de Débito
TRX-92686,SOC-3259,PROD-512,2024-05-07,29.75,Transferencia SPEI
TRX-92687,SOC-3416,PROD-512,2024-01-19,35.0,Efectivo
TRX-92688,SOC-3040,PROD-506,2025-08-01,550.0,Efectivo
TRX-92689,SOC-3646,PROD-505,2024-10-19,480.0,Efectivo
TRX-92690,SOC-3464,PROD-508,2024-09-18,250.0,Tarjeta de Crédito
TRX-92691,SOC-2826,PROD-510,2025-12-24,75.0,Transferencia SPEI
TRX-92692,SOC-3571,PROD-510,2025-08-09,75.0,Tarjeta de Débito
TRX-92693,SOC-3701,PROD-509,2025-10-19,400.0,Transferencia SPEI
TRX-92694,SOC-2184,PROD-509,2024-10-29,332.99,Transferencia SPEI
TRX-92695,SOC-3305,PROD-510,2024-09-11,64.89,Tarjeta de Débito
TRX-92696,SOC-2044,PROD-509,2024-11-13,400.0,Tarjeta de Crédito
TRX-92697,SOC-2359,PROD-504,2024-04-20,950.0,Tarjeta de Crédito
TRX-92698,SOC-2603,PROD-503,2026-03-05,6999.0,Transferencia SPEI
TRX-92699,SOC-3155,PROD-509,2024-02-26,400.0,Efectivo
TRX-92700,SOC-3143,PROD-508,2024-06-07,250.0,Efectivo
TRX-92701,SOC-2937,PROD-507,2024-02-01,750.0,Tarjeta de Crédito
TRX-92702,SOC-3535,PROD-504,2024-11-12,950.0,Tarjeta de Crédito
TRX-92703,SOC-3065,PROD-510,2024-08-13,75.0,Tarjeta de Débito
TRX-92704,SOC-3332,PROD-504,2025-06-16,774.67,Efectivo
TRX-92705,SOC-3713,PROD-505,2026-04-27,431.18,Transferencia SPEI
TRX-92706,SOC-3360,PROD-502,2024-05-25,1300.0,Transferencia SPEI
TRX-92707,SOC-2700,PROD-501,2025-07-16,650.0,Tarjeta de Crédito
TRX-92708,SOC-2832,PROD-510,2026-02-20,75.0,Tarjeta de Crédito
TRX-92709,SOC-2890,PROD-511,2024-09-29,43.37,Transferencia SPEI
TRX-92710,SOC-2706,PROD-507,2025-10-07,619.21,Efectivo
TRX-92711,SOC-3151,PROD-508,2026-04-08,250.0,Tarjeta de Crédito
TRX-92712,SOC-3570,PROD-504,2026-04-06,950.0,Tarjeta de Débito
TRX-92713,SOC-3537,PROD-502,2024-09-14,1300.0,Tarjeta de Débito
TRX-92714,SOC-2817,PROD-509,2024-06-01,400.0,Tarjeta de Débito
TRX-92715,SOC-3741,PROD-509,2024-10-05,400.0,Efectivo
TRX-92716,SOC-3751,PROD-501,2024-06-17,650.0,Tarjeta de Crédito
TRX-92717,SOC-2003,PROD-501,2025-11-14,650.0,Transferencia SPEI
TRX-92718,SOC-3230,PROD-507,2025-02-02,706.3,Transferencia SPEI
TRX-92719,SOC-3032,PROD-504,2024-03-17,874.95,Tarjeta de Débito
TRX-92720,SOC-3687,PROD-501,2024-02-19,650.0,Transferencia SPEI
TRX-92721,SOC-3081,PROD-501,2025-09-18,650.0,Efectivo
TRX-92722,SOC-2601,PROD-511,2025-09-13,41.97,Efectivo
TRX-92723,SOC-2929,PROD-507,2026-03-03,750.0,Tarjeta de Crédito
TRX-92724,SOC-3786,PROD-510,2025-03-29,75.0,Tarjeta de Crédito
TRX-92725,SOC-2104,PROD-512,2025-01-12,35.0,Tarjeta de Débito
TRX-92726,SOC-2554,PROD-501,2025-05-22,650.0,Tarjeta de Débito
TRX-92727,SOC-2801,PROD-503,2024-02-29,6999.0,Transferencia SPEI
TRX-92728,SOC-2287,PROD-512,2025-02-16,35.0,Transferencia SPEI
TRX-92729,SOC-3376,PROD-503,2025-09-02,6628.62,Efectivo
TRX-92730,SOC-3528,PROD-508,2026-01-12,250.0,Transferencia SPEI
TRX-92731,SOC-2788,PROD-501,2024-06-13,650.0,Efectivo
TRX-92732,SOC-3576,PROD-505,2024-01-24,480.0,Tarjeta de Débito
TRX-92733,SOC-2138,PROD-504,2024-07-22,950.0,Tarjeta de Crédito
TRX-92734,SOC-2183,PROD-503,2024-11-17,6999.0,Tarjeta de Crédito
TRX-92735,SOC-2415,PROD-506,2025-02-14,477.56,Efectivo
TRX-92736,SOC-2951,PROD-501,2024-07-28,650.0,Tarjeta de Crédito
TRX-92737,SOC-3389,PROD-502,2024-03-21,1300.0,Efectivo
TRX-92738,SOC-2778,PROD-502,2024-08-12,1300.0,Tarjeta de Crédito
TRX-92739,SOC-3690,PROD-509,2025-11-16,400.0,Transferencia SPEI
TRX-92740,SOC-3016,PROD-509,2025-08-10,400.0,Transferencia SPEI
TRX-92741,SOC-2249,PROD-504,2024-08-11,950.0,Tarjeta de Débito
TRX-92742,SOC-2629,PROD-505,2025-08-29,386.79,Tarjeta de Débito
TRX-92743,SOC-2098,PROD-503,2025-02-09,6999.0,Efectivo
TRX-92744,SOC-3675,PROD-502,2025-03-17,1300.0,Efectivo
TRX-92745,SOC-2485,PROD-508,2024-07-28,250.0,Efectivo
TRX-92746,SOC-2816,PROD-508,2025-07-01,232.18,Transferencia SPEI
TRX-92747,SOC-3518,PROD-508,2025-11-14,250.0,Tarjeta de Crédito
TRX-92748,SOC-2154,PROD-501,2024-06-14,650.0,Transferencia SPEI
TRX-92749,SOC-3681,PROD-510,2025-07-03,75.0,Efectivo
TRX-92750,SOC-3287,PROD-504,2024-09-24,950.0,Transferencia SPEI
TRX-92751,SOC-2352,PROD-510,2025-07-13,75.0,Transferencia SPEI
TRX-92752,SOC-3607,PROD-512,2025-12-04,35.0,Tarjeta de Crédito
TRX-92753,SOC-3553,PROD-507,2026-04-26,750.0,Tarjeta de Crédito
TRX-92754,SOC-3796,PROD-502,2025-06-11,1300.0,Tarjeta de Débito
TRX-92755,SOC-2837,PROD-501,2024-12-12,650.0,Transferencia SPEI
TRX-92756,SOC-3514,PROD-501,2025-05-19,650.0,Transferencia SPEI
TRX-92757,SOC-2825,PROD-511,2024-05-01,50.0,Efectivo
TRX-92758,SOC-2825,PROD-508,2024-08-29,250.0,Tarjeta de Crédito
TRX-92759,SOC-3762,PROD-501,2025-01-08,650.0,Transferencia SPEI
TRX-92760,SOC-3108,PROD-503,2024-03-27,6999.0,Tarjeta de Crédito
TRX-92761,SOC-2370,PROD-504,2025-10-06,950.0,Tarjeta de Crédito
TRX-92762,SOC-2177,PROD-507,2025-11-26,750.0,Tarjeta de Débito
TRX-92763,SOC-2031,PROD-506,2025-07-06,550.0,Efectivo
TRX-92764,SOC-3407,PROD-505,2025-02-18,480.0,Efectivo
TRX-92765,SOC-3071,PROD-511,2026-02-27,50.0,Efectivo
TRX-92766,SOC-3169,PROD-503,2024-12-01,6999.0,Transferencia SPEI
TRX-92767,SOC-3547,PROD-510,2024-02-10,75.0,Tarjeta de Débito
TRX-92768,SOC-2482,PROD-507,2025-09-30,750.0,Tarjeta de Débito
TRX-92769,SOC-3605,PROD-509,2024-01-17,400.0,Tarjeta de Crédito
TRX-92770,SOC-2078,PROD-506,2026-03-28,472.57,Tarjeta de Crédito
TRX-92771,SOC-3357,PROD-509,2025-03-19,400.0,Tarjeta de Débito
TRX-92772,SOC-3040,PROD-505,2025-10-25,392.46,Tarjeta de Débito
TRX-92773,SOC-3733,PROD-512,2025-09-16,35.0,Efectivo
TRX-92774,SOC-3326,PROD-502,2024-10-17,1300.0,Transferencia SPEI
TRX-92775,SOC-3660,PROD-501,2025-12-12,650.0,Efectivo
TRX-92776,SOC-2732,PROD-503,2024-08-28,6999.0,Transferencia SPEI
TRX-92777,SOC-2917,PROD-507,2025-05-04,750.0,Tarjeta de Crédito
TRX-92778,SOC-2054,PROD-510,2025-04-07,75.0,Efectivo
TRX-92779,SOC-3258,PROD-502,2026-01-06,1300.0,Transferencia SPEI
TRX-92780,SOC-3014,PROD-510,2025-06-28,75.0,Tarjeta de Crédito
TRX-92781,SOC-3756,PROD-510,2025-08-11,75.0,Transferencia SPEI
TRX-92782,SOC-3472,PROD-503,2024-05-12,6999.0,Tarjeta de Crédito
TRX-92783,SOC-3012,PROD-512,2024-02-09,35.0,Tarjeta de Débito
TRX-92784,SOC-3396,PROD-509,2024-01-01,400.0,Tarjeta de Crédito
TRX-92785,SOC-3398,PROD-511,2026-03-22,50.0,Efectivo
TRX-92786,SOC-3425,PROD-505,2024-01-31,480.0,Tarjeta de Débito
TRX-92787,SOC-3548,PROD-507,2025-01-25,750.0,Tarjeta de Débito
TRX-92788,SOC-3405,PROD-508,2025-08-05,212.26,Tarjeta de Crédito
TRX-92789,SOC-2573,PROD-509,2024-06-29,400.0,Tarjeta de Débito
TRX-92790,SOC-3746,PROD-506,2024-10-01,550.0,Transferencia SPEI
TRX-92791,SOC-2944,PROD-510,2025-02-07,75.0,Tarjeta de Débito
TRX-92792,SOC-3693,PROD-510,2024-10-28,75.0,Tarjeta de Crédito
TRX-92793,SOC-3299,PROD-503,2025-11-30,6999.0,Tarjeta de Débito
TRX-92794,SOC-3617,PROD-507,2026-04-30,750.0,Tarjeta de Crédito
TRX-92795,SOC-3119,PROD-510,2024-04-15,75.0,Tarjeta de Crédito
TRX-92796,SOC-2534,PROD-502,2025-12-01,1300.0,Tarjeta de Débito
TRX-92797,SOC-2383,PROD-509,2026-02-18,400.0,Transferencia SPEI
TRX-92798,SOC-2365,PROD-506,2025-02-02,550.0,Tarjeta de Crédito
TRX-92799,SOC-2827,PROD-510,2024-08-14,75.0,Tarjeta de Crédito
TRX-92800,SOC-2704,PROD-509,2025-09-14,400.0,Tarjeta de Débito
TRX-92801,SOC-2210,PROD-504,2025-05-31,801.24,Tarjeta de Débito
TRX-92802,SOC-2750,PROD-501,2025-10-23,650.0,Tarjeta de Débito
TRX-92803,SOC-2792,PROD-509,2024-11-28,360.77,Transferencia SPEI
TRX-92804,SOC-3584,PROD-511,2024-10-21,50.0,Tarjeta de Crédito
TRX-92805,SOC-2016,PROD-504,2024-11-09,950.0,Efectivo
TRX-92806,SOC-3798,PROD-511,2025-06-08,50.0,Efectivo
TRX-92807,SOC-3705,PROD-502,2025-05-07,1300.0,Tarjeta de Crédito
TRX-92808,SOC-2097,PROD-504,2025-06-18,950.0,Tarjeta de Débito
TRX-92809,SOC-3192,PROD-504,2024-10-02,950.0,Efectivo
TRX-92810,SOC-3718,PROD-506,2024-08-03,550.0,Efectivo
TRX-92811,SOC-2667,PROD-505,2025-04-09,396.40999999999997,Tarjeta de Crédito
TRX-92812,SOC-2220,PROD-504,2026-01-16,950.0,Tarjeta de Crédito
TRX-92813,SOC-3675,PROD-507,2025-05-02,750.0,Efectivo
TRX-92814,SOC-2488,PROD-507,2025-04-03,750.0,Efectivo
TRX-92815,SOC-2033,PROD-510,2024-09-29,75.0,Tarjeta de Crédito
TRX-92816,SOC-3428,PROD-511,2026-04-01,40.37,Efectivo
TRX-92817,SOC-2073,PROD-506,2024-06-30,550.0,Efectivo
TRX-92818,SOC-3426,PROD-510,2025-06-20,75.0,Efectivo
TRX-92819,SOC-3240,PROD-512,2024-05-14,35.0,Efectivo
TRX-92820,SOC-2557,PROD-506,2024-05-12,550.0,Tarjeta de Débito
TRX-92821,SOC-2824,PROD-503,2024-05-20,6999.0,Transferencia SPEI
TRX-92822,SOC-2853,PROD-501,2024-11-28,650.0,Transferencia SPEI
TRX-92823,SOC-3623,PROD-508,2025-07-05,250.0,Tarjeta de Débito
TRX-92824,SOC-3767,PROD-503,2024-05-21,6999.0,Tarjeta de Débito
TRX-92825,SOC-3045,PROD-506,2026-01-28,550.0,Tarjeta de Débito
TRX-92826,SOC-3109,PROD-511,2024-12-13,50.0,Transferencia SPEI
TRX-92827,SOC-2745,PROD-506,2026-03-17,550.0,Tarjeta de Débito
TRX-92828,SOC-2365,PROD-509,2024-05-11,400.0,Efectivo
TRX-92829,SOC-2170,PROD-512,2025-03-14,35.0,Efectivo
TRX-92830,SOC-2279,PROD-501,2024-02-10,539.34,Tarjeta de Débito
TRX-92831,SOC-3310,PROD-504,2025-08-23,950.0,Tarjeta de Crédito
TRX-92832,SOC-2149,PROD-504,2024-05-14,950.0,Efectivo
TRX-92833,SOC-3637,PROD-506,2024-11-20,522.04,Tarjeta de Débito
TRX-92834,SOC-2985,PROD-501,2025-06-18,650.0,Transferencia SPEI
TRX-92835,SOC-3138,PROD-512,2024-07-05,35.0,Tarjeta de Débito
TRX-92836,SOC-2622,PROD-505,2025-06-16,480.0,Transferencia SPEI
TRX-92837,SOC-2791,PROD-510,2025-09-26,75.0,Transferencia SPEI
TRX-92838,SOC-2296,PROD-508,2025-12-07,250.0,Tarjeta de Crédito
TRX-92839,SOC-2867,PROD-508,2025-10-14,250.0,Tarjeta de Débito
TRX-92840,SOC-3318,PROD-507,2024-06-02,750.0,Tarjeta de Crédito
TRX-92841,SOC-2751,PROD-509,2026-01-26,400.0,Tarjeta de Débito
TRX-92842,SOC-2590,PROD-504,2024-03-12,950.0,Tarjeta de Crédito
TRX-92843,SOC-3450,PROD-509,2026-04-07,400.0,Tarjeta de Crédito
TRX-92844,SOC-2390,PROD-502,2024-05-09,1300.0,Tarjeta de Crédito
TRX-92845,SOC-3800,PROD-511,2024-01-08,50.0,Efectivo
TRX-92846,SOC-2121,PROD-507,2026-01-26,702.39,Tarjeta de Crédito
TRX-92847,SOC-2851,PROD-505,2025-05-16,480.0,Transferencia SPEI
TRX-92848,SOC-2707,PROD-501,2025-06-29,650.0,Transferencia SPEI
TRX-92849,SOC-2828,PROD-509,2025-12-24,352.64,Tarjeta de Crédito
TRX-92850,SOC-2717,PROD-508,2025-04-20,250.0,Tarjeta de Débito
TRX-92851,SOC-3152,PROD-511,2024-09-29,50.0,Transferencia SPEI
TRX-92852,SOC-2317,PROD-510,2024-02-03,75.0,Efectivo
TRX-92853,SOC-3047,PROD-511,2026-01-29,50.0,Tarjeta de Crédito
TRX-92854,SOC-3495,PROD-502,2025-02-05,1065.54,Transferencia SPEI
TRX-92855,SOC-2248,PROD-511,2025-04-25,50.0,Transferencia SPEI
TRX-92856,SOC-3408,PROD-504,2024-07-22,950.0,Tarjeta de Crédito
TRX-92857,SOC-3157,PROD-511,2025-08-19,50.0,Efectivo
TRX-92858,SOC-2668,PROD-503,2024-06-25,6999.0,Tarjeta de Crédito
TRX-92859,SOC-3518,PROD-507,2024-06-24,750.0,Transferencia SPEI
TRX-92860,SOC-3638,PROD-506,2025-11-04,550.0,Efectivo
TRX-92861,SOC-3312,PROD-505,2024-08-29,480.0,Tarjeta de Crédito
TRX-92862,SOC-2485,PROD-503,2024-11-28,6999.0,Tarjeta de Crédito
TRX-92863,SOC-3617,PROD-510,2025-07-07,75.0,Tarjeta de Débito
TRX-92864,SOC-2547,PROD-507,2024-05-05,750.0,Transferencia SPEI
TRX-92865,SOC-3510,PROD-512,2025-05-19,35.0,Transferencia SPEI
TRX-92866,SOC-2594,PROD-504,2024-01-21,950.0,Tarjeta de Débito
TRX-92867,SOC-3773,PROD-505,2025-08-14,480.0,Transferencia SPEI
TRX-92868,SOC-3252,PROD-512,2026-01-12,28.56,Transferencia SPEI
TRX-92869,SOC-2006,PROD-503,2025-08-07,6999.0,Efectivo
TRX-92870,SOC-2332,PROD-501,2024-12-05,650.0,Transferencia SPEI
TRX-92871,SOC-3556,PROD-509,2025-05-24,400.0,Tarjeta de Crédito
TRX-92872,SOC-3005,PROD-512,2026-04-17,35.0,Tarjeta de Crédito
TRX-92873,SOC-2268,PROD-503,2024-01-29,6999.0,Efectivo
TRX-92874,SOC-2276,PROD-506,2025-02-10,550.0,Efectivo
TRX-92875,SOC-3123,PROD-504,2024-06-26,896.16,Transferencia SPEI
TRX-92876,SOC-3243,PROD-511,2025-04-21,50.0,Transferencia SPEI
TRX-92877,SOC-2716,PROD-511,2024-08-03,50.0,Tarjeta de Débito
TRX-92878,SOC-3367,PROD-509,2024-12-31,400.0,Transferencia SPEI
TRX-92879,SOC-2125,PROD-501,2024-07-25,522.15,Tarjeta de Crédito
TRX-92880,SOC-2795,PROD-511,2024-03-24,50.0,Tarjeta de Débito
TRX-92881,SOC-2225,PROD-508,2024-03-09,250.0,Tarjeta de Crédito
TRX-92882,SOC-2431,PROD-512,2025-08-07,35.0,Efectivo
TRX-92883,SOC-2047,PROD-503,2025-10-20,6999.0,Tarjeta de Débito
TRX-92884,SOC-3360,PROD-501,2024-04-04,650.0,Transferencia SPEI
TRX-92885,SOC-2568,PROD-511,2026-01-22,50.0,Efectivo
TRX-92886,SOC-3254,PROD-504,2024-01-06,950.0,Transferencia SPEI
TRX-92887,SOC-2170,PROD-504,2025-12-04,950.0,Efectivo
TRX-92888,SOC-3247,PROD-502,2024-05-28,1300.0,Tarjeta de Crédito
TRX-92889,SOC-3499,PROD-503,2024-04-28,6999.0,Efectivo
TRX-92890,SOC-3776,PROD-511,2025-12-18,50.0,Transferencia SPEI
TRX-92891,SOC-2956,PROD-511,2024-05-22,42.96,Efectivo
TRX-92892,SOC-2238,PROD-502,2025-01-26,1300.0,Tarjeta de Crédito
TRX-92893,SOC-2371,PROD-501,2024-05-03,650.0,Efectivo
TRX-92894,SOC-2915,PROD-503,2026-01-10,6999.0,Transferencia SPEI
TRX-92895,SOC-2510,PROD-504,2025-09-29,950.0,Tarjeta de Crédito
TRX-92896,SOC-2076,PROD-505,2025-08-08,480.0,Transferencia SPEI
TRX-92897,SOC-2691,PROD-504,2025-07-03,877.02,Tarjeta de Débito
TRX-92898,SOC-3591,PROD-509,2024-04-16,332.9,Tarjeta de Crédito
TRX-92899,SOC-2206,PROD-502,2024-10-18,1126.1100000000001,Transferencia SPEI
TRX-92900,SOC-3281,PROD-509,2024-05-23,400.0,Efectivo
TRX-92901,SOC-3181,PROD-511,2024-11-30,50.0,Tarjeta de Crédito
TRX-92902,SOC-3222,PROD-505,2025-01-19,395.52,Tarjeta de Crédito
TRX-92903,SOC-3435,PROD-506,2024-12-24,550.0,Efectivo
TRX-92904,SOC-3660,PROD-512,2026-01-23,35.0,Tarjeta de Crédito
TRX-92905,SOC-3466,PROD-511,2025-08-05,50.0,Tarjeta de Crédito
TRX-92906,SOC-3596,PROD-512,2025-08-20,35.0,Efectivo
TRX-92907,SOC-3590,PROD-502,2024-08-22,1300.0,Efectivo
TRX-92908,SOC-2291,PROD-505,2024-07-14,480.0,Tarjeta de Débito
TRX-92909,SOC-3126,PROD-506,2025-07-06,550.0,Tarjeta de Débito
TRX-92910,SOC-3562,PROD-503,2024-08-05,6999.0,Tarjeta de Débito
TRX-92911,SOC-2154,PROD-512,2026-03-08,35.0,Tarjeta de Crédito
TRX-92912,SOC-2987,PROD-501,2025-03-08,557.61,Transferencia SPEI
TRX-92913,SOC-2473,PROD-509,2025-05-21,400.0,Tarjeta de Crédito
TRX-92914,SOC-3227,PROD-510,2024-03-03,75.0,Efectivo
TRX-92915,SOC-2884,PROD-507,2025-08-27,686.83,Tarjeta de Crédito
TRX-92916,SOC-3762,PROD-505,2025-06-27,480.0,Efectivo
TRX-92917,SOC-2702,PROD-506,2024-09-24,550.0,Tarjeta de Crédito
TRX-92918,SOC-3696,PROD-511,2025-10-08,50.0,Tarjeta de Crédito
TRX-92919,SOC-3437,PROD-512,2024-10-19,32.94,Efectivo
TRX-92920,SOC-3262,PROD-506,2025-02-19,550.0,Transferencia SPEI
TRX-92921,SOC-2755,PROD-507,2026-03-16,750.0,Efectivo
TRX-92922,SOC-2760,PROD-508,2025-08-27,250.0,Tarjeta de Débito
TRX-92923,SOC-2762,PROD-505,2025-03-11,480.0,Tarjeta de Crédito
TRX-92924,SOC-2515,PROD-508,2024-04-18,207.12,Transferencia SPEI
TRX-92925,SOC-2890,PROD-501,2024-04-23,611.71,Efectivo
TRX-92926,SOC-3633,PROD-509,2024-05-05,378.4,Transferencia SPEI
TRX-92927,SOC-3135,PROD-504,2024-04-12,950.0,Tarjeta de Débito
TRX-92928,SOC-3564,PROD-502,2025-05-15,1300.0,Efectivo
TRX-92929,SOC-3115,PROD-501,2025-06-13,546.64,Tarjeta de Débito
TRX-92930,SOC-2918,PROD-502,2024-05-31,1300.0,Efectivo
TRX-92931,SOC-2702,PROD-512,2024-03-03,35.0,Tarjeta de Crédito
TRX-92932,SOC-3042,PROD-501,2025-02-22,650.0,Tarjeta de Crédito
TRX-92933,SOC-2111,PROD-508,2025-12-30,250.0,Efectivo
TRX-92934,SOC-2098,PROD-505,2025-01-04,480.0,Tarjeta de Débito
TRX-92935,SOC-3008,PROD-505,2024-07-23,480.0,Tarjeta de Crédito
TRX-92936,SOC-2234,PROD-512,2024-07-20,30.28,Tarjeta de Crédito
TRX-92937,SOC-2715,PROD-509,2025-06-24,400.0,Transferencia SPEI
TRX-92938,SOC-2873,PROD-512,2025-03-15,35.0,Transferencia SPEI
TRX-92939,SOC-2061,PROD-504,2024-05-03,950.0,Tarjeta de Débito
TRX-92940,SOC-2408,PROD-511,2026-04-02,50.0,Tarjeta de Crédito
TRX-92941,SOC-3244,PROD-507,2024-06-09,750.0,Transferencia SPEI
TRX-92942,SOC-2521,PROD-507,2025-02-07,750.0,Tarjeta de Crédito
TRX-92943,SOC-2162,PROD-506,2025-08-22,502.65,Tarjeta de Crédito
TRX-92944,SOC-3433,PROD-508,2024-01-20,200.76,Transferencia SPEI
TRX-92945,SOC-2850,PROD-507,2024-04-12,750.0,Tarjeta de Débito
TRX-92946,SOC-3284,PROD-510,2024-01-26,75.0,Efectivo
TRX-92947,SOC-2104,PROD-508,2025-08-25,250.0,Transferencia SPEI
TRX-92948,SOC-2255,PROD-505,2024-02-08,408.83,Tarjeta de Crédito
TRX-92949,SOC-3114,PROD-509,2024-03-10,400.0,Tarjeta de Débito
TRX-92950,SOC-3176,PROD-501,2024-11-18,650.0,Efectivo
TRX-92951,SOC-2649,PROD-503,2024-02-13,6999.0,Efectivo
TRX-92952,SOC-3655,PROD-510,2024-10-31,75.0,Transferencia SPEI
TRX-92953,SOC-2809,PROD-510,2025-06-25,75.0,Tarjeta de Crédito
TRX-92954,SOC-3328,PROD-502,2024-07-22,1300.0,Transferencia SPEI
TRX-92955,SOC-3404,PROD-502,2026-04-13,1300.0,Tarjeta de Débito
TRX-92956,SOC-2210,PROD-507,2025-01-26,750.0,Tarjeta de Crédito
TRX-92957,SOC-2443,PROD-508,2024-10-20,250.0,Transferencia SPEI
TRX-92958,SOC-2983,PROD-510,2024-09-29,75.0,Tarjeta de Crédito
TRX-92959,SOC-3561,PROD-506,2025-03-23,550.0,Tarjeta de Débito
TRX-92960,SOC-3194,PROD-510,2024-04-26,75.0,Transferencia SPEI
TRX-92961,SOC-3653,PROD-501,2024-03-09,650.0,Tarjeta de Débito
TRX-92962,SOC-2339,PROD-507,2025-11-07,688.39,Efectivo
TRX-92963,SOC-3056,PROD-508,2026-04-19,250.0,Tarjeta de Crédito
TRX-92964,SOC-2217,PROD-502,2025-02-24,1204.12,Efectivo
TRX-92965,SOC-3292,PROD-511,2025-10-04,50.0,Efectivo
TRX-92966,SOC-2482,PROD-506,2025-12-01,550.0,Transferencia SPEI
TRX-92967,SOC-2301,PROD-502,2024-03-26,1300.0,Efectivo
TRX-92968,SOC-3497,PROD-509,2025-05-30,400.0,Tarjeta de Débito
TRX-92969,SOC-3355,PROD-509,2024-02-01,400.0,Efectivo
TRX-92970,SOC-3120,PROD-507,2024-09-23,750.0,Tarjeta de Crédito
TRX-92971,SOC-2330,PROD-502,2025-04-07,1300.0,Tarjeta de Débito
TRX-92972,SOC-3069,PROD-509,2026-01-25,400.0,Transferencia SPEI
TRX-92973,SOC-3039,PROD-506,2025-03-24,550.0,Tarjeta de Crédito
TRX-92974,SOC-2127,PROD-501,2024-09-22,650.0,Transferencia SPEI
TRX-92975,SOC-2972,PROD-506,2025-04-29,550.0,Tarjeta de Crédito
TRX-92976,SOC-3725,PROD-504,2025-01-24,950.0,Tarjeta de Débito
TRX-92977,SOC-3220,PROD-507,2024-04-03,750.0,Efectivo
TRX-92978,SOC-2324,PROD-509,2025-05-26,400.0,Tarjeta de Débito
TRX-92979,SOC-3621,PROD-503,2025-09-06,6999.0,Tarjeta de Crédito
TRX-92980,SOC-2949,PROD-512,2026-02-09,35.0,Transferencia SPEI
TRX-92981,SOC-3362,PROD-511,2024-02-21,50.0,Tarjeta de Débito
TRX-92982,SOC-2470,PROD-512,2024-04-30,35.0,Efectivo
TRX-92983,SOC-3619,PROD-510,2025-03-09,66.44,Transferencia SPEI
TRX-92984,SOC-3131,PROD-511,2024-09-11,50.0,Tarjeta de Débito
TRX-92985,SOC-3381,PROD-512,2025-07-20,35.0,Tarjeta de Débito
TRX-92986,SOC-3481,PROD-507,2024-12-28,607.76,Transferencia SPEI
TRX-92987,SOC-2373,PROD-505,2025-10-17,412.46,Transferencia SPEI
TRX-92988,SOC-3438,PROD-511,2024-10-16,50.0,Transferencia SPEI
TRX-92989,SOC-2786,PROD-509,2024-09-11,400.0,Transferencia SPEI
TRX-92990,SOC-2053,PROD-505,2025-04-08,480.0,Tarjeta de Crédito
TRX-92991,SOC-2133,PROD-508,2024-01-12,250.0,Tarjeta de Débito
TRX-92992,SOC-2210,PROD-507,2024-05-25,750.0,Tarjeta de Débito
TRX-92993,SOC-3188,PROD-504,2026-04-25,950.0,Tarjeta de Débito
TRX-92994,SOC-3112,PROD-509,2024-05-08,321.94,Tarjeta de Crédito
TRX-92995,SOC-2545,PROD-509,2025-02-13,400.0,Tarjeta de Crédito
TRX-92996,SOC-3258,PROD-501,2025-03-22,592.29,Transferencia SPEI
TRX-92997,SOC-2310,PROD-509,2025-03-31,400.0,Efectivo
TRX-92998,SOC-2871,PROD-501,2025-09-30,650.0,Efectivo
TRX-92999,SOC-2615,PROD-502,2024-08-07,1300.0,Efectivo
TRX-93000,SOC-3202,PROD-512,2024-09-11,35.0,Tarjeta de Crédito
TRX-93001,SOC-3681,PROD-504,2026-01-01,950.0,Tarjeta de Crédito
TRX-93002,SOC-2437,PROD-508,2026-01-06,250.0,Efectivo
TRX-93003,SOC-2700,PROD-503,2024-09-11,6381.85,Efectivo
TRX-93004,SOC-2821,PROD-506,2026-03-09,550.0,Efectivo
TRX-93005,SOC-2340,PROD-506,2024-10-12,550.0,Transferencia SPEI
TRX-93006,SOC-2297,PROD-505,2024-05-07,480.0,Transferencia SPEI
TRX-93007,SOC-2652,PROD-511,2024-02-02,50.0,Tarjeta de Débito
TRX-93008,SOC-2561,PROD-501,2026-03-17,650.0,Transferencia SPEI
TRX-93009,SOC-3731,PROD-502,2025-04-26,1300.0,Transferencia SPEI
TRX-93010,SOC-3531,PROD-502,2026-03-01,1300.0,Tarjeta de Débito
TRX-93011,SOC-3218,PROD-509,2025-08-09,400.0,Efectivo
TRX-93012,SOC-3120,PROD-509,2026-01-16,355.96,Tarjeta de Crédito
TRX-93013,SOC-2199,PROD-505,2024-03-22,480.0,Transferencia SPEI
TRX-93014,SOC-3059,PROD-502,2026-03-17,1300.0,Tarjeta de Débito
TRX-93015,SOC-3275,PROD-503,2025-02-07,6999.0,Tarjeta de Débito
TRX-93016,SOC-3119,PROD-507,2025-09-23,750.0,Tarjeta de Crédito
TRX-93017,SOC-3432,PROD-510,2025-02-09,75.0,Transferencia SPEI
TRX-93018,SOC-2639,PROD-509,2025-01-25,400.0,Efectivo
TRX-93019,SOC-2671,PROD-506,2025-08-25,550.0,Tarjeta de Débito
TRX-93020,SOC-3646,PROD-511,2024-02-20,42.9,Tarjeta de Crédito
TRX-93021,SOC-2120,PROD-511,2026-03-10,50.0,Tarjeta de Débito
TRX-93022,SOC-2505,PROD-512,2025-01-25,35.0,Efectivo
TRX-93023,SOC-2720,PROD-502,2024-03-13,1300.0,Transferencia SPEI
TRX-93024,SOC-3399,PROD-512,2024-03-04,35.0,Transferencia SPEI
TRX-93025,SOC-2425,PROD-507,2024-11-17,750.0,Tarjeta de Crédito
TRX-93026,SOC-2205,PROD-509,2025-08-16,400.0,Tarjeta de Débito
TRX-93027,SOC-3228,PROD-501,2025-01-23,650.0,Efectivo
TRX-93028,SOC-2051,PROD-510,2025-11-02,75.0,Tarjeta de Débito
TRX-93029,SOC-3653,PROD-503,2024-11-01,6999.0,Tarjeta de Débito
TRX-93030,SOC-2367,PROD-501,2024-10-27,650.0,Transferencia SPEI
TRX-93031,SOC-3398,PROD-505,2026-03-15,480.0,Transferencia SPEI
TRX-93032,SOC-2884,PROD-508,2025-02-24,207.91,Tarjeta de Débito
TRX-93033,SOC-2332,PROD-501,2026-04-19,650.0,Tarjeta de Débito
TRX-93034,SOC-2645,PROD-507,2025-01-07,750.0,Transferencia SPEI
TRX-93035,SOC-2697,PROD-509,2024-01-30,400.0,Tarjeta de Débito
TRX-93036,SOC-3573,PROD-506,2024-08-14,550.0,Efectivo
TRX-93037,SOC-2871,PROD-503,2024-09-05,6999.0,Tarjeta de Débito
TRX-93038,SOC-2529,PROD-507,2025-01-25,750.0,Tarjeta de Crédito
TRX-93039,SOC-3578,PROD-507,2024-12-10,750.0,Efectivo
TRX-93040,SOC-2223,PROD-507,2025-10-09,750.0,Tarjeta de Débito
TRX-93041,SOC-2469,PROD-501,2024-01-10,650.0,Transferencia SPEI
TRX-93042,SOC-2329,PROD-503,2024-05-01,6999.0,Tarjeta de Débito
TRX-93043,SOC-2371,PROD-508,2025-03-14,250.0,Transferencia SPEI
TRX-93044,SOC-3422,PROD-511,2025-04-30,50.0,Tarjeta de Crédito
TRX-93045,SOC-3565,PROD-506,2025-09-19,520.21,Efectivo
TRX-93046,SOC-2363,PROD-505,2025-12-27,480.0,Efectivo
TRX-93047,SOC-2763,PROD-509,2026-04-14,400.0,Transferencia SPEI
TRX-93048,SOC-2123,PROD-501,2026-02-17,650.0,Efectivo
TRX-93049,SOC-2222,PROD-508,2025-08-25,250.0,Transferencia SPEI
TRX-93050,SOC-2986,PROD-512,2025-05-21,35.0,Tarjeta de Crédito
TRX-93051,SOC-2402,PROD-502,2024-06-26,1300.0,Tarjeta de Débito
TRX-93052,SOC-2910,PROD-501,2026-04-01,650.0,Tarjeta de Crédito
TRX-93053,SOC-3472,PROD-507,2026-03-22,750.0,Tarjeta de Crédito
TRX-93054,SOC-3308,PROD-507,2024-03-18,700.02,Tarjeta de Crédito
TRX-93055,SOC-2110,PROD-504,2025-06-25,950.0,Transferencia SPEI
TRX-93056,SOC-2701,PROD-504,2025-03-16,950.0,Transferencia SPEI
TRX-93057,SOC-3775,PROD-509,2024-02-19,400.0,Tarjeta de Débito
TRX-93058,SOC-3678,PROD-511,2024-06-21,50.0,Tarjeta de Débito
TRX-93059,SOC-3053,PROD-503,2024-11-13,5943.8099999999995,Tarjeta de Crédito
TRX-93060,SOC-3032,PROD-506,2024-09-16,550.0,Tarjeta de Débito
TRX-93061,SOC-2097,PROD-501,2025-11-23,650.0,Tarjeta de Débito
TRX-93062,SOC-2626,PROD-511,2025-01-11,50.0,Transferencia SPEI
TRX-93063,SOC-2694,PROD-512,2024-05-29,35.0,Efectivo
TRX-93064,SOC-2229,PROD-503,2024-07-17,6999.0,Transferencia SPEI
TRX-93065,SOC-2585,PROD-509,2025-09-21,400.0,Transferencia SPEI
TRX-93066,SOC-3398,PROD-510,2026-01-21,75.0,Efectivo
TRX-93067,SOC-2924,PROD-508,2026-03-03,250.0,Tarjeta de Crédito
TRX-93068,SOC-2498,PROD-511,2024-10-27,50.0,Tarjeta de Crédito
TRX-93069,SOC-3003,PROD-503,2024-02-01,6999.0,Transferencia SPEI
TRX-93070,SOC-3404,PROD-503,2026-04-19,6150.65,Efectivo
TRX-93071,SOC-3342,PROD-509,2024-03-03,400.0,Efectivo
TRX-93072,SOC-3243,PROD-507,2024-09-09,750.0,Tarjeta de Débito
TRX-93073,SOC-2674,PROD-512,2025-10-12,35.0,Transferencia SPEI
TRX-93074,SOC-3247,PROD-504,2024-11-28,950.0,Tarjeta de Crédito
TRX-93075,SOC-2547,PROD-510,2024-08-22,75.0,Tarjeta de Crédito
TRX-93076,SOC-2626,PROD-501,2024-02-06,650.0,Efectivo
TRX-93077,SOC-3055,PROD-502,2026-01-02,1300.0,Transferencia SPEI
TRX-93078,SOC-2972,PROD-509,2024-10-20,400.0,Efectivo
TRX-93079,SOC-3726,PROD-507,2024-12-19,750.0,Tarjeta de Débito
TRX-93080,SOC-2521,PROD-505,2025-11-17,480.0,Tarjeta de Débito
TRX-93081,SOC-2537,PROD-507,2024-02-24,750.0,Tarjeta de Crédito
TRX-93082,SOC-3679,PROD-509,2025-01-05,400.0,Transferencia SPEI
TRX-93083,SOC-3235,PROD-510,2024-08-10,75.0,Efectivo
TRX-93084,SOC-2032,PROD-511,2025-12-03,50.0,Tarjeta de Débito
TRX-93085,SOC-2494,PROD-511,2025-09-02,43.480000000000004,Tarjeta de Débito
TRX-93086,SOC-3791,PROD-509,2026-01-22,400.0,Transferencia SPEI
TRX-93087,SOC-3201,PROD-509,2025-06-10,400.0,Efectivo
TRX-93088,SOC-2627,PROD-506,2025-05-07,550.0,Tarjeta de Crédito
TRX-93089,SOC-3716,PROD-508,2024-04-17,250.0,Transferencia SPEI
TRX-93090,SOC-3395,PROD-503,2024-09-16,6999.0,Efectivo
TRX-93091,SOC-3660,PROD-502,2026-01-16,1300.0,Transferencia SPEI
TRX-93092,SOC-3456,PROD-505,2024-06-28,480.0,Tarjeta de Crédito
TRX-93093,SOC-3704,PROD-509,2025-10-26,400.0,Transferencia SPEI
TRX-93094,SOC-2334,PROD-509,2024-08-29,400.0,Efectivo
TRX-93095,SOC-2310,PROD-502,2025-10-23,1300.0,Transferencia SPEI
TRX-93096,SOC-2062,PROD-507,2026-04-16,750.0,Tarjeta de Crédito
TRX-93097,SOC-2354,PROD-509,2025-06-11,400.0,Tarjeta de Crédito
TRX-93098,SOC-2344,PROD-503,2024-05-04,6526.25,Tarjeta de Crédito
TRX-93099,SOC-2472,PROD-503,2024-01-03,5922.91,Transferencia SPEI
TRX-93100,SOC-2945,PROD-507,2025-01-23,610.12,Transferencia SPEI
TRX-93101,SOC-3465,PROD-507,2024-05-04,703.09,Tarjeta de Débito
TRX-93102,SOC-2388,PROD-506,2025-01-27,550.0,Tarjeta de Débito
TRX-93103,SOC-2127,PROD-512,2024-08-28,35.0,Tarjeta de Débito
TRX-93104,SOC-2654,PROD-511,2024-09-06,50.0,Efectivo
TRX-93105,SOC-3208,PROD-509,2026-02-12,351.04,Transferencia SPEI
TRX-93106,SOC-3604,PROD-509,2025-10-18,361.11,Transferencia SPEI
TRX-93107,SOC-3775,PROD-510,2024-11-19,75.0,Efectivo
TRX-93108,SOC-2072,PROD-501,2024-07-22,650.0,Efectivo
TRX-93109,SOC-2937,PROD-507,2024-07-05,620.55,Tarjeta de Débito
TRX-93110,SOC-2675,PROD-512,2025-08-25,35.0,Efectivo
TRX-93111,SOC-2679,PROD-501,2025-12-06,575.3,Transferencia SPEI
TRX-93112,SOC-2865,PROD-505,2024-04-04,390.84000000000003,Transferencia SPEI
TRX-93113,SOC-2760,PROD-505,2024-03-29,480.0,Tarjeta de Crédito
TRX-93114,SOC-2578,PROD-501,2026-04-07,650.0,Tarjeta de Débito
TRX-93115,SOC-2206,PROD-507,2025-09-20,750.0,Tarjeta de Débito
TRX-93116,SOC-3582,PROD-510,2025-04-25,64.33,Tarjeta de Débito
TRX-93117,SOC-3584,PROD-509,2026-02-17,400.0,Transferencia SPEI
TRX-93118,SOC-3123,PROD-504,2024-10-28,950.0,Transferencia SPEI
TRX-93119,SOC-3095,PROD-512,2025-08-04,35.0,Transferencia SPEI
TRX-93120,SOC-2327,PROD-507,2025-09-13,750.0,Efectivo
TRX-93121,SOC-3082,PROD-504,2025-07-06,950.0,Efectivo
TRX-93122,SOC-2968,PROD-509,2025-11-29,400.0,Transferencia SPEI
TRX-93123,SOC-3601,PROD-510,2024-03-15,75.0,Tarjeta de Débito
TRX-93124,SOC-3645,PROD-510,2025-03-15,75.0,Transferencia SPEI
TRX-93125,SOC-3729,PROD-502,2025-08-06,1300.0,Transferencia SPEI
TRX-93126,SOC-2048,PROD-512,2025-08-31,35.0,Efectivo
TRX-93127,SOC-2179,PROD-503,2025-03-17,6999.0,Tarjeta de Débito
TRX-93128,SOC-2931,PROD-511,2025-06-18,50.0,Tarjeta de Crédito
TRX-93129,SOC-2779,PROD-501,2024-11-05,650.0,Efectivo
TRX-93130,SOC-3559,PROD-510,2025-01-12,75.0,Efectivo
TRX-93131,SOC-3606,PROD-508,2025-01-04,250.0,Tarjeta de Débito
TRX-93132,SOC-2242,PROD-508,2025-05-13,250.0,Efectivo
TRX-93133,SOC-3375,PROD-512,2024-05-21,35.0,Transferencia SPEI
TRX-93134,SOC-3234,PROD-503,2026-03-13,6080.23,Tarjeta de Crédito
TRX-93135,SOC-2575,PROD-502,2025-09-15,1300.0,Transferencia SPEI
TRX-93136,SOC-2283,PROD-507,2024-09-29,750.0,Tarjeta de Crédito
TRX-93137,SOC-3236,PROD-508,2024-12-08,250.0,Efectivo
TRX-93138,SOC-2921,PROD-501,2026-04-10,650.0,Tarjeta de Débito
TRX-93139,SOC-3477,PROD-512,2025-01-10,35.0,Tarjeta de Crédito
TRX-93140,SOC-2216,PROD-509,2024-12-20,400.0,Tarjeta de Débito
TRX-93141,SOC-2996,PROD-501,2024-11-22,650.0,Tarjeta de Crédito
TRX-93142,SOC-2006,PROD-510,2024-05-24,61.47,Transferencia SPEI
TRX-93143,SOC-3701,PROD-501,2025-12-28,650.0,Efectivo
TRX-93144,SOC-2130,PROD-511,2025-02-12,50.0,Tarjeta de Débito
TRX-93145,SOC-2840,PROD-505,2024-02-24,480.0,Tarjeta de Crédito
TRX-93146,SOC-3695,PROD-503,2024-10-12,6999.0,Transferencia SPEI
TRX-93147,SOC-2364,PROD-509,2024-06-15,400.0,Tarjeta de Débito
TRX-93148,SOC-3477,PROD-505,2024-01-06,421.05,Tarjeta de Crédito
TRX-93149,SOC-2330,PROD-512,2024-09-25,35.0,Tarjeta de Crédito
TRX-93150,SOC-2185,PROD-503,2025-03-05,5660.51,Tarjeta de Débito
TRX-93151,SOC-2013,PROD-508,2024-03-08,224.32,Efectivo
TRX-93152,SOC-2188,PROD-502,2025-08-11,1300.0,Efectivo
TRX-93153,SOC-3251,PROD-503,2025-04-19,6999.0,Efectivo
TRX-93154,SOC-3672,PROD-511,2024-03-29,50.0,Transferencia SPEI
TRX-93155,SOC-2166,PROD-512,2024-02-14,35.0,Tarjeta de Crédito
TRX-93156,SOC-3674,PROD-508,2024-02-24,250.0,Tarjeta de Crédito
TRX-93157,SOC-2409,PROD-501,2024-02-03,650.0,Transferencia SPEI
TRX-93158,SOC-3216,PROD-506,2025-11-27,443.55,Tarjeta de Débito
TRX-93159,SOC-3435,PROD-511,2024-03-29,50.0,Tarjeta de Débito
TRX-93160,SOC-3151,PROD-512,2024-12-01,35.0,Tarjeta de Crédito
TRX-93161,SOC-3661,PROD-511,2024-05-24,50.0,Transferencia SPEI
TRX-93162,SOC-2847,PROD-510,2025-07-22,75.0,Transferencia SPEI
TRX-93163,SOC-2706,PROD-503,2025-09-01,6999.0,Transferencia SPEI
TRX-93164,SOC-3569,PROD-502,2025-02-27,1300.0,Efectivo
TRX-93165,SOC-3279,PROD-512,2025-06-11,35.0,Transferencia SPEI
TRX-93166,SOC-2415,PROD-505,2026-04-10,480.0,Tarjeta de Crédito
TRX-93167,SOC-3579,PROD-512,2026-03-03,31.9,Efectivo
TRX-93168,SOC-2315,PROD-506,2026-03-04,550.0,Transferencia SPEI
TRX-93169,SOC-2455,PROD-511,2024-07-06,40.81,Tarjeta de Crédito
TRX-93170,SOC-3605,PROD-512,2025-01-03,35.0,Tarjeta de Crédito
TRX-93171,SOC-2691,PROD-503,2025-03-06,6999.0,Transferencia SPEI
TRX-93172,SOC-3766,PROD-505,2025-07-12,480.0,Transferencia SPEI
TRX-93173,SOC-2918,PROD-504,2025-08-25,950.0,Tarjeta de Débito
TRX-93174,SOC-2614,PROD-509,2025-05-30,400.0,Tarjeta de Débito
TRX-93175,SOC-2363,PROD-506,2026-03-30,550.0,Tarjeta de Débito
TRX-93176,SOC-2832,PROD-503,2025-07-07,6298.41,Transferencia SPEI
TRX-93177,SOC-3672,PROD-508,2024-10-10,250.0,Transferencia SPEI
TRX-93178,SOC-2738,PROD-508,2025-09-26,250.0,Efectivo
TRX-93179,SOC-2746,PROD-507,2024-06-12,750.0,Tarjeta de Crédito
TRX-93180,SOC-3494,PROD-501,2025-08-31,526.15,Tarjeta de Débito
TRX-93181,SOC-2220,PROD-501,2025-05-20,650.0,Tarjeta de Débito
TRX-93182,SOC-3497,PROD-501,2025-11-13,650.0,Efectivo
TRX-93183,SOC-2479,PROD-502,2024-03-26,1300.0,Transferencia SPEI
TRX-93184,SOC-3596,PROD-509,2025-02-01,320.82,Efectivo
TRX-93185,SOC-2292,PROD-506,2026-04-04,550.0,Transferencia SPEI
TRX-93186,SOC-3397,PROD-507,2024-02-25,750.0,Tarjeta de Crédito
TRX-93187,SOC-2345,PROD-511,2024-01-25,50.0,Tarjeta de Débito
TRX-93188,SOC-2479,PROD-506,2026-04-17,550.0,Tarjeta de Débito
TRX-93189,SOC-3431,PROD-502,2025-11-29,1300.0,Efectivo
TRX-93190,SOC-2170,PROD-511,2024-05-18,50.0,Tarjeta de Débito
TRX-93191,SOC-3608,PROD-510,2024-12-31,75.0,Efectivo
TRX-93192,SOC-2022,PROD-503,2025-03-03,6999.0,Efectivo
TRX-93193,SOC-2162,PROD-506,2024-04-23,550.0,Tarjeta de Crédito
TRX-93194,SOC-3800,PROD-506,2026-03-28,550.0,Tarjeta de Débito
TRX-93195,SOC-2902,PROD-511,2025-09-24,50.0,Transferencia SPEI
TRX-93196,SOC-2579,PROD-501,2025-05-19,574.31,Tarjeta de Crédito
TRX-93197,SOC-3730,PROD-503,2025-04-19,6999.0,Efectivo
TRX-93198,SOC-2725,PROD-512,2026-01-30,35.0,Tarjeta de Débito
TRX-93199,SOC-3319,PROD-501,2024-08-24,650.0,Efectivo
TRX-93200,SOC-2099,PROD-501,2025-02-06,650.0,Tarjeta de Crédito
TRX-93201,SOC-2623,PROD-512,2024-01-13,35.0,Efectivo
TRX-93202,SOC-2007,PROD-505,2024-12-22,453.74,Tarjeta de Crédito
TRX-93203,SOC-2878,PROD-501,2025-06-02,650.0,Tarjeta de Débito
TRX-93204,SOC-2132,PROD-502,2025-07-09,1300.0,Efectivo
TRX-93205,SOC-2454,PROD-511,2024-12-10,50.0,Tarjeta de Crédito
TRX-93206,SOC-3118,PROD-506,2024-12-20,550.0,Tarjeta de Crédito
TRX-93207,SOC-2766,PROD-511,2025-08-03,50.0,Efectivo
TRX-93208,SOC-2741,PROD-507,2024-03-13,666.65,Transferencia SPEI
TRX-93209,SOC-3167,PROD-510,2024-01-14,75.0,Transferencia SPEI
TRX-93210,SOC-3170,PROD-507,2026-04-24,750.0,Efectivo
TRX-93211,SOC-3120,PROD-507,2026-01-04,750.0,Tarjeta de Débito
TRX-93212,SOC-2091,PROD-512,2024-09-04,35.0,Tarjeta de Débito
TRX-93213,SOC-3423,PROD-511,2024-05-08,50.0,Tarjeta de Crédito
TRX-93214,SOC-3357,PROD-504,2025-08-06,950.0,Tarjeta de Débito
TRX-93215,SOC-3190,PROD-512,2025-01-18,35.0,Efectivo
TRX-93216,SOC-2006,PROD-507,2025-05-17,750.0,Tarjeta de Crédito
TRX-93217,SOC-2685,PROD-506,2024-01-09,550.0,Tarjeta de Débito
TRX-93218,SOC-3697,PROD-501,2024-03-15,650.0,Transferencia SPEI
TRX-93219,SOC-2642,PROD-505,2024-05-13,480.0,Tarjeta de Crédito
TRX-93220,SOC-2586,PROD-502,2025-04-15,1300.0,Tarjeta de Crédito
TRX-93221,SOC-3193,PROD-501,2025-10-04,650.0,Tarjeta de Crédito
TRX-93222,SOC-2449,PROD-504,2024-11-11,950.0,Efectivo
TRX-93223,SOC-2143,PROD-501,2026-01-24,650.0,Efectivo
TRX-93224,SOC-3318,PROD-507,2025-11-24,685.02,Transferencia SPEI
TRX-93225,SOC-3046,PROD-505,2024-09-05,392.18,Efectivo
TRX-93226,SOC-2182,PROD-507,2025-02-06,750.0,Tarjeta de Crédito
TRX-93227,SOC-3263,PROD-501,2024-10-15,650.0,Tarjeta de Débito
TRX-93228,SOC-2935,PROD-506,2026-02-11,550.0,Transferencia SPEI
TRX-93229,SOC-2663,PROD-510,2024-07-09,64.57,Transferencia SPEI
TRX-93230,SOC-2639,PROD-503,2025-02-08,5648.28,Tarjeta de Crédito
TRX-93231,SOC-2859,PROD-511,2026-04-03,50.0,Efectivo
TRX-93232,SOC-3422,PROD-503,2025-04-13,6999.0,Tarjeta de Crédito
TRX-93233,SOC-2160,PROD-505,2025-04-18,480.0,Efectivo
TRX-93234,SOC-3424,PROD-510,2024-05-09,66.24,Efectivo
TRX-93235,SOC-3641,PROD-506,2024-06-14,550.0,Efectivo
TRX-93236,SOC-2371,PROD-504,2025-03-17,950.0,Tarjeta de Crédito
TRX-93237,SOC-2203,PROD-511,2026-03-25,50.0,Tarjeta de Crédito
TRX-93238,SOC-2139,PROD-506,2025-06-21,550.0,Transferencia SPEI
TRX-93239,SOC-3481,PROD-501,2025-12-03,650.0,Efectivo
TRX-93240,SOC-2889,PROD-502,2026-03-02,1149.88,Tarjeta de Débito
TRX-93241,SOC-2681,PROD-509,2025-07-17,344.69,Tarjeta de Débito
TRX-93242,SOC-3166,PROD-512,2025-04-19,35.0,Transferencia SPEI
TRX-93243,SOC-2343,PROD-512,2025-12-08,30.33,Efectivo
TRX-93244,SOC-3452,PROD-501,2026-02-07,650.0,Tarjeta de Débito
TRX-93245,SOC-2485,PROD-508,2025-07-01,250.0,Tarjeta de Crédito
TRX-93246,SOC-2138,PROD-509,2025-01-19,400.0,Tarjeta de Crédito
TRX-93247,SOC-3042,PROD-510,2025-05-06,75.0,Tarjeta de Débito
TRX-93248,SOC-2680,PROD-505,2024-02-24,480.0,Tarjeta de Crédito
TRX-93249,SOC-2345,PROD-512,2026-02-11,35.0,Efectivo
TRX-93250,SOC-2111,PROD-503,2025-07-18,6999.0,Tarjeta de Débito
TRX-93251,SOC-3100,PROD-503,2025-10-02,6999.0,Tarjeta de Crédito
TRX-93252,SOC-2278,PROD-511,2024-06-08,46.83,Tarjeta de Débito
TRX-93253,SOC-2998,PROD-505,2025-11-01,480.0,Tarjeta de Crédito
TRX-93254,SOC-3535,PROD-509,2026-02-04,354.71,Tarjeta de Débito
TRX-93255,SOC-3183,PROD-510,2025-12-28,75.0,Efectivo
TRX-93256,SOC-3379,PROD-503,2026-01-23,6999.0,Efectivo
TRX-93257,SOC-2262,PROD-501,2025-10-11,650.0,Efectivo
TRX-93258,SOC-2568,PROD-512,2025-12-13,28.78,Tarjeta de Crédito
TRX-93259,SOC-3469,PROD-508,2025-05-24,250.0,Tarjeta de Crédito
TRX-93260,SOC-3425,PROD-502,2024-09-06,1300.0,Tarjeta de Crédito
TRX-93261,SOC-2085,PROD-503,2025-05-30,6296.86,Efectivo
TRX-93262,SOC-2834,PROD-505,2025-02-09,480.0,Efectivo
TRX-93263,SOC-2706,PROD-512,2026-03-23,35.0,Transferencia SPEI
TRX-93264,SOC-2936,PROD-508,2024-12-30,250.0,Efectivo
TRX-93265,SOC-3252,PROD-509,2024-08-17,375.74,Efectivo
TRX-93266,SOC-3335,PROD-503,2025-09-04,5932.38,Efectivo
TRX-93267,SOC-2962,PROD-505,2025-01-22,480.0,Efectivo
TRX-93268,SOC-3763,PROD-503,2025-08-19,6999.0,Tarjeta de Crédito
TRX-93269,SOC-2245,PROD-501,2024-09-26,650.0,Tarjeta de Débito
TRX-93270,SOC-2137,PROD-510,2025-01-31,75.0,Tarjeta de Crédito
TRX-93271,SOC-3163,PROD-502,2026-03-31,1300.0,Efectivo
TRX-93272,SOC-2860,PROD-508,2024-01-15,250.0,Tarjeta de Débito
TRX-93273,SOC-2832,PROD-509,2025-01-12,400.0,Transferencia SPEI
TRX-93274,SOC-3724,PROD-507,2025-04-16,750.0,Efectivo
TRX-93275,SOC-2785,PROD-504,2025-12-18,950.0,Tarjeta de Crédito
TRX-93276,SOC-2173,PROD-510,2025-06-08,75.0,Tarjeta de Débito
TRX-93277,SOC-2741,PROD-501,2024-11-06,650.0,Tarjeta de Débito
TRX-93278,SOC-2616,PROD-511,2024-02-07,50.0,Transferencia SPEI
TRX-93279,SOC-2802,PROD-504,2025-12-02,950.0,Tarjeta de Crédito
TRX-93280,SOC-3469,PROD-504,2025-08-04,950.0,Efectivo
TRX-93281,SOC-2620,PROD-511,2025-09-11,50.0,Transferencia SPEI
TRX-93282,SOC-2389,PROD-503,2024-06-21,6999.0,Transferencia SPEI
TRX-93283,SOC-3709,PROD-502,2024-03-31,1300.0,Tarjeta de Crédito
TRX-93284,SOC-2524,PROD-504,2026-03-15,950.0,Tarjeta de Crédito
TRX-93285,SOC-3698,PROD-512,2024-12-17,35.0,Tarjeta de Débito
TRX-93286,SOC-2546,PROD-511,2024-06-03,43.64,Efectivo
TRX-93287,SOC-3094,PROD-512,2025-05-19,35.0,Efectivo
TRX-93288,SOC-3516,PROD-510,2025-02-21,68.55,Tarjeta de Débito
TRX-93289,SOC-3681,PROD-512,2024-03-27,35.0,Transferencia SPEI
TRX-93290,SOC-2540,PROD-504,2024-07-24,950.0,Tarjeta de Crédito
TRX-93291,SOC-2275,PROD-512,2024-10-15,35.0,Tarjeta de Crédito
TRX-93292,SOC-2749,PROD-511,2024-02-28,50.0,Tarjeta de Crédito
TRX-93293,SOC-2461,PROD-504,2024-09-23,950.0,Efectivo
TRX-93294,SOC-3657,PROD-512,2024-09-03,29.54,Tarjeta de Débito
TRX-93295,SOC-3738,PROD-511,2025-06-25,50.0,Efectivo
TRX-93296,SOC-2766,PROD-512,2024-09-30,35.0,Transferencia SPEI
TRX-93297,SOC-3595,PROD-512,2025-02-03,35.0,Tarjeta de Débito
TRX-93298,SOC-3023,PROD-506,2026-03-26,550.0,Tarjeta de Débito
TRX-93299,SOC-3479,PROD-511,2024-12-09,50.0,Tarjeta de Débito
TRX-93300,SOC-2492,PROD-507,2025-01-14,750.0,Tarjeta de Débito
TRX-93301,SOC-2805,PROD-507,2026-01-15,750.0,Transferencia SPEI
TRX-93302,SOC-3653,PROD-502,2025-03-17,1300.0,Tarjeta de Débito
TRX-93303,SOC-2260,PROD-502,2024-06-30,1300.0,Tarjeta de Débito
TRX-93304,SOC-2046,PROD-509,2025-12-15,400.0,Tarjeta de Débito
TRX-93305,SOC-3718,PROD-510,2024-11-09,75.0,Tarjeta de Débito
TRX-93306,SOC-2380,PROD-507,2025-09-02,624.02,Tarjeta de Débito
TRX-93307,SOC-3180,PROD-507,2025-02-10,750.0,Transferencia SPEI
TRX-93308,SOC-2373,PROD-502,2024-09-02,1065.33,Tarjeta de Débito
TRX-93309,SOC-2280,PROD-504,2025-01-11,950.0,Efectivo
TRX-93310,SOC-2545,PROD-503,2025-01-29,5794.85,Efectivo
TRX-93311,SOC-3368,PROD-505,2025-10-28,480.0,Tarjeta de Crédito
TRX-93312,SOC-2508,PROD-503,2025-03-01,6999.0,Tarjeta de Débito
TRX-93313,SOC-3591,PROD-506,2024-11-12,550.0,Efectivo
TRX-93314,SOC-2928,PROD-510,2025-02-26,75.0,Transferencia SPEI
TRX-93315,SOC-2463,PROD-502,2025-11-28,1300.0,Efectivo
TRX-93316,SOC-3094,PROD-511,2025-12-03,50.0,Transferencia SPEI
TRX-93317,SOC-3088,PROD-506,2024-06-20,512.58,Tarjeta de Débito
TRX-93318,SOC-3495,PROD-509,2025-04-02,324.05,Tarjeta de Débito
TRX-93319,SOC-2652,PROD-503,2024-08-02,6999.0,Tarjeta de Débito
TRX-93320,SOC-3514,PROD-503,2025-03-19,6999.0,Transferencia SPEI
TRX-93321,SOC-2532,PROD-505,2025-11-27,480.0,Transferencia SPEI
TRX-93322,SOC-2100,PROD-502,2025-05-24,1300.0,Tarjeta de Crédito
TRX-93323,SOC-3782,PROD-511,2026-04-15,50.0,Transferencia SPEI
TRX-93324,SOC-3632,PROD-506,2026-01-29,550.0,Tarjeta de Crédito
TRX-93325,SOC-2911,PROD-508,2025-04-08,221.38,Tarjeta de Débito
TRX-93326,SOC-2833,PROD-504,2024-07-18,950.0,Efectivo
TRX-93327,SOC-2571,PROD-501,2025-10-23,650.0,Tarjeta de Débito
TRX-93328,SOC-3670,PROD-503,2026-04-13,6999.0,Efectivo
TRX-93329,SOC-2051,PROD-506,2024-11-29,550.0,Efectivo
TRX-93330,SOC-2075,PROD-501,2024-06-04,650.0,Tarjeta de Crédito
TRX-93331,SOC-3494,PROD-503,2024-03-08,6999.0,Tarjeta de Débito
TRX-93332,SOC-2949,PROD-511,2024-07-18,47.3,Tarjeta de Débito
TRX-93333,SOC-2465,PROD-510,2025-12-09,75.0,Tarjeta de Crédito
TRX-93334,SOC-3563,PROD-507,2025-06-25,750.0,Efectivo
TRX-93335,SOC-3013,PROD-503,2024-02-05,6999.0,Tarjeta de Crédito
TRX-93336,SOC-2775,PROD-510,2024-12-20,75.0,Tarjeta de Crédito
TRX-93337,SOC-3062,PROD-507,2024-06-29,750.0,Efectivo
TRX-93338,SOC-3231,PROD-511,2024-07-09,50.0,Transferencia SPEI
TRX-93339,SOC-3606,PROD-504,2024-12-18,849.27,Tarjeta de Débito
TRX-93340,SOC-3695,PROD-511,2025-11-30,50.0,Tarjeta de Crédito
TRX-93341,SOC-2304,PROD-503,2024-06-03,6999.0,Transferencia SPEI
TRX-93342,SOC-2465,PROD-512,2025-09-22,35.0,Tarjeta de Crédito
TRX-93343,SOC-2003,PROD-505,2025-01-07,480.0,Tarjeta de Crédito
TRX-93344,SOC-3602,PROD-506,2024-08-18,487.58,Efectivo
TRX-93345,SOC-3039,PROD-506,2024-02-05,550.0,Efectivo
TRX-93346,SOC-2101,PROD-509,2025-04-15,368.75,Transferencia SPEI
TRX-93347,SOC-3614,PROD-502,2026-02-21,1300.0,Tarjeta de Crédito
TRX-93348,SOC-3700,PROD-504,2025-01-25,900.48,Efectivo
TRX-93349,SOC-2320,PROD-507,2024-04-12,750.0,Tarjeta de Crédito
TRX-93350,SOC-3144,PROD-511,2025-07-27,50.0,Tarjeta de Crédito
TRX-93351,SOC-3447,PROD-502,2025-05-19,1300.0,Transferencia SPEI
TRX-93352,SOC-3449,PROD-505,2025-06-30,480.0,Transferencia SPEI
TRX-93353,SOC-2980,PROD-504,2024-11-28,950.0,Tarjeta de Débito
TRX-93354,SOC-2269,PROD-503,2024-08-02,6999.0,Tarjeta de Crédito
TRX-93355,SOC-3415,PROD-503,2024-05-25,6999.0,Efectivo
TRX-93356,SOC-3300,PROD-502,2026-02-11,1300.0,Tarjeta de Débito
TRX-93357,SOC-2316,PROD-506,2025-07-27,550.0,Tarjeta de Crédito
TRX-93358,SOC-3470,PROD-511,2025-12-02,50.0,Tarjeta de Crédito
TRX-93359,SOC-2366,PROD-512,2024-12-28,35.0,Transferencia SPEI
TRX-93360,SOC-2375,PROD-510,2024-12-11,75.0,Efectivo
TRX-93361,SOC-2798,PROD-504,2025-10-12,950.0,Transferencia SPEI
TRX-93362,SOC-3771,PROD-504,2024-03-09,950.0,Efectivo
TRX-93363,SOC-3089,PROD-501,2024-10-05,650.0,Transferencia SPEI
TRX-93364,SOC-2565,PROD-502,2026-04-27,1300.0,Transferencia SPEI
TRX-93365,SOC-3371,PROD-506,2024-08-22,550.0,Tarjeta de Débito
TRX-93366,SOC-3582,PROD-502,2025-10-30,1300.0,Tarjeta de Crédito
TRX-93367,SOC-2028,PROD-511,2024-03-14,50.0,Transferencia SPEI
TRX-93368,SOC-2358,PROD-507,2025-11-07,624.24,Transferencia SPEI
TRX-93369,SOC-2470,PROD-510,2026-04-28,75.0,Tarjeta de Débito
TRX-93370,SOC-2791,PROD-502,2024-11-17,1300.0,Transferencia SPEI
TRX-93371,SOC-2093,PROD-506,2024-11-22,550.0,Efectivo
TRX-93372,SOC-3637,PROD-503,2025-10-03,6999.0,Tarjeta de Débito
TRX-93373,SOC-2178,PROD-507,2026-01-07,750.0,Efectivo
TRX-93374,SOC-3160,PROD-511,2024-12-16,50.0,Tarjeta de Débito
TRX-93375,SOC-2035,PROD-510,2025-11-17,63.14,Tarjeta de Crédito
TRX-93376,SOC-3211,PROD-506,2025-04-06,550.0,Tarjeta de Débito
TRX-93377,SOC-3649,PROD-503,2024-03-02,6999.0,Efectivo
TRX-93378,SOC-3662,PROD-503,2024-01-19,6999.0,Transferencia SPEI
TRX-93379,SOC-2325,PROD-511,2024-01-16,41.0,Transferencia SPEI
TRX-93380,SOC-2197,PROD-503,2026-01-16,6999.0,Tarjeta de Crédito
TRX-93381,SOC-2630,PROD-502,2024-07-25,1300.0,Transferencia SPEI
TRX-93382,SOC-3271,PROD-507,2025-04-18,750.0,Transferencia SPEI
TRX-93383,SOC-2832,PROD-501,2025-08-02,650.0,Transferencia SPEI
TRX-93384,SOC-2442,PROD-502,2024-06-17,1300.0,Transferencia SPEI
TRX-93385,SOC-2474,PROD-502,2026-03-28,1300.0,Tarjeta de Crédito
TRX-93386,SOC-2271,PROD-508,2025-10-29,250.0,Efectivo
TRX-93387,SOC-2943,PROD-506,2025-12-13,550.0,Transferencia SPEI
TRX-93388,SOC-3329,PROD-509,2025-03-06,400.0,Tarjeta de Crédito
TRX-93389,SOC-3293,PROD-511,2025-08-08,50.0,Tarjeta de Débito
TRX-93390,SOC-2416,PROD-502,2025-09-09,1084.8600000000001,Tarjeta de Débito
TRX-93391,SOC-2633,PROD-504,2024-02-01,950.0,Tarjeta de Débito
TRX-93392,SOC-2373,PROD-504,2024-05-07,879.91,Efectivo
TRX-93393,SOC-2721,PROD-501,2026-03-04,650.0,Transferencia SPEI
TRX-93394,SOC-2558,PROD-505,2025-07-30,480.0,Tarjeta de Débito
TRX-93395,SOC-2983,PROD-501,2025-12-29,603.82,Transferencia SPEI
TRX-93396,SOC-2811,PROD-505,2024-11-12,480.0,Transferencia SPEI
TRX-93397,SOC-3017,PROD-507,2024-10-31,750.0,Transferencia SPEI
TRX-93398,SOC-2634,PROD-502,2025-03-05,1300.0,Transferencia SPEI
TRX-93399,SOC-2712,PROD-507,2025-12-08,750.0,Tarjeta de Débito
TRX-93400,SOC-3757,PROD-506,2024-02-03,502.35,Tarjeta de Débito
TRX-93401,SOC-3432,PROD-504,2025-04-26,950.0,Transferencia SPEI
TRX-93402,SOC-2558,PROD-510,2025-03-12,75.0,Transferencia SPEI
TRX-93403,SOC-2904,PROD-502,2024-04-22,1300.0,Tarjeta de Débito
TRX-93404,SOC-2282,PROD-510,2025-12-13,75.0,Tarjeta de Débito
TRX-93405,SOC-2422,PROD-501,2025-12-12,650.0,Transferencia SPEI
TRX-93406,SOC-3473,PROD-501,2024-07-02,650.0,Efectivo
TRX-93407,SOC-2331,PROD-509,2024-06-13,400.0,Tarjeta de Crédito
TRX-93408,SOC-2874,PROD-505,2024-08-28,480.0,Tarjeta de Débito
TRX-93409,SOC-3258,PROD-505,2025-06-21,480.0,Tarjeta de Débito
TRX-93410,SOC-3253,PROD-507,2024-12-23,750.0,Transferencia SPEI
TRX-93411,SOC-3347,PROD-507,2024-09-10,750.0,Tarjeta de Débito
TRX-93412,SOC-3544,PROD-505,2024-10-26,480.0,Tarjeta de Débito
TRX-93413,SOC-3453,PROD-505,2026-03-15,391.44,Efectivo
TRX-93414,SOC-2811,PROD-510,2025-09-09,75.0,Tarjeta de Crédito
TRX-93415,SOC-3708,PROD-512,2024-09-21,35.0,Transferencia SPEI
TRX-93416,SOC-2584,PROD-504,2025-08-11,950.0,Transferencia SPEI
TRX-93417,SOC-2541,PROD-501,2025-06-22,650.0,Tarjeta de Crédito
TRX-93418,SOC-2300,PROD-504,2024-02-18,950.0,Transferencia SPEI
TRX-93419,SOC-2263,PROD-510,2026-01-10,75.0,Tarjeta de Crédito
TRX-93420,SOC-3179,PROD-511,2026-04-17,50.0,Tarjeta de Débito
TRX-93421,SOC-2205,PROD-504,2024-06-10,901.36,Transferencia SPEI
TRX-93422,SOC-2265,PROD-501,2025-12-08,650.0,Transferencia SPEI
TRX-93423,SOC-3560,PROD-501,2025-05-05,650.0,Tarjeta de Débito
TRX-93424,SOC-2395,PROD-505,2025-10-07,480.0,Transferencia SPEI
TRX-93425,SOC-2759,PROD-506,2025-04-28,550.0,Tarjeta de Crédito
TRX-93426,SOC-3760,PROD-503,2024-02-08,6999.0,Efectivo
TRX-93427,SOC-2619,PROD-505,2025-08-03,480.0,Tarjeta de Débito
TRX-93428,SOC-2782,PROD-502,2024-05-31,1300.0,Tarjeta de Crédito
TRX-93429,SOC-3161,PROD-501,2026-04-22,530.02,Tarjeta de Débito
TRX-93430,SOC-2219,PROD-503,2026-03-08,5878.63,Transferencia SPEI
TRX-93431,SOC-2683,PROD-507,2024-12-30,750.0,Transferencia SPEI
TRX-93432,SOC-2390,PROD-506,2025-08-19,550.0,Transferencia SPEI
TRX-93433,SOC-2005,PROD-509,2025-03-16,400.0,Efectivo
TRX-93434,SOC-3175,PROD-510,2024-08-11,75.0,Tarjeta de Débito
TRX-93435,SOC-3446,PROD-506,2025-07-19,550.0,Tarjeta de Débito
TRX-93436,SOC-3425,PROD-506,2025-02-10,550.0,Efectivo
TRX-93437,SOC-2149,PROD-504,2025-07-09,950.0,Efectivo
TRX-93438,SOC-2420,PROD-505,2024-07-06,480.0,Transferencia SPEI
TRX-93439,SOC-2323,PROD-511,2026-01-28,41.07,Tarjeta de Crédito
TRX-93440,SOC-2635,PROD-508,2024-10-26,250.0,Transferencia SPEI
TRX-93441,SOC-2426,PROD-511,2024-04-20,45.76,Transferencia SPEI
TRX-93442,SOC-3463,PROD-510,2025-03-01,75.0,Transferencia SPEI
TRX-93443,SOC-3601,PROD-509,2024-01-29,332.51,Tarjeta de Débito
TRX-93444,SOC-3456,PROD-512,2024-05-24,35.0,Tarjeta de Débito
TRX-93445,SOC-2782,PROD-510,2024-02-21,75.0,Efectivo
TRX-93446,SOC-3325,PROD-511,2025-05-13,50.0,Tarjeta de Débito
TRX-93447,SOC-2132,PROD-508,2024-09-26,250.0,Efectivo
TRX-93448,SOC-2619,PROD-504,2024-11-22,869.96,Tarjeta de Débito
TRX-93449,SOC-2097,PROD-503,2024-06-14,6999.0,Tarjeta de Débito
TRX-93450,SOC-2865,PROD-507,2024-12-12,750.0,Tarjeta de Débito
TRX-93451,SOC-3495,PROD-503,2024-07-22,6999.0,Tarjeta de Crédito
TRX-93452,SOC-3278,PROD-504,2024-01-10,883.34,Transferencia SPEI
TRX-93453,SOC-3175,PROD-502,2024-08-08,1300.0,Efectivo
TRX-93454,SOC-2471,PROD-501,2024-08-12,650.0,Transferencia SPEI
TRX-93455,SOC-2960,PROD-508,2024-03-10,250.0,Efectivo
TRX-93456,SOC-3373,PROD-507,2026-03-13,750.0,Efectivo
TRX-93457,SOC-2897,PROD-507,2024-05-25,750.0,Tarjeta de Débito
TRX-93458,SOC-3538,PROD-506,2024-09-12,550.0,Efectivo
TRX-93459,SOC-2356,PROD-505,2025-10-19,480.0,Efectivo
TRX-93460,SOC-2161,PROD-503,2024-08-24,6999.0,Tarjeta de Débito
TRX-93461,SOC-3672,PROD-508,2024-06-23,250.0,Tarjeta de Crédito
TRX-93462,SOC-2555,PROD-512,2026-03-22,32.58,Tarjeta de Débito
TRX-93463,SOC-2939,PROD-502,2026-03-29,1300.0,Efectivo
TRX-93464,SOC-2187,PROD-508,2026-01-04,250.0,Tarjeta de Crédito
TRX-93465,SOC-3356,PROD-503,2024-10-26,6257.14,Transferencia SPEI
TRX-93466,SOC-3668,PROD-512,2025-02-27,35.0,Tarjeta de Débito
TRX-93467,SOC-3353,PROD-509,2025-04-18,400.0,Efectivo
TRX-93468,SOC-3704,PROD-508,2025-10-19,250.0,Transferencia SPEI
TRX-93469,SOC-2658,PROD-505,2025-02-27,399.36,Tarjeta de Crédito
TRX-93470,SOC-2541,PROD-501,2025-01-30,650.0,Tarjeta de Crédito
TRX-93471,SOC-3100,PROD-508,2024-06-06,250.0,Transferencia SPEI
TRX-93472,SOC-3289,PROD-503,2024-12-13,6999.0,Efectivo
TRX-93473,SOC-2369,PROD-503,2024-11-20,6999.0,Tarjeta de Débito
TRX-93474,SOC-2790,PROD-507,2026-02-15,750.0,Tarjeta de Débito
TRX-93475,SOC-3039,PROD-512,2026-01-27,31.95,Tarjeta de Crédito
TRX-93476,SOC-3285,PROD-504,2025-04-07,950.0,Efectivo
TRX-93477,SOC-3627,PROD-503,2024-04-12,6558.81,Efectivo
TRX-93478,SOC-2245,PROD-509,2025-04-13,400.0,Efectivo
TRX-93479,SOC-2483,PROD-512,2024-12-20,35.0,Transferencia SPEI
TRX-93480,SOC-3654,PROD-512,2025-09-20,28.44,Efectivo
TRX-93481,SOC-2931,PROD-501,2026-04-24,650.0,Efectivo
TRX-93482,SOC-3635,PROD-511,2024-08-18,50.0,Tarjeta de Débito
TRX-93483,SOC-2213,PROD-510,2025-09-26,75.0,Tarjeta de Débito
TRX-93484,SOC-2365,PROD-510,2024-11-21,75.0,Efectivo
TRX-93485,SOC-3012,PROD-502,2024-06-25,1300.0,Transferencia SPEI
TRX-93486,SOC-2795,PROD-512,2024-09-17,35.0,Transferencia SPEI
TRX-93487,SOC-2373,PROD-503,2024-01-22,6999.0,Tarjeta de Débito
TRX-93488,SOC-2307,PROD-503,2024-04-25,6999.0,Transferencia SPEI
TRX-93489,SOC-3391,PROD-506,2025-12-02,550.0,Transferencia SPEI
TRX-93490,SOC-3741,PROD-504,2024-07-18,950.0,Efectivo
TRX-93491,SOC-3418,PROD-509,2026-04-16,400.0,Tarjeta de Débito
TRX-93492,SOC-2603,PROD-505,2025-03-29,480.0,Efectivo
TRX-93493,SOC-2625,PROD-509,2025-06-15,400.0,Tarjeta de Débito
TRX-93494,SOC-2025,PROD-505,2025-04-20,444.03,Tarjeta de Débito
TRX-93495,SOC-3258,PROD-511,2025-01-21,50.0,Tarjeta de Débito
TRX-93496,SOC-2147,PROD-510,2026-02-23,75.0,Tarjeta de Crédito
TRX-93497,SOC-3614,PROD-511,2025-04-03,50.0,Tarjeta de Crédito
TRX-93498,SOC-2814,PROD-507,2025-10-11,750.0,Tarjeta de Crédito
TRX-93499,SOC-3798,PROD-510,2026-01-28,75.0,Tarjeta de Crédito
TRX-93500,SOC-2549,PROD-503,2025-04-08,6999.0,Transferencia SPEI
TRX-93501,SOC-2654,PROD-503,2024-06-12,6999.0,Tarjeta de Crédito
TRX-93502,SOC-2036,PROD-507,2024-03-23,750.0,Tarjeta de Débito
TRX-93503,SOC-3112,PROD-502,2024-05-25,1300.0,Tarjeta de Crédito
TRX-93504,SOC-2057,PROD-511,2025-01-12,50.0,Tarjeta de Crédito
TRX-93505,SOC-2310,PROD-510,2024-10-19,67.62,Transferencia SPEI
TRX-93506,SOC-2448,PROD-501,2024-06-04,650.0,Tarjeta de Débito
TRX-93507,SOC-3552,PROD-511,2025-12-18,50.0,Tarjeta de Crédito
TRX-93508,SOC-2893,PROD-504,2025-04-19,950.0,Tarjeta de Crédito
TRX-93509,SOC-3323,PROD-507,2024-06-25,750.0,Tarjeta de Débito
TRX-93510,SOC-3361,PROD-503,2024-02-13,6999.0,Efectivo
TRX-93511,SOC-2687,PROD-511,2024-09-22,50.0,Efectivo
TRX-93512,SOC-3324,PROD-511,2025-07-18,50.0,Tarjeta de Crédito
TRX-93513,SOC-2420,PROD-512,2024-04-19,35.0,Efectivo
TRX-93514,SOC-2090,PROD-505,2025-08-10,480.0,Tarjeta de Crédito
TRX-93515,SOC-3443,PROD-503,2024-03-06,6999.0,Efectivo
TRX-93516,SOC-2363,PROD-503,2024-04-06,6999.0,Tarjeta de Crédito
TRX-93517,SOC-3602,PROD-502,2025-01-16,1300.0,Efectivo
TRX-93518,SOC-3457,PROD-506,2025-07-05,550.0,Transferencia SPEI
TRX-93519,SOC-3113,PROD-507,2025-07-02,750.0,Transferencia SPEI
TRX-93520,SOC-2611,PROD-501,2024-04-16,650.0,Efectivo
TRX-93521,SOC-3088,PROD-506,2024-09-25,550.0,Efectivo
TRX-93522,SOC-2798,PROD-505,2024-11-08,480.0,Efectivo
TRX-93523,SOC-2088,PROD-507,2024-06-30,750.0,Transferencia SPEI
TRX-93524,SOC-2906,PROD-511,2025-06-21,50.0,Tarjeta de Débito
TRX-93525,SOC-3067,PROD-506,2026-03-05,550.0,Transferencia SPEI
TRX-93526,SOC-3307,PROD-507,2024-10-15,750.0,Transferencia SPEI
TRX-93527,SOC-3534,PROD-505,2026-03-04,480.0,Transferencia SPEI
TRX-93528,SOC-3484,PROD-503,2024-08-10,6999.0,Tarjeta de Crédito
TRX-93529,SOC-2229,PROD-510,2024-05-24,75.0,Transferencia SPEI
TRX-93530,SOC-3657,PROD-503,2024-07-02,6456.9,Tarjeta de Débito
TRX-93531,SOC-3414,PROD-502,2024-02-16,1300.0,Tarjeta de Débito
TRX-93532,SOC-3090,PROD-504,2026-03-25,950.0,Tarjeta de Débito
TRX-93533,SOC-3501,PROD-508,2025-06-07,250.0,Efectivo
TRX-93534,SOC-2185,PROD-508,2025-09-21,250.0,Transferencia SPEI
TRX-93535,SOC-3205,PROD-510,2025-08-31,75.0,Tarjeta de Débito
TRX-93536,SOC-3179,PROD-512,2025-06-23,32.41,Tarjeta de Crédito
TRX-93537,SOC-2228,PROD-512,2025-07-16,32.1,Transferencia SPEI
TRX-93538,SOC-2865,PROD-507,2024-01-22,750.0,Tarjeta de Crédito
TRX-93539,SOC-3447,PROD-501,2024-03-04,526.22,Tarjeta de Crédito
TRX-93540,SOC-3105,PROD-506,2024-07-17,550.0,Tarjeta de Crédito
TRX-93541,SOC-3788,PROD-502,2024-01-04,1300.0,Efectivo
TRX-93542,SOC-2669,PROD-503,2024-10-03,6999.0,Tarjeta de Crédito
TRX-93543,SOC-3127,PROD-512,2024-01-02,35.0,Tarjeta de Crédito
TRX-93544,SOC-2856,PROD-510,2024-06-24,75.0,Efectivo
TRX-93545,SOC-2123,PROD-508,2025-02-11,250.0,Transferencia SPEI
TRX-93546,SOC-2336,PROD-508,2026-02-13,250.0,Tarjeta de Crédito
TRX-93547,SOC-3757,PROD-504,2024-06-30,950.0,Tarjeta de Crédito
TRX-93548,SOC-3787,PROD-509,2025-09-16,400.0,Tarjeta de Crédito
TRX-93549,SOC-2440,PROD-508,2025-02-21,250.0,Efectivo
TRX-93550,SOC-3036,PROD-506,2025-10-12,470.43,Transferencia SPEI
TRX-93551,SOC-2363,PROD-507,2025-04-10,663.67,Tarjeta de Débito
TRX-93552,SOC-3592,PROD-502,2024-01-01,1300.0,Tarjeta de Crédito
TRX-93553,SOC-2318,PROD-511,2025-06-01,50.0,Tarjeta de Crédito
TRX-93554,SOC-2463,PROD-512,2025-09-15,35.0,Tarjeta de Crédito
TRX-93555,SOC-2716,PROD-503,2025-04-17,6999.0,Efectivo
TRX-93556,SOC-3083,PROD-508,2024-11-29,250.0,Efectivo
TRX-93557,SOC-2832,PROD-508,2025-05-19,250.0,Efectivo
TRX-93558,SOC-2866,PROD-511,2026-01-10,50.0,Tarjeta de Crédito
TRX-93559,SOC-2013,PROD-511,2025-07-05,50.0,Tarjeta de Débito
TRX-93560,SOC-2507,PROD-502,2025-09-28,1116.69,Transferencia SPEI
TRX-93561,SOC-2240,PROD-508,2025-05-30,250.0,Tarjeta de Débito
TRX-93562,SOC-3216,PROD-507,2025-08-16,750.0,Tarjeta de Crédito
TRX-93563,SOC-3109,PROD-512,2024-11-02,35.0,Transferencia SPEI
TRX-93564,SOC-2365,PROD-512,2025-11-22,29.490000000000002,Tarjeta de Crédito
TRX-93565,SOC-3437,PROD-507,2025-01-20,750.0,Transferencia SPEI
TRX-93566,SOC-3094,PROD-507,2026-02-21,750.0,Tarjeta de Débito
TRX-93567,SOC-3178,PROD-502,2024-05-21,1300.0,Tarjeta de Crédito
TRX-93568,SOC-2631,PROD-510,2025-06-03,75.0,Tarjeta de Crédito
TRX-93569,SOC-2704,PROD-506,2024-08-16,550.0,Transferencia SPEI
TRX-93570,SOC-3287,PROD-511,2024-01-10,50.0,Tarjeta de Débito
TRX-93571,SOC-2280,PROD-510,2025-09-14,68.23,Transferencia SPEI
TRX-93572,SOC-2293,PROD-510,2025-02-25,75.0,Tarjeta de Débito
TRX-93573,SOC-2129,PROD-508,2025-08-10,250.0,Transferencia SPEI
TRX-93574,SOC-2045,PROD-509,2024-01-04,400.0,Transferencia SPEI
TRX-93575,SOC-2629,PROD-511,2025-11-27,50.0,Tarjeta de Débito
TRX-93576,SOC-3405,PROD-510,2025-08-07,75.0,Tarjeta de Débito
TRX-93577,SOC-2155,PROD-509,2024-07-17,400.0,Tarjeta de Débito
TRX-93578,SOC-2231,PROD-507,2025-04-18,750.0,Transferencia SPEI
TRX-93579,SOC-3063,PROD-511,2024-12-17,50.0,Efectivo
TRX-93580,SOC-2780,PROD-505,2026-03-06,480.0,Efectivo
TRX-93581,SOC-2544,PROD-505,2024-11-19,412.45,Transferencia SPEI
TRX-93582,SOC-3794,PROD-501,2024-11-30,650.0,Efectivo
TRX-93583,SOC-3712,PROD-501,2024-06-16,650.0,Transferencia SPEI
TRX-93584,SOC-2081,PROD-507,2025-02-13,750.0,Efectivo
TRX-93585,SOC-2038,PROD-509,2024-07-02,400.0,Tarjeta de Débito
TRX-93586,SOC-2735,PROD-509,2024-04-16,400.0,Efectivo
TRX-93587,SOC-3140,PROD-509,2025-08-09,400.0,Efectivo
TRX-93588,SOC-2676,PROD-508,2024-11-08,250.0,Tarjeta de Crédito
TRX-93589,SOC-3268,PROD-510,2026-01-24,75.0,Efectivo
TRX-93590,SOC-3134,PROD-506,2025-03-01,550.0,Tarjeta de Crédito
TRX-93591,SOC-2030,PROD-503,2025-04-02,6999.0,Efectivo
TRX-93592,SOC-2097,PROD-501,2024-08-05,583.87,Transferencia SPEI
TRX-93593,SOC-3557,PROD-511,2025-02-16,40.84,Tarjeta de Débito
TRX-93594,SOC-3322,PROD-504,2024-01-18,950.0,Tarjeta de Débito
TRX-93595,SOC-2794,PROD-505,2024-04-09,480.0,Tarjeta de Crédito
TRX-93596,SOC-3691,PROD-508,2025-07-08,250.0,Tarjeta de Débito
TRX-93597,SOC-2885,PROD-508,2025-08-06,208.96,Efectivo
TRX-93598,SOC-3339,PROD-502,2025-06-27,1300.0,Transferencia SPEI
TRX-93599,SOC-3799,PROD-511,2026-04-02,46.65,Tarjeta de Crédito
TRX-93600,SOC-2876,PROD-506,2025-12-05,503.45,Tarjeta de Débito
TRX-93601,SOC-2621,PROD-505,2024-05-14,480.0,Efectivo
TRX-93602,SOC-2806,PROD-508,2024-10-07,250.0,Transferencia SPEI
TRX-93603,SOC-3145,PROD-507,2026-04-18,750.0,Tarjeta de Crédito
TRX-93604,SOC-2617,PROD-501,2025-01-21,541.63,Efectivo
TRX-93605,SOC-2663,PROD-506,2025-09-17,550.0,Transferencia SPEI
TRX-93606,SOC-2281,PROD-506,2025-03-11,550.0,Tarjeta de Crédito
TRX-93607,SOC-3752,PROD-503,2024-05-07,6999.0,Tarjeta de Débito
TRX-93608,SOC-2484,PROD-504,2025-10-12,950.0,Tarjeta de Débito
TRX-93609,SOC-2901,PROD-501,2024-09-21,650.0,Transferencia SPEI
TRX-93610,SOC-2797,PROD-505,2025-07-08,480.0,Tarjeta de Débito
TRX-93611,SOC-2763,PROD-510,2024-08-16,75.0,Tarjeta de Débito
TRX-93612,SOC-2350,PROD-502,2026-04-23,1300.0,Tarjeta de Crédito
TRX-93613,SOC-2641,PROD-501,2025-05-15,650.0,Tarjeta de Crédito
TRX-93614,SOC-2589,PROD-506,2026-01-16,550.0,Efectivo
TRX-93615,SOC-2341,PROD-512,2026-04-28,35.0,Efectivo
TRX-93616,SOC-2007,PROD-512,2024-09-12,35.0,Tarjeta de Crédito
TRX-93617,SOC-2188,PROD-502,2026-01-04,1300.0,Tarjeta de Crédito
TRX-93618,SOC-3595,PROD-511,2024-05-26,50.0,Transferencia SPEI
TRX-93619,SOC-3014,PROD-503,2025-03-11,6999.0,Tarjeta de Crédito
TRX-93620,SOC-3265,PROD-506,2025-07-23,550.0,Tarjeta de Débito
TRX-93621,SOC-3135,PROD-506,2024-06-24,550.0,Tarjeta de Débito
TRX-93622,SOC-2349,PROD-511,2024-12-20,41.06,Efectivo
TRX-93623,SOC-2832,PROD-502,2025-05-29,1300.0,Tarjeta de Débito
TRX-93624,SOC-3260,PROD-502,2025-04-04,1169.48,Efectivo
TRX-93625,SOC-3084,PROD-511,2024-02-18,50.0,Efectivo
TRX-93626,SOC-2530,PROD-508,2025-04-10,250.0,Transferencia SPEI
TRX-93627,SOC-2472,PROD-506,2025-10-15,550.0,Tarjeta de Crédito
TRX-93628,SOC-2610,PROD-508,2025-06-25,250.0,Tarjeta de Débito
TRX-93629,SOC-2230,PROD-508,2024-05-01,250.0,Tarjeta de Débito
TRX-93630,SOC-3439,PROD-510,2025-04-15,75.0,Tarjeta de Débito
TRX-93631,SOC-3736,PROD-510,2024-07-27,68.65,Efectivo
TRX-93632,SOC-2456,PROD-504,2024-05-07,950.0,Transferencia SPEI
TRX-93633,SOC-2171,PROD-502,2025-12-05,1300.0,Tarjeta de Crédito
TRX-93634,SOC-2875,PROD-501,2025-06-09,650.0,Tarjeta de Crédito
TRX-93635,SOC-3664,PROD-509,2024-03-10,400.0,Tarjeta de Crédito
TRX-93636,SOC-2983,PROD-509,2025-05-01,400.0,Tarjeta de Débito
TRX-93637,SOC-3695,PROD-509,2025-03-21,400.0,Efectivo
TRX-93638,SOC-2642,PROD-503,2024-05-05,6999.0,Tarjeta de Débito
TRX-93639,SOC-2837,PROD-506,2025-11-07,550.0,Tarjeta de Débito
TRX-93640,SOC-3493,PROD-504,2025-05-09,950.0,Efectivo
TRX-93641,SOC-2208,PROD-509,2025-08-01,400.0,Tarjeta de Débito
TRX-93642,SOC-2871,PROD-511,2025-05-04,50.0,Tarjeta de Débito
TRX-93643,SOC-3781,PROD-507,2025-05-23,658.59,Transferencia SPEI
TRX-93644,SOC-2333,PROD-510,2026-04-08,75.0,Efectivo
TRX-93645,SOC-2636,PROD-504,2024-08-02,950.0,Tarjeta de Crédito
TRX-93646,SOC-3204,PROD-510,2025-08-12,75.0,Transferencia SPEI
TRX-93647,SOC-3289,PROD-507,2024-09-25,750.0,Tarjeta de Débito
TRX-93648,SOC-2108,PROD-510,2025-08-24,75.0,Efectivo
TRX-93649,SOC-3413,PROD-501,2024-04-24,559.4300000000001,Tarjeta de Débito
TRX-93650,SOC-2983,PROD-504,2025-08-14,773.41,Tarjeta de Débito
TRX-93651,SOC-2336,PROD-502,2025-12-22,1119.08,Tarjeta de Débito
TRX-93652,SOC-2589,PROD-503,2025-10-28,6999.0,Tarjeta de Débito
TRX-93653,SOC-3508,PROD-509,2026-03-06,400.0,Transferencia SPEI
TRX-93654,SOC-3194,PROD-506,2025-03-24,550.0,Tarjeta de Débito
TRX-93655,SOC-3688,PROD-508,2024-12-02,250.0,Tarjeta de Débito
TRX-93656,SOC-3545,PROD-509,2024-05-09,400.0,Efectivo
TRX-93657,SOC-3726,PROD-510,2024-02-22,75.0,Efectivo
TRX-93658,SOC-2904,PROD-512,2025-08-20,35.0,Efectivo
TRX-93659,SOC-3680,PROD-503,2024-11-02,6999.0,Tarjeta de Crédito
TRX-93660,SOC-3310,PROD-510,2025-04-07,75.0,Transferencia SPEI
TRX-93661,SOC-2030,PROD-506,2026-02-07,550.0,Tarjeta de Débito
TRX-93662,SOC-2538,PROD-506,2026-04-10,500.57,Tarjeta de Crédito
TRX-93663,SOC-2872,PROD-508,2026-02-17,250.0,Transferencia SPEI
TRX-93664,SOC-3072,PROD-502,2024-03-25,1300.0,Tarjeta de Crédito
TRX-93665,SOC-3308,PROD-501,2024-08-02,650.0,Tarjeta de Débito
TRX-93666,SOC-3541,PROD-507,2025-07-03,703.28,Tarjeta de Crédito
TRX-93667,SOC-3249,PROD-508,2025-07-05,202.05,Tarjeta de Débito
TRX-93668,SOC-3181,PROD-501,2026-04-20,539.99,Tarjeta de Crédito
TRX-93669,SOC-3707,PROD-502,2025-03-31,1300.0,Efectivo
TRX-93670,SOC-2759,PROD-506,2024-05-31,550.0,Transferencia SPEI
TRX-93671,SOC-2867,PROD-510,2024-07-31,75.0,Tarjeta de Débito
TRX-93672,SOC-2184,PROD-511,2026-04-28,50.0,Efectivo
TRX-93673,SOC-3546,PROD-512,2025-04-20,35.0,Efectivo
TRX-93674,SOC-3575,PROD-511,2024-11-22,50.0,Transferencia SPEI
TRX-93675,SOC-2041,PROD-512,2026-02-01,30.23,Efectivo
TRX-93676,SOC-2022,PROD-504,2025-06-29,820.78,Transferencia SPEI
TRX-93677,SOC-2630,PROD-503,2025-10-23,6999.0,Tarjeta de Débito
TRX-93678,SOC-2249,PROD-504,2026-01-10,950.0,Efectivo
TRX-93679,SOC-3414,PROD-509,2024-12-01,400.0,Efectivo
TRX-93680,SOC-3753,PROD-509,2026-01-04,363.0,Efectivo
TRX-93681,SOC-2278,PROD-505,2024-08-05,480.0,Tarjeta de Crédito
TRX-93682,SOC-2821,PROD-502,2024-12-17,1300.0,Transferencia SPEI
TRX-93683,SOC-2422,PROD-507,2026-02-14,750.0,Transferencia SPEI
TRX-93684,SOC-2162,PROD-504,2025-12-07,950.0,Transferencia SPEI
TRX-93685,SOC-3164,PROD-504,2024-08-02,950.0,Efectivo
TRX-93686,SOC-3443,PROD-501,2025-10-03,650.0,Tarjeta de Débito
TRX-93687,SOC-3790,PROD-507,2024-04-02,750.0,Tarjeta de Débito
TRX-93688,SOC-2923,PROD-511,2024-09-09,44.99,Transferencia SPEI
TRX-93689,SOC-3681,PROD-507,2024-09-02,750.0,Tarjeta de Crédito
TRX-93690,SOC-2732,PROD-506,2026-03-19,550.0,Efectivo
TRX-93691,SOC-2778,PROD-505,2024-09-09,480.0,Efectivo
TRX-93692,SOC-3352,PROD-503,2025-06-04,6999.0,Transferencia SPEI
TRX-93693,SOC-2996,PROD-503,2025-04-12,6482.75,Transferencia SPEI
TRX-93694,SOC-3569,PROD-511,2025-01-22,50.0,Tarjeta de Débito
TRX-93695,SOC-2511,PROD-505,2024-06-30,480.0,Transferencia SPEI
TRX-93696,SOC-3654,PROD-505,2024-09-19,405.25,Transferencia SPEI
TRX-93697,SOC-2157,PROD-501,2024-04-17,650.0,Transferencia SPEI
TRX-93698,SOC-2663,PROD-511,2024-07-28,50.0,Tarjeta de Débito
TRX-93699,SOC-2839,PROD-505,2024-02-13,480.0,Efectivo
TRX-93700,SOC-2077,PROD-504,2025-11-16,950.0,Efectivo
TRX-93701,SOC-2278,PROD-508,2024-08-07,232.15,Transferencia SPEI
TRX-93702,SOC-2428,PROD-507,2024-05-17,750.0,Efectivo
TRX-93703,SOC-2540,PROD-511,2024-09-22,50.0,Transferencia SPEI
TRX-93704,SOC-2238,PROD-509,2026-02-12,400.0,Tarjeta de Débito
TRX-93705,SOC-3627,PROD-504,2024-01-23,950.0,Efectivo
TRX-93706,SOC-2857,PROD-508,2025-02-15,250.0,Efectivo
TRX-93707,SOC-3167,PROD-503,2024-06-26,6999.0,Tarjeta de Débito
TRX-93708,SOC-3257,PROD-509,2025-04-10,400.0,Tarjeta de Débito
TRX-93709,SOC-3546,PROD-506,2024-04-24,550.0,Tarjeta de Crédito
TRX-93710,SOC-3703,PROD-506,2025-07-04,550.0,Transferencia SPEI
TRX-93711,SOC-2279,PROD-508,2024-05-06,250.0,Tarjeta de Crédito
TRX-93712,SOC-2044,PROD-511,2025-03-11,50.0,Efectivo
TRX-93713,SOC-3616,PROD-502,2026-02-14,1300.0,Tarjeta de Débito
TRX-93714,SOC-3589,PROD-512,2026-02-23,35.0,Tarjeta de Crédito
TRX-93715,SOC-2625,PROD-504,2025-08-27,950.0,Efectivo
TRX-93716,SOC-3039,PROD-508,2024-07-29,250.0,Transferencia SPEI
TRX-93717,SOC-3336,PROD-512,2025-01-02,35.0,Tarjeta de Crédito
TRX-93718,SOC-3500,PROD-504,2024-08-07,950.0,Transferencia SPEI
TRX-93719,SOC-2921,PROD-501,2026-04-29,650.0,Tarjeta de Crédito
TRX-93720,SOC-3470,PROD-501,2025-09-11,528.47,Tarjeta de Débito
TRX-93721,SOC-2396,PROD-509,2026-04-25,400.0,Transferencia SPEI
TRX-93722,SOC-2048,PROD-503,2025-07-12,6509.17,Tarjeta de Débito
TRX-93723,SOC-3613,PROD-503,2024-02-10,6999.0,Efectivo
TRX-93724,SOC-3342,PROD-503,2024-08-26,6999.0,Efectivo
TRX-93725,SOC-3484,PROD-511,2024-12-30,50.0,Tarjeta de Crédito
TRX-93726,SOC-2015,PROD-505,2026-02-15,480.0,Efectivo
TRX-93727,SOC-2116,PROD-512,2025-12-07,35.0,Tarjeta de Débito
TRX-93728,SOC-2205,PROD-510,2024-08-08,75.0,Tarjeta de Débito
TRX-93729,SOC-3600,PROD-504,2025-07-18,950.0,Efectivo
TRX-93730,SOC-3273,PROD-508,2026-01-01,250.0,Efectivo
TRX-93731,SOC-3300,PROD-503,2024-05-27,6999.0,Transferencia SPEI
TRX-93732,SOC-2058,PROD-510,2026-01-17,75.0,Transferencia SPEI
TRX-93733,SOC-2310,PROD-512,2025-02-03,35.0,Transferencia SPEI
TRX-93734,SOC-2420,PROD-503,2024-06-30,6999.0,Transferencia SPEI
TRX-93735,SOC-3725,PROD-505,2026-03-23,435.15,Tarjeta de Débito
TRX-93736,SOC-3705,PROD-512,2025-10-23,35.0,Tarjeta de Crédito
TRX-93737,SOC-2859,PROD-502,2024-04-20,1300.0,Efectivo
TRX-93738,SOC-2073,PROD-504,2024-11-08,950.0,Transferencia SPEI
TRX-93739,SOC-2204,PROD-512,2025-01-25,35.0,Transferencia SPEI
TRX-93740,SOC-2025,PROD-503,2025-07-13,6999.0,Tarjeta de Crédito
TRX-93741,SOC-2115,PROD-503,2026-03-08,6024.85,Tarjeta de Crédito
TRX-93742,SOC-2801,PROD-507,2026-01-08,648.24,Tarjeta de Crédito
TRX-93743,SOC-2839,PROD-509,2025-08-20,359.65999999999997,Transferencia SPEI
TRX-93744,SOC-3239,PROD-506,2024-01-31,481.67,Tarjeta de Crédito
TRX-93745,SOC-2684,PROD-510,2024-01-13,66.06,Transferencia SPEI
TRX-93746,SOC-2184,PROD-504,2026-02-09,950.0,Transferencia SPEI
TRX-93747,SOC-2352,PROD-503,2024-04-05,6081.57,Transferencia SPEI
TRX-93748,SOC-3160,PROD-501,2026-01-31,650.0,Efectivo
TRX-93749,SOC-3342,PROD-507,2025-05-22,699.01,Tarjeta de Débito
TRX-93750,SOC-2648,PROD-512,2026-03-03,35.0,Transferencia SPEI
TRX-93751,SOC-3623,PROD-502,2025-05-22,1202.4,Efectivo
TRX-93752,SOC-2971,PROD-501,2025-04-10,650.0,Tarjeta de Crédito
TRX-93753,SOC-2834,PROD-501,2024-05-28,650.0,Tarjeta de Débito
TRX-93754,SOC-2601,PROD-503,2024-07-07,6999.0,Efectivo
TRX-93755,SOC-3327,PROD-507,2024-01-16,692.13,Tarjeta de Débito
TRX-93756,SOC-3547,PROD-502,2024-05-25,1300.0,Efectivo
TRX-93757,SOC-3195,PROD-505,2024-11-08,480.0,Transferencia SPEI
TRX-93758,SOC-3634,PROD-508,2024-07-03,250.0,Efectivo
TRX-93759,SOC-2427,PROD-511,2024-07-06,50.0,Tarjeta de Débito
TRX-93760,SOC-2647,PROD-502,2024-08-18,1300.0,Transferencia SPEI
TRX-93761,SOC-2838,PROD-502,2025-10-29,1300.0,Tarjeta de Débito
TRX-93762,SOC-3475,PROD-509,2024-01-25,400.0,Tarjeta de Crédito
TRX-93763,SOC-2554,PROD-506,2026-04-27,550.0,Tarjeta de Débito
TRX-93764,SOC-2230,PROD-507,2024-02-07,700.54,Efectivo
TRX-93765,SOC-2655,PROD-509,2025-08-18,400.0,Efectivo
TRX-93766,SOC-2350,PROD-507,2025-07-07,750.0,Tarjeta de Débito
TRX-93767,SOC-3501,PROD-510,2026-04-01,75.0,Transferencia SPEI
TRX-93768,SOC-2523,PROD-508,2025-07-23,250.0,Transferencia SPEI
TRX-93769,SOC-2260,PROD-504,2025-04-19,950.0,Efectivo
TRX-93770,SOC-2020,PROD-509,2025-06-22,400.0,Transferencia SPEI
TRX-93771,SOC-2531,PROD-501,2025-06-07,650.0,Transferencia SPEI
TRX-93772,SOC-3682,PROD-511,2025-07-24,50.0,Efectivo
TRX-93773,SOC-3172,PROD-501,2025-05-17,650.0,Tarjeta de Crédito
TRX-93774,SOC-2176,PROD-507,2024-11-03,667.09,Tarjeta de Crédito
TRX-93775,SOC-2805,PROD-510,2026-01-17,75.0,Tarjeta de Crédito
TRX-93776,SOC-3609,PROD-506,2024-08-23,550.0,Tarjeta de Débito
TRX-93777,SOC-3045,PROD-507,2024-10-03,750.0,Efectivo
TRX-93778,SOC-3033,PROD-503,2024-04-30,6999.0,Transferencia SPEI
TRX-93779,SOC-2653,PROD-505,2025-03-18,480.0,Efectivo
TRX-93780,SOC-2345,PROD-502,2024-06-19,1300.0,Transferencia SPEI
TRX-93781,SOC-3406,PROD-512,2024-05-31,35.0,Tarjeta de Débito
TRX-93782,SOC-2674,PROD-501,2024-08-01,650.0,Efectivo
TRX-93783,SOC-2125,PROD-501,2024-01-19,650.0,Transferencia SPEI
TRX-93784,SOC-2510,PROD-505,2026-01-31,480.0,Transferencia SPEI
TRX-93785,SOC-2929,PROD-504,2025-08-30,901.81,Efectivo
TRX-93786,SOC-2249,PROD-505,2024-05-01,480.0,Efectivo
TRX-93787,SOC-2048,PROD-510,2024-04-04,75.0,Tarjeta de Crédito
TRX-93788,SOC-3681,PROD-504,2024-05-22,950.0,Tarjeta de Crédito
TRX-93789,SOC-2936,PROD-512,2025-08-18,35.0,Transferencia SPEI
TRX-93790,SOC-3516,PROD-512,2025-09-24,33.2,Tarjeta de Débito
TRX-93791,SOC-2615,PROD-509,2024-03-25,400.0,Transferencia SPEI
TRX-93792,SOC-2984,PROD-505,2025-02-01,480.0,Efectivo
TRX-93793,SOC-2048,PROD-510,2026-04-15,75.0,Tarjeta de Débito
TRX-93794,SOC-3402,PROD-504,2024-09-12,950.0,Efectivo
TRX-93795,SOC-3481,PROD-504,2025-04-01,888.8,Efectivo
TRX-93796,SOC-2652,PROD-502,2025-11-09,1300.0,Tarjeta de Débito
TRX-93797,SOC-3422,PROD-505,2024-12-03,480.0,Tarjeta de Débito
TRX-93798,SOC-2308,PROD-501,2024-07-12,650.0,Efectivo
TRX-93799,SOC-2141,PROD-506,2024-07-27,550.0,Tarjeta de Crédito
TRX-93800,SOC-2569,PROD-507,2025-02-24,676.31,Tarjeta de Débito
TRX-93801,SOC-2581,PROD-510,2025-12-21,75.0,Transferencia SPEI
TRX-93802,SOC-2885,PROD-508,2024-05-31,250.0,Efectivo
TRX-93803,SOC-2120,PROD-509,2024-05-21,400.0,Efectivo
TRX-93804,SOC-3660,PROD-503,2025-12-24,6999.0,Efectivo
TRX-93805,SOC-3411,PROD-509,2024-06-04,400.0,Tarjeta de Crédito
TRX-93806,SOC-3052,PROD-508,2025-09-02,250.0,Tarjeta de Débito
TRX-93807,SOC-2003,PROD-503,2025-02-04,6091.71,Efectivo
TRX-93808,SOC-3018,PROD-505,2025-12-06,480.0,Tarjeta de Crédito
TRX-93809,SOC-2958,PROD-504,2026-03-19,950.0,Tarjeta de Crédito
TRX-93810,SOC-2843,PROD-505,2024-06-12,480.0,Tarjeta de Crédito
TRX-93811,SOC-2706,PROD-508,2024-01-18,234.23,Efectivo
TRX-93812,SOC-3581,PROD-509,2024-05-22,400.0,Tarjeta de Débito
TRX-93813,SOC-2220,PROD-509,2024-04-28,400.0,Efectivo
TRX-93814,SOC-3287,PROD-503,2026-03-16,6999.0,Tarjeta de Débito
TRX-93815,SOC-2709,PROD-510,2024-01-19,75.0,Transferencia SPEI
TRX-93816,SOC-2235,PROD-501,2024-03-03,650.0,Tarjeta de Crédito
TRX-93817,SOC-2449,PROD-501,2024-09-27,650.0,Efectivo
TRX-93818,SOC-2111,PROD-502,2024-05-10,1300.0,Tarjeta de Crédito
TRX-93819,SOC-2939,PROD-502,2024-01-31,1063.6,Tarjeta de Crédito
TRX-93820,SOC-2411,PROD-503,2025-08-04,6999.0,Transferencia SPEI
TRX-93821,SOC-2141,PROD-506,2024-04-01,468.47,Tarjeta de Débito
TRX-93822,SOC-3091,PROD-512,2025-01-18,29.39,Transferencia SPEI
TRX-93823,SOC-3539,PROD-506,2024-08-17,550.0,Tarjeta de Débito
TRX-93824,SOC-2640,PROD-507,2026-01-12,614.03,Tarjeta de Crédito
TRX-93825,SOC-2296,PROD-508,2025-03-05,250.0,Tarjeta de Débito
TRX-93826,SOC-2785,PROD-501,2024-04-19,650.0,Tarjeta de Débito
TRX-93827,SOC-2485,PROD-501,2025-01-09,650.0,Tarjeta de Crédito
TRX-93828,SOC-3499,PROD-505,2025-05-18,480.0,Tarjeta de Débito
TRX-93829,SOC-2482,PROD-506,2025-07-25,550.0,Efectivo
TRX-93830,SOC-3006,PROD-507,2025-07-01,750.0,Tarjeta de Débito
TRX-93831,SOC-3551,PROD-502,2026-02-06,1300.0,Transferencia SPEI
TRX-93832,SOC-3369,PROD-503,2025-02-07,6999.0,Efectivo
TRX-93833,SOC-3044,PROD-507,2025-03-04,750.0,Transferencia SPEI
TRX-93834,SOC-2720,PROD-512,2026-03-12,35.0,Tarjeta de Crédito
TRX-93835,SOC-3753,PROD-503,2024-10-09,6999.0,Transferencia SPEI
TRX-93836,SOC-2838,PROD-509,2025-03-28,400.0,Tarjeta de Débito
TRX-93837,SOC-3619,PROD-510,2024-10-27,75.0,Efectivo
TRX-93838,SOC-3357,PROD-503,2025-08-15,6431.0,Efectivo
TRX-93839,SOC-2075,PROD-507,2024-04-21,750.0,Tarjeta de Débito
TRX-93840,SOC-3026,PROD-510,2025-05-09,75.0,Tarjeta de Crédito
TRX-93841,SOC-2258,PROD-504,2024-11-16,950.0,Tarjeta de Crédito
TRX-93842,SOC-2630,PROD-501,2024-11-10,650.0,Transferencia SPEI
TRX-93843,SOC-3122,PROD-503,2024-04-23,6999.0,Tarjeta de Débito
TRX-93844,SOC-3620,PROD-511,2025-03-19,50.0,Tarjeta de Débito
TRX-93845,SOC-2336,PROD-506,2024-09-19,550.0,Tarjeta de Crédito
TRX-93846,SOC-2036,PROD-507,2025-11-06,750.0,Tarjeta de Débito
TRX-93847,SOC-3317,PROD-502,2026-02-23,1104.24,Transferencia SPEI
TRX-93848,SOC-3586,PROD-504,2025-07-13,950.0,Tarjeta de Crédito
TRX-93849,SOC-2950,PROD-504,2024-01-03,950.0,Transferencia SPEI
TRX-93850,SOC-2479,PROD-505,2024-08-18,480.0,Tarjeta de Débito
TRX-93851,SOC-3025,PROD-509,2026-04-05,400.0,Efectivo
TRX-93852,SOC-3082,PROD-509,2024-10-10,400.0,Transferencia SPEI
TRX-93853,SOC-3100,PROD-501,2025-02-18,650.0,Efectivo
TRX-93854,SOC-2712,PROD-502,2026-04-16,1226.47,Efectivo
TRX-93855,SOC-2330,PROD-506,2024-11-14,550.0,Tarjeta de Débito
TRX-93856,SOC-2169,PROD-512,2024-07-09,35.0,Efectivo
TRX-93857,SOC-2243,PROD-512,2025-02-15,30.04,Transferencia SPEI
TRX-93858,SOC-2009,PROD-504,2025-05-23,800.8199999999999,Transferencia SPEI
TRX-93859,SOC-2109,PROD-501,2024-07-26,650.0,Tarjeta de Crédito
TRX-93860,SOC-2216,PROD-510,2025-04-02,75.0,Efectivo
TRX-93861,SOC-2165,PROD-502,2026-04-06,1300.0,Efectivo
TRX-93862,SOC-2430,PROD-505,2025-05-01,480.0,Tarjeta de Crédito
TRX-93863,SOC-2220,PROD-512,2025-05-23,35.0,Transferencia SPEI
TRX-93864,SOC-3561,PROD-511,2025-07-22,50.0,Efectivo
TRX-93865,SOC-3291,PROD-507,2024-06-08,750.0,Tarjeta de Débito
TRX-93866,SOC-3401,PROD-512,2025-09-23,35.0,Efectivo
TRX-93867,SOC-3479,PROD-509,2024-09-21,341.12,Transferencia SPEI
TRX-93868,SOC-3683,PROD-509,2024-12-02,400.0,Efectivo
TRX-93869,SOC-3288,PROD-502,2024-03-19,1300.0,Transferencia SPEI
TRX-93870,SOC-2698,PROD-504,2024-12-11,950.0,Efectivo
TRX-93871,SOC-2047,PROD-508,2024-06-19,250.0,Transferencia SPEI
TRX-93872,SOC-3071,PROD-512,2024-01-04,35.0,Transferencia SPEI
TRX-93873,SOC-3227,PROD-501,2026-01-02,650.0,Efectivo
TRX-93874,SOC-2851,PROD-502,2025-03-12,1100.4,Efectivo
TRX-93875,SOC-3596,PROD-510,2025-04-26,75.0,Tarjeta de Crédito
TRX-93876,SOC-2266,PROD-504,2025-11-24,950.0,Transferencia SPEI
TRX-93877,SOC-2515,PROD-508,2025-05-17,250.0,Tarjeta de Crédito
TRX-93878,SOC-2994,PROD-506,2024-08-20,450.04,Efectivo
TRX-93879,SOC-2015,PROD-503,2026-03-28,6999.0,Efectivo
TRX-93880,SOC-3380,PROD-512,2026-01-03,35.0,Tarjeta de Débito
TRX-93881,SOC-2954,PROD-509,2024-02-02,340.92,Tarjeta de Débito
TRX-93882,SOC-2398,PROD-503,2024-08-06,6999.0,Tarjeta de Crédito
TRX-93883,SOC-2333,PROD-502,2025-02-04,1300.0,Transferencia SPEI
TRX-93884,SOC-3234,PROD-511,2026-02-20,50.0,Tarjeta de Débito
TRX-93885,SOC-3735,PROD-508,2024-09-22,250.0,Transferencia SPEI
TRX-93886,SOC-2041,PROD-507,2026-03-31,750.0,Tarjeta de Débito
TRX-93887,SOC-2136,PROD-507,2025-09-26,750.0,Tarjeta de Crédito
TRX-93888,SOC-3184,PROD-506,2025-12-14,550.0,Tarjeta de Crédito
TRX-93889,SOC-2184,PROD-506,2024-02-26,550.0,Transferencia SPEI
TRX-93890,SOC-2611,PROD-503,2025-02-01,6144.76,Efectivo
TRX-93891,SOC-2446,PROD-504,2025-01-07,768.41,Tarjeta de Débito
TRX-93892,SOC-3602,PROD-503,2024-10-15,6999.0,Efectivo
TRX-93893,SOC-3270,PROD-509,2024-08-15,400.0,Tarjeta de Débito
TRX-93894,SOC-3110,PROD-505,2025-05-30,454.3,Tarjeta de Débito
TRX-93895,SOC-2220,PROD-512,2025-03-11,35.0,Efectivo
TRX-93896,SOC-3668,PROD-501,2024-11-19,650.0,Efectivo
TRX-93897,SOC-2302,PROD-502,2025-01-12,1300.0,Transferencia SPEI
TRX-93898,SOC-2976,PROD-512,2025-01-08,35.0,Transferencia SPEI
TRX-93899,SOC-3431,PROD-505,2025-02-17,480.0,Tarjeta de Crédito
TRX-93900,SOC-2474,PROD-511,2025-09-21,50.0,Tarjeta de Crédito
TRX-93901,SOC-2635,PROD-509,2024-04-02,360.45,Efectivo
TRX-93902,SOC-3559,PROD-505,2025-05-25,480.0,Tarjeta de Crédito
TRX-93903,SOC-3005,PROD-509,2026-04-19,400.0,Transferencia SPEI
TRX-93904,SOC-3753,PROD-502,2024-11-23,1300.0,Tarjeta de Débito
TRX-93905,SOC-2658,PROD-512,2026-02-22,35.0,Efectivo
TRX-93906,SOC-2281,PROD-509,2026-02-27,353.06,Transferencia SPEI
TRX-93907,SOC-2675,PROD-502,2024-05-17,1300.0,Tarjeta de Débito
TRX-93908,SOC-3567,PROD-510,2025-05-24,75.0,Tarjeta de Débito
TRX-93909,SOC-2742,PROD-505,2024-06-07,480.0,Efectivo
TRX-93910,SOC-3562,PROD-511,2026-04-11,50.0,Tarjeta de Crédito
TRX-93911,SOC-2466,PROD-512,2025-01-27,31.7,Tarjeta de Débito
TRX-93912,SOC-2892,PROD-512,2025-01-13,35.0,Transferencia SPEI
TRX-93913,SOC-3584,PROD-508,2025-04-24,224.07,Transferencia SPEI
TRX-93914,SOC-2209,PROD-501,2025-04-16,650.0,Transferencia SPEI
TRX-93915,SOC-2251,PROD-506,2025-01-28,550.0,Transferencia SPEI
TRX-93916,SOC-3089,PROD-511,2026-02-09,50.0,Efectivo
TRX-93917,SOC-2444,PROD-502,2025-05-13,1300.0,Tarjeta de Crédito
TRX-93918,SOC-3086,PROD-501,2026-03-05,650.0,Transferencia SPEI
TRX-93919,SOC-2608,PROD-502,2024-11-04,1300.0,Tarjeta de Débito
TRX-93920,SOC-3446,PROD-508,2025-11-18,250.0,Efectivo
TRX-93921,SOC-2332,PROD-510,2024-06-25,75.0,Transferencia SPEI
TRX-93922,SOC-3404,PROD-509,2025-02-16,400.0,Transferencia SPEI
TRX-93923,SOC-2381,PROD-509,2025-06-12,400.0,Efectivo
TRX-93924,SOC-2919,PROD-507,2025-03-14,750.0,Efectivo
TRX-93925,SOC-2913,PROD-511,2025-01-21,50.0,Tarjeta de Crédito
TRX-93926,SOC-2980,PROD-502,2025-12-24,1300.0,Tarjeta de Débito
TRX-93927,SOC-2427,PROD-512,2025-07-15,35.0,Transferencia SPEI
TRX-93928,SOC-2975,PROD-507,2025-12-09,644.58,Tarjeta de Crédito
TRX-93929,SOC-3084,PROD-507,2026-01-09,750.0,Transferencia SPEI
TRX-93930,SOC-3244,PROD-501,2025-02-20,650.0,Efectivo
TRX-93931,SOC-3633,PROD-505,2025-06-13,480.0,Transferencia SPEI
TRX-93932,SOC-3212,PROD-511,2024-08-27,50.0,Tarjeta de Débito
TRX-93933,SOC-3598,PROD-506,2026-03-07,550.0,Efectivo
TRX-93934,SOC-2711,PROD-501,2025-12-04,650.0,Tarjeta de Crédito
TRX-93935,SOC-2972,PROD-504,2025-08-14,950.0,Efectivo
TRX-93936,SOC-2671,PROD-510,2025-04-05,75.0,Tarjeta de Débito
TRX-93937,SOC-3591,PROD-501,2024-11-17,650.0,Tarjeta de Débito
TRX-93938,SOC-2843,PROD-508,2024-02-29,250.0,Transferencia SPEI
TRX-93939,SOC-3024,PROD-512,2024-12-13,35.0,Tarjeta de Crédito
TRX-93940,SOC-2894,PROD-502,2025-08-23,1300.0,Efectivo
TRX-93941,SOC-2495,PROD-509,2024-09-22,369.14,Tarjeta de Crédito
TRX-93942,SOC-3762,PROD-507,2026-02-06,750.0,Transferencia SPEI
TRX-93943,SOC-3493,PROD-504,2024-07-03,877.41,Tarjeta de Crédito
TRX-93944,SOC-2988,PROD-502,2024-04-18,1300.0,Transferencia SPEI
TRX-93945,SOC-3701,PROD-506,2025-10-28,550.0,Transferencia SPEI
TRX-93946,SOC-3243,PROD-502,2025-05-18,1202.95,Tarjeta de Débito
TRX-93947,SOC-2323,PROD-510,2025-07-10,75.0,Tarjeta de Débito
TRX-93948,SOC-2550,PROD-509,2025-02-17,400.0,Tarjeta de Crédito
TRX-93949,SOC-2067,PROD-506,2024-06-28,550.0,Transferencia SPEI
TRX-93950,SOC-3185,PROD-501,2024-07-31,650.0,Tarjeta de Crédito
TRX-93951,SOC-2384,PROD-501,2024-07-03,650.0,Efectivo
TRX-93952,SOC-2196,PROD-505,2024-07-07,480.0,Tarjeta de Débito
TRX-93953,SOC-3015,PROD-502,2024-03-03,1300.0,Efectivo
TRX-93954,SOC-3779,PROD-502,2025-04-06,1300.0,Efectivo
TRX-93955,SOC-2443,PROD-502,2025-02-13,1300.0,Transferencia SPEI
TRX-93956,SOC-3595,PROD-501,2024-12-16,650.0,Efectivo
TRX-93957,SOC-2597,PROD-510,2024-07-22,75.0,Transferencia SPEI
TRX-93958,SOC-3711,PROD-508,2024-07-06,250.0,Tarjeta de Débito
TRX-93959,SOC-2772,PROD-510,2024-08-17,75.0,Transferencia SPEI
TRX-93960,SOC-2328,PROD-510,2024-10-12,75.0,Transferencia SPEI
TRX-93961,SOC-2495,PROD-509,2024-01-06,400.0,Efectivo
TRX-93962,SOC-3519,PROD-507,2026-02-13,750.0,Tarjeta de Débito
TRX-93963,SOC-2125,PROD-503,2024-12-24,6999.0,Tarjeta de Débito
TRX-93964,SOC-2223,PROD-512,2025-09-10,35.0,Tarjeta de Crédito
TRX-93965,SOC-2261,PROD-508,2025-12-18,250.0,Transferencia SPEI
TRX-93966,SOC-2370,PROD-509,2024-03-30,400.0,Efectivo
TRX-93967,SOC-3684,PROD-507,2024-08-15,750.0,Efectivo
TRX-93968,SOC-2612,PROD-510,2026-04-16,75.0,Tarjeta de Crédito
TRX-93969,SOC-3701,PROD-507,2026-01-05,750.0,Transferencia SPEI
TRX-93970,SOC-3323,PROD-506,2026-04-23,550.0,Tarjeta de Crédito
TRX-93971,SOC-3133,PROD-511,2024-11-07,50.0,Tarjeta de Crédito
TRX-93972,SOC-3205,PROD-508,2024-09-28,250.0,Tarjeta de Débito
TRX-93973,SOC-2048,PROD-508,2026-01-10,205.28,Transferencia SPEI
TRX-93974,SOC-2618,PROD-501,2025-03-04,650.0,Tarjeta de Débito
TRX-93975,SOC-3544,PROD-507,2024-01-23,750.0,Efectivo
TRX-93976,SOC-3363,PROD-512,2024-04-15,35.0,Tarjeta de Crédito
TRX-93977,SOC-3219,PROD-501,2024-06-18,650.0,Efectivo
TRX-93978,SOC-2761,PROD-505,2026-04-13,480.0,Efectivo
TRX-93979,SOC-2573,PROD-505,2025-07-09,480.0,Efectivo
TRX-93980,SOC-3198,PROD-504,2024-06-26,950.0,Tarjeta de Débito
TRX-93981,SOC-2395,PROD-504,2024-07-30,950.0,Tarjeta de Crédito
TRX-93982,SOC-2502,PROD-506,2024-03-09,455.71,Tarjeta de Débito
TRX-93983,SOC-2705,PROD-501,2024-04-26,650.0,Tarjeta de Crédito
TRX-93984,SOC-2692,PROD-505,2024-12-02,480.0,Efectivo
TRX-93985,SOC-2463,PROD-507,2025-08-17,750.0,Tarjeta de Débito
TRX-93986,SOC-3424,PROD-504,2025-09-30,950.0,Tarjeta de Crédito
TRX-93987,SOC-2395,PROD-503,2024-10-28,6999.0,Transferencia SPEI
TRX-93988,SOC-2335,PROD-510,2025-03-12,62.12,Efectivo
TRX-93989,SOC-2711,PROD-510,2026-02-03,75.0,Tarjeta de Crédito
TRX-93990,SOC-2251,PROD-503,2026-03-18,6999.0,Tarjeta de Débito
TRX-93991,SOC-2186,PROD-503,2025-08-16,5830.09,Transferencia SPEI
TRX-93992,SOC-2642,PROD-510,2025-09-07,75.0,Efectivo
TRX-93993,SOC-2242,PROD-503,2024-09-05,6999.0,Transferencia SPEI
TRX-93994,SOC-2406,PROD-502,2025-05-07,1300.0,Tarjeta de Débito
TRX-93995,SOC-2570,PROD-503,2024-03-08,6999.0,Transferencia SPEI
TRX-93996,SOC-2374,PROD-510,2026-03-04,75.0,Efectivo
TRX-93997,SOC-3160,PROD-504,2025-04-03,950.0,Efectivo
TRX-93998,SOC-3201,PROD-503,2024-07-04,6999.0,Efectivo
TRX-93999,SOC-3440,PROD-504,2024-04-12,950.0,Tarjeta de Crédito
TRX-94000,SOC-3480,PROD-507,2024-05-11,750.0,Tarjeta de Débito
TRX-94001,SOC-2970,PROD-506,2024-06-03,550.0,Transferencia SPEI
TRX-94002,SOC-2516,PROD-507,2024-04-15,750.0,Tarjeta de Crédito
TRX-94003,SOC-3437,PROD-501,2025-09-27,650.0,Transferencia SPEI
TRX-94004,SOC-3657,PROD-504,2024-01-28,817.98,Tarjeta de Débito
TRX-94005,SOC-2646,PROD-503,2024-10-03,6474.55,Efectivo
TRX-94006,SOC-2129,PROD-506,2025-12-08,550.0,Tarjeta de Débito
TRX-94007,SOC-2727,PROD-501,2024-11-21,597.04,Tarjeta de Crédito
TRX-94008,SOC-2206,PROD-510,2025-10-17,68.58,Efectivo
TRX-94009,SOC-3060,PROD-508,2025-05-11,250.0,Transferencia SPEI
TRX-94010,SOC-3307,PROD-503,2024-09-24,6999.0,Tarjeta de Crédito
TRX-94011,SOC-2767,PROD-512,2026-01-29,35.0,Tarjeta de Crédito
TRX-94012,SOC-2315,PROD-502,2025-05-28,1300.0,Tarjeta de Débito
TRX-94013,SOC-3287,PROD-511,2024-11-25,50.0,Efectivo
TRX-94014,SOC-3210,PROD-503,2026-01-23,6999.0,Efectivo
TRX-94015,SOC-2620,PROD-509,2025-05-09,400.0,Transferencia SPEI
TRX-94016,SOC-3010,PROD-511,2025-01-26,50.0,Tarjeta de Crédito
TRX-94017,SOC-2428,PROD-504,2026-02-14,950.0,Transferencia SPEI
TRX-94018,SOC-2726,PROD-502,2025-01-01,1300.0,Efectivo
TRX-94019,SOC-2340,PROD-506,2025-04-23,550.0,Tarjeta de Débito
TRX-94020,SOC-2888,PROD-505,2024-02-28,480.0,Tarjeta de Débito
TRX-94021,SOC-3304,PROD-509,2026-03-15,400.0,Tarjeta de Crédito
TRX-94022,SOC-3699,PROD-512,2025-07-08,35.0,Tarjeta de Débito
TRX-94023,SOC-3433,PROD-507,2025-12-28,750.0,Tarjeta de Crédito
TRX-94024,SOC-2829,PROD-503,2024-01-19,6999.0,Tarjeta de Débito
TRX-94025,SOC-2815,PROD-508,2024-05-08,250.0,Tarjeta de Crédito
TRX-94026,SOC-2743,PROD-505,2024-08-09,480.0,Tarjeta de Débito
TRX-94027,SOC-3510,PROD-506,2024-03-23,550.0,Transferencia SPEI
TRX-94028,SOC-2346,PROD-509,2024-06-11,400.0,Tarjeta de Débito
TRX-94029,SOC-2018,PROD-502,2025-06-30,1300.0,Transferencia SPEI
TRX-94030,SOC-2345,PROD-505,2025-04-02,480.0,Transferencia SPEI
TRX-94031,SOC-2387,PROD-510,2026-02-17,75.0,Tarjeta de Crédito
TRX-94032,SOC-3324,PROD-501,2024-04-02,650.0,Tarjeta de Crédito
TRX-94033,SOC-3624,PROD-503,2024-09-08,6999.0,Efectivo
TRX-94034,SOC-2589,PROD-510,2025-08-10,75.0,Efectivo
TRX-94035,SOC-3614,PROD-501,2025-09-12,650.0,Transferencia SPEI
TRX-94036,SOC-2808,PROD-503,2025-12-11,6999.0,Tarjeta de Crédito
TRX-94037,SOC-2840,PROD-507,2024-01-01,750.0,Tarjeta de Débito
TRX-94038,SOC-3696,PROD-501,2025-08-17,650.0,Tarjeta de Crédito
TRX-94039,SOC-2380,PROD-502,2025-05-03,1300.0,Efectivo
TRX-94040,SOC-2039,PROD-512,2024-08-25,35.0,Efectivo
TRX-94041,SOC-3511,PROD-502,2025-08-11,1300.0,Tarjeta de Débito
TRX-94042,SOC-3563,PROD-504,2025-07-05,950.0,Tarjeta de Crédito
TRX-94043,SOC-2329,PROD-505,2025-04-19,387.63,Tarjeta de Crédito
TRX-94044,SOC-2783,PROD-501,2025-12-12,523.4,Tarjeta de Crédito
TRX-94045,SOC-2945,PROD-508,2025-11-05,222.5,Transferencia SPEI
TRX-94046,SOC-2228,PROD-511,2026-02-05,50.0,Efectivo
TRX-94047,SOC-2971,PROD-507,2024-05-12,750.0,Tarjeta de Crédito
TRX-94048,SOC-3452,PROD-509,2025-12-31,400.0,Efectivo
TRX-94049,SOC-2031,PROD-510,2024-11-29,75.0,Tarjeta de Crédito
TRX-94050,SOC-2410,PROD-505,2025-03-09,396.52,Tarjeta de Crédito
TRX-94051,SOC-3756,PROD-504,2025-11-20,762.42,Tarjeta de Crédito
TRX-94052,SOC-3611,PROD-507,2024-04-27,607.1,Tarjeta de Débito
TRX-94053,SOC-2580,PROD-512,2024-04-05,35.0,Tarjeta de Débito
TRX-94054,SOC-2282,PROD-504,2026-01-02,852.77,Tarjeta de Débito
TRX-94055,SOC-2239,PROD-512,2024-07-20,35.0,Transferencia SPEI
TRX-94056,SOC-2963,PROD-511,2025-02-01,50.0,Transferencia SPEI
TRX-94057,SOC-2861,PROD-501,2025-03-08,650.0,Tarjeta de Crédito
TRX-94058,SOC-3619,PROD-505,2025-09-10,480.0,Efectivo
TRX-94059,SOC-3677,PROD-505,2025-03-14,480.0,Transferencia SPEI
TRX-94060,SOC-2672,PROD-506,2024-04-12,550.0,Transferencia SPEI
TRX-94061,SOC-2041,PROD-502,2025-05-21,1300.0,Tarjeta de Crédito
TRX-94062,SOC-2354,PROD-505,2025-12-15,480.0,Tarjeta de Crédito
TRX-94063,SOC-2588,PROD-509,2024-08-12,400.0,Tarjeta de Débito
TRX-94064,SOC-3581,PROD-505,2024-03-20,480.0,Tarjeta de Crédito
TRX-94065,SOC-2449,PROD-505,2024-12-19,480.0,Tarjeta de Débito
TRX-94066,SOC-3631,PROD-504,2025-05-28,950.0,Tarjeta de Débito
TRX-94067,SOC-2919,PROD-510,2026-02-18,75.0,Tarjeta de Crédito
TRX-94068,SOC-2736,PROD-505,2026-03-02,480.0,Tarjeta de Crédito
TRX-94069,SOC-2776,PROD-503,2025-03-04,6999.0,Efectivo
TRX-94070,SOC-2576,PROD-512,2025-04-23,35.0,Transferencia SPEI
TRX-94071,SOC-3504,PROD-512,2024-09-29,33.19,Efectivo
TRX-94072,SOC-3220,PROD-506,2024-08-20,550.0,Tarjeta de Débito
TRX-94073,SOC-3282,PROD-506,2025-05-08,550.0,Tarjeta de Débito
TRX-94074,SOC-2358,PROD-502,2025-02-04,1300.0,Tarjeta de Crédito
TRX-94075,SOC-2658,PROD-510,2025-09-09,62.269999999999996,Tarjeta de Crédito
TRX-94076,SOC-2977,PROD-509,2024-03-20,400.0,Transferencia SPEI
TRX-94077,SOC-2103,PROD-505,2025-05-15,480.0,Transferencia SPEI
TRX-94078,SOC-3510,PROD-502,2024-10-27,1300.0,Tarjeta de Débito
TRX-94079,SOC-2565,PROD-504,2025-04-13,798.8,Efectivo
TRX-94080,SOC-3111,PROD-508,2025-10-29,250.0,Tarjeta de Débito
TRX-94081,SOC-3800,PROD-507,2024-09-19,750.0,Transferencia SPEI
TRX-94082,SOC-2270,PROD-511,2025-02-01,50.0,Transferencia SPEI
TRX-94083,SOC-3134,PROD-502,2025-01-11,1300.0,Efectivo
TRX-94084,SOC-3064,PROD-506,2026-04-16,550.0,Efectivo
TRX-94085,SOC-2123,PROD-503,2025-04-08,6999.0,Tarjeta de Crédito
TRX-94086,SOC-3182,PROD-502,2024-01-12,1300.0,Tarjeta de Débito
TRX-94087,SOC-2686,PROD-501,2025-12-15,650.0,Transferencia SPEI
TRX-94088,SOC-2042,PROD-505,2024-08-29,480.0,Transferencia SPEI
TRX-94089,SOC-2069,PROD-506,2024-02-07,550.0,Tarjeta de Crédito
TRX-94090,SOC-2910,PROD-505,2025-03-11,480.0,Tarjeta de Crédito
TRX-94091,SOC-2433,PROD-501,2025-02-09,650.0,Transferencia SPEI
TRX-94092,SOC-3364,PROD-504,2024-01-23,950.0,Transferencia SPEI
TRX-94093,SOC-3436,PROD-502,2025-07-15,1300.0,Tarjeta de Crédito
TRX-94094,SOC-3506,PROD-503,2025-03-06,6999.0,Transferencia SPEI
TRX-94095,SOC-3177,PROD-511,2024-10-14,50.0,Efectivo
TRX-94096,SOC-3580,PROD-509,2025-04-07,400.0,Transferencia SPEI
TRX-94097,SOC-2674,PROD-504,2025-05-29,950.0,Efectivo
TRX-94098,SOC-2794,PROD-508,2026-02-08,250.0,Transferencia SPEI
TRX-94099,SOC-2419,PROD-505,2025-11-27,480.0,Transferencia SPEI
TRX-94100,SOC-2819,PROD-501,2026-01-29,650.0,Tarjeta de Débito
TRX-94101,SOC-3738,PROD-501,2025-11-17,650.0,Tarjeta de Crédito
TRX-94102,SOC-2285,PROD-502,2025-12-12,1300.0,Tarjeta de Débito
TRX-94103,SOC-3327,PROD-509,2025-03-08,400.0,Efectivo
TRX-94104,SOC-3117,PROD-507,2025-11-30,750.0,Efectivo
TRX-94105,SOC-2834,PROD-507,2024-07-29,750.0,Efectivo
TRX-94106,SOC-3562,PROD-502,2025-02-15,1300.0,Efectivo
TRX-94107,SOC-2972,PROD-504,2026-04-09,950.0,Tarjeta de Crédito
TRX-94108,SOC-3571,PROD-509,2025-09-22,320.29,Tarjeta de Crédito
TRX-94109,SOC-3005,PROD-502,2025-07-29,1300.0,Tarjeta de Débito
TRX-94110,SOC-3576,PROD-504,2026-03-02,950.0,Transferencia SPEI
TRX-94111,SOC-2186,PROD-508,2026-01-25,250.0,Efectivo
TRX-94112,SOC-3094,PROD-507,2026-04-22,750.0,Tarjeta de Débito
TRX-94113,SOC-2352,PROD-507,2025-08-24,750.0,Efectivo
TRX-94114,SOC-2423,PROD-512,2025-12-13,35.0,Tarjeta de Crédito
TRX-94115,SOC-2179,PROD-511,2026-02-28,50.0,Tarjeta de Débito
TRX-94116,SOC-2620,PROD-511,2025-10-17,50.0,Efectivo
TRX-94117,SOC-2232,PROD-505,2025-01-02,480.0,Transferencia SPEI
TRX-94118,SOC-2921,PROD-501,2025-01-24,650.0,Efectivo
TRX-94119,SOC-3264,PROD-506,2026-04-19,550.0,Tarjeta de Crédito
TRX-94120,SOC-2005,PROD-506,2024-09-21,550.0,Tarjeta de Crédito
TRX-94121,SOC-2557,PROD-504,2025-07-28,950.0,Tarjeta de Débito
TRX-94122,SOC-3349,PROD-504,2026-04-11,881.6,Efectivo
TRX-94123,SOC-2955,PROD-512,2025-07-05,30.77,Efectivo
TRX-94124,SOC-2792,PROD-511,2025-01-20,50.0,Tarjeta de Débito
TRX-94125,SOC-3359,PROD-504,2025-11-25,776.67,Efectivo
TRX-94126,SOC-2211,PROD-507,2025-10-28,750.0,Tarjeta de Crédito
TRX-94127,SOC-3741,PROD-511,2025-06-07,47.49,Transferencia SPEI
TRX-94128,SOC-3587,PROD-501,2024-04-27,650.0,Tarjeta de Crédito
TRX-94129,SOC-2845,PROD-511,2024-11-01,40.9,Tarjeta de Crédito
TRX-94130,SOC-2064,PROD-509,2025-10-06,400.0,Efectivo
TRX-94131,SOC-2931,PROD-503,2025-02-15,6999.0,Tarjeta de Crédito
TRX-94132,SOC-3231,PROD-507,2025-07-17,750.0,Tarjeta de Débito
TRX-94133,SOC-3706,PROD-505,2025-06-23,480.0,Efectivo
TRX-94134,SOC-3353,PROD-501,2025-04-13,568.0,Tarjeta de Débito
TRX-94135,SOC-3158,PROD-503,2025-10-18,6999.0,Tarjeta de Débito
TRX-94136,SOC-2182,PROD-502,2025-03-05,1300.0,Transferencia SPEI
TRX-94137,SOC-3214,PROD-511,2024-04-25,50.0,Transferencia SPEI
TRX-94138,SOC-3759,PROD-502,2024-06-24,1300.0,Transferencia SPEI
TRX-94139,SOC-2803,PROD-503,2024-01-16,6999.0,Tarjeta de Crédito
TRX-94140,SOC-3722,PROD-501,2024-09-02,650.0,Transferencia SPEI
TRX-94141,SOC-2117,PROD-511,2026-02-14,50.0,Transferencia SPEI
TRX-94142,SOC-2399,PROD-511,2024-09-27,50.0,Tarjeta de Crédito
TRX-94143,SOC-2668,PROD-510,2025-01-25,75.0,Tarjeta de Crédito
TRX-94144,SOC-3315,PROD-505,2024-12-08,480.0,Transferencia SPEI
TRX-94145,SOC-2013,PROD-502,2024-07-01,1089.46,Tarjeta de Crédito
TRX-94146,SOC-2611,PROD-503,2025-11-04,6999.0,Tarjeta de Crédito
TRX-94147,SOC-2836,PROD-510,2024-01-20,75.0,Tarjeta de Crédito
TRX-94148,SOC-2457,PROD-508,2025-01-07,250.0,Tarjeta de Crédito
TRX-94149,SOC-3130,PROD-505,2025-08-06,480.0,Efectivo
TRX-94150,SOC-2512,PROD-510,2025-01-20,75.0,Transferencia SPEI
TRX-94151,SOC-2002,PROD-503,2026-02-11,6999.0,Transferencia SPEI
TRX-94152,SOC-2652,PROD-503,2026-02-22,6999.0,Tarjeta de Débito
TRX-94153,SOC-2087,PROD-506,2024-12-29,550.0,Transferencia SPEI
TRX-94154,SOC-2524,PROD-509,2026-02-10,348.03,Transferencia SPEI
TRX-94155,SOC-3618,PROD-506,2026-03-08,550.0,Efectivo
TRX-94156,SOC-2498,PROD-507,2026-04-26,750.0,Tarjeta de Crédito
TRX-94157,SOC-2244,PROD-506,2026-01-04,550.0,Transferencia SPEI
TRX-94158,SOC-2510,PROD-509,2025-01-13,400.0,Transferencia SPEI
TRX-94159,SOC-2842,PROD-503,2024-07-21,6999.0,Tarjeta de Crédito
TRX-94160,SOC-2877,PROD-501,2025-01-25,650.0,Transferencia SPEI
TRX-94161,SOC-3238,PROD-510,2025-06-25,75.0,Efectivo
TRX-94162,SOC-2265,PROD-506,2025-08-18,550.0,Transferencia SPEI
TRX-94163,SOC-3752,PROD-511,2024-06-27,47.12,Tarjeta de Débito
TRX-94164,SOC-2381,PROD-510,2025-06-21,75.0,Tarjeta de Crédito
TRX-94165,SOC-2842,PROD-510,2025-09-26,66.93,Transferencia SPEI
TRX-94166,SOC-2149,PROD-508,2025-08-05,250.0,Tarjeta de Crédito
TRX-94167,SOC-2388,PROD-506,2025-01-21,550.0,Tarjeta de Crédito
TRX-94168,SOC-3205,PROD-512,2025-09-09,35.0,Tarjeta de Crédito
TRX-94169,SOC-2442,PROD-506,2026-02-08,550.0,Transferencia SPEI
TRX-94170,SOC-3772,PROD-507,2025-07-23,750.0,Transferencia SPEI
TRX-94171,SOC-2924,PROD-510,2024-07-10,75.0,Transferencia SPEI
TRX-94172,SOC-2026,PROD-505,2024-05-04,480.0,Tarjeta de Crédito
TRX-94173,SOC-2101,PROD-509,2026-04-06,400.0,Tarjeta de Crédito
TRX-94174,SOC-2196,PROD-506,2024-07-23,550.0,Tarjeta de Crédito
TRX-94175,SOC-3566,PROD-510,2024-03-27,75.0,Tarjeta de Crédito
TRX-94176,SOC-2825,PROD-501,2024-01-31,611.02,Tarjeta de Débito
TRX-94177,SOC-2102,PROD-511,2025-11-05,50.0,Transferencia SPEI
TRX-94178,SOC-2301,PROD-510,2026-01-11,75.0,Efectivo
TRX-94179,SOC-3623,PROD-505,2026-01-28,480.0,Tarjeta de Crédito
TRX-94180,SOC-3747,PROD-501,2024-10-18,650.0,Efectivo
TRX-94181,SOC-2446,PROD-505,2024-05-01,418.81,Transferencia SPEI
TRX-94182,SOC-2659,PROD-503,2025-10-12,6999.0,Transferencia SPEI
TRX-94183,SOC-2272,PROD-501,2025-08-28,650.0,Transferencia SPEI
TRX-94184,SOC-3320,PROD-506,2025-11-18,550.0,Tarjeta de Crédito
TRX-94185,SOC-3521,PROD-511,2025-12-15,40.69,Tarjeta de Débito
TRX-94186,SOC-3272,PROD-512,2025-10-26,35.0,Tarjeta de Crédito
TRX-94187,SOC-2479,PROD-506,2024-08-25,445.57,Transferencia SPEI
TRX-94188,SOC-2877,PROD-510,2026-03-30,60.64,Transferencia SPEI
TRX-94189,SOC-2257,PROD-510,2026-04-27,75.0,Efectivo
TRX-94190,SOC-3330,PROD-506,2025-02-15,550.0,Efectivo
TRX-94191,SOC-2175,PROD-508,2025-11-05,250.0,Efectivo
TRX-94192,SOC-2919,PROD-510,2025-02-22,75.0,Transferencia SPEI
TRX-94193,SOC-3172,PROD-506,2025-05-06,550.0,Tarjeta de Débito
TRX-94194,SOC-3740,PROD-501,2024-11-13,650.0,Tarjeta de Débito
TRX-94195,SOC-3006,PROD-505,2024-05-03,480.0,Tarjeta de Débito
TRX-94196,SOC-2462,PROD-502,2025-11-03,1300.0,Tarjeta de Débito
TRX-94197,SOC-3742,PROD-507,2024-04-09,656.6800000000001,Transferencia SPEI
TRX-94198,SOC-2403,PROD-511,2024-06-22,40.07,Tarjeta de Débito
TRX-94199,SOC-2128,PROD-504,2025-03-05,820.48,Tarjeta de Crédito
TRX-94200,SOC-2093,PROD-503,2025-12-12,6999.0,Efectivo
TRX-94201,SOC-3210,PROD-504,2025-06-12,950.0,Tarjeta de Crédito
TRX-94202,SOC-2942,PROD-501,2024-07-13,650.0,Tarjeta de Crédito
TRX-94203,SOC-3660,PROD-505,2024-11-13,480.0,Transferencia SPEI
TRX-94204,SOC-2587,PROD-509,2025-09-15,363.74,Transferencia SPEI
TRX-94205,SOC-2053,PROD-508,2026-02-06,250.0,Transferencia SPEI
TRX-94206,SOC-3774,PROD-503,2026-03-04,6999.0,Efectivo
TRX-94207,SOC-2011,PROD-512,2025-04-26,35.0,Efectivo
TRX-94208,SOC-3593,PROD-510,2024-03-14,75.0,Efectivo
TRX-94209,SOC-3410,PROD-509,2026-03-10,400.0,Efectivo
TRX-94210,SOC-2990,PROD-512,2024-09-01,35.0,Tarjeta de Crédito
TRX-94211,SOC-3770,PROD-509,2025-08-30,400.0,Tarjeta de Débito
TRX-94212,SOC-2721,PROD-507,2024-07-16,750.0,Efectivo
TRX-94213,SOC-3240,PROD-502,2025-07-25,1300.0,Efectivo
TRX-94214,SOC-2706,PROD-506,2025-07-11,550.0,Efectivo
TRX-94215,SOC-2658,PROD-508,2024-09-23,250.0,Transferencia SPEI
TRX-94216,SOC-3371,PROD-506,2024-09-11,550.0,Efectivo
TRX-94217,SOC-2816,PROD-501,2025-10-24,650.0,Transferencia SPEI
TRX-94218,SOC-2006,PROD-501,2024-10-18,593.53,Efectivo
TRX-94219,SOC-3469,PROD-505,2024-11-22,480.0,Efectivo
TRX-94220,SOC-3106,PROD-505,2024-01-19,480.0,Tarjeta de Crédito
TRX-94221,SOC-3238,PROD-512,2025-07-13,32.82,Efectivo
TRX-94222,SOC-3395,PROD-504,2025-08-25,950.0,Tarjeta de Crédito
TRX-94223,SOC-3572,PROD-512,2026-01-18,30.55,Transferencia SPEI
TRX-94224,SOC-3402,PROD-505,2025-10-05,480.0,Efectivo
TRX-94225,SOC-3352,PROD-508,2025-06-30,250.0,Tarjeta de Crédito
TRX-94226,SOC-2803,PROD-506,2024-06-10,550.0,Tarjeta de Débito
TRX-94227,SOC-2186,PROD-507,2024-10-16,750.0,Tarjeta de Crédito
TRX-94228,SOC-3776,PROD-504,2026-01-09,950.0,Transferencia SPEI
TRX-94229,SOC-2271,PROD-504,2024-02-26,950.0,Transferencia SPEI
TRX-94230,SOC-2615,PROD-505,2024-01-22,480.0,Efectivo
TRX-94231,SOC-3561,PROD-507,2025-05-14,631.52,Transferencia SPEI
TRX-94232,SOC-2088,PROD-510,2024-06-21,63.61,Efectivo
TRX-94233,SOC-3228,PROD-512,2025-09-21,28.84,Tarjeta de Débito
TRX-94234,SOC-3773,PROD-504,2024-03-21,805.49,Tarjeta de Crédito
TRX-94235,SOC-3661,PROD-507,2025-01-22,674.78,Tarjeta de Débito
TRX-94236,SOC-3134,PROD-506,2025-07-28,509.05,Transferencia SPEI
TRX-94237,SOC-2494,PROD-503,2025-11-04,6025.4400000000005,Transferencia SPEI
TRX-94238,SOC-2067,PROD-505,2025-04-10,480.0,Tarjeta de Crédito
TRX-94239,SOC-2301,PROD-501,2024-11-17,650.0,Transferencia SPEI
TRX-94240,SOC-3389,PROD-501,2025-05-02,650.0,Tarjeta de Débito
TRX-94241,SOC-2745,PROD-512,2024-10-12,35.0,Efectivo
TRX-94242,SOC-3769,PROD-509,2025-11-26,400.0,Tarjeta de Crédito
TRX-94243,SOC-3312,PROD-504,2024-03-22,950.0,Efectivo
TRX-94244,SOC-2593,PROD-507,2026-02-02,643.02,Tarjeta de Débito
TRX-94245,SOC-3494,PROD-504,2025-08-13,950.0,Transferencia SPEI
TRX-94246,SOC-3647,PROD-507,2025-02-21,666.66,Tarjeta de Crédito
TRX-94247,SOC-2670,PROD-512,2026-02-16,35.0,Efectivo
TRX-94248,SOC-2745,PROD-504,2024-01-14,847.73,Tarjeta de Débito
TRX-94249,SOC-2034,PROD-503,2025-01-17,6999.0,Transferencia SPEI
TRX-94250,SOC-2013,PROD-504,2025-02-01,950.0,Efectivo
TRX-94251,SOC-2678,PROD-501,2025-02-06,650.0,Transferencia SPEI
TRX-94252,SOC-2811,PROD-504,2025-03-20,950.0,Tarjeta de Débito
TRX-94253,SOC-2091,PROD-503,2026-01-18,6999.0,Efectivo
TRX-94254,SOC-3326,PROD-511,2025-03-15,50.0,Efectivo
TRX-94255,SOC-3278,PROD-509,2025-08-24,328.43,Efectivo
TRX-94256,SOC-3214,PROD-502,2024-06-17,1090.55,Efectivo
TRX-94257,SOC-2294,PROD-506,2024-05-18,500.86,Tarjeta de Crédito
TRX-94258,SOC-3411,PROD-504,2026-02-24,950.0,Tarjeta de Débito
TRX-94259,SOC-3165,PROD-508,2025-12-13,250.0,Tarjeta de Crédito
TRX-94260,SOC-3757,PROD-502,2025-08-11,1300.0,Tarjeta de Crédito
TRX-94261,SOC-2804,PROD-501,2024-02-20,650.0,Transferencia SPEI
TRX-94262,SOC-2089,PROD-503,2025-04-19,6999.0,Transferencia SPEI
TRX-94263,SOC-2605,PROD-511,2024-11-25,50.0,Tarjeta de Débito
TRX-94264,SOC-3291,PROD-510,2024-05-20,68.03,Tarjeta de Débito
TRX-94265,SOC-3421,PROD-505,2024-12-03,480.0,Efectivo
TRX-94266,SOC-2255,PROD-509,2024-01-17,400.0,Efectivo
TRX-94267,SOC-3472,PROD-509,2025-09-01,400.0,Tarjeta de Débito
TRX-94268,SOC-3085,PROD-504,2024-10-17,950.0,Tarjeta de Débito
TRX-94269,SOC-3561,PROD-506,2025-02-11,550.0,Tarjeta de Crédito
TRX-94270,SOC-3776,PROD-503,2025-09-03,6999.0,Tarjeta de Débito
TRX-94271,SOC-2306,PROD-502,2025-05-20,1300.0,Efectivo
TRX-94272,SOC-2645,PROD-512,2025-02-21,35.0,Tarjeta de Crédito
TRX-94273,SOC-3663,PROD-507,2024-04-15,750.0,Tarjeta de Crédito
TRX-94274,SOC-2635,PROD-509,2025-03-09,379.37,Transferencia SPEI
TRX-94275,SOC-3769,PROD-511,2024-06-06,50.0,Transferencia SPEI
TRX-94276,SOC-2033,PROD-503,2024-07-20,6999.0,Efectivo
TRX-94277,SOC-2750,PROD-509,2025-01-08,357.53,Tarjeta de Crédito
TRX-94278,SOC-3395,PROD-501,2024-03-10,650.0,Efectivo
TRX-94279,SOC-2867,PROD-508,2026-04-08,221.63,Tarjeta de Débito
TRX-94280,SOC-3079,PROD-508,2025-08-08,232.66,Tarjeta de Débito
TRX-94281,SOC-2619,PROD-502,2024-08-02,1300.0,Tarjeta de Débito
TRX-94282,SOC-2630,PROD-508,2025-08-03,250.0,Transferencia SPEI
TRX-94283,SOC-2542,PROD-512,2026-02-02,35.0,Efectivo
TRX-94284,SOC-3393,PROD-506,2025-12-12,550.0,Transferencia SPEI
TRX-94285,SOC-3196,PROD-501,2024-11-22,650.0,Efectivo
TRX-94286,SOC-3173,PROD-512,2024-03-22,35.0,Transferencia SPEI
TRX-94287,SOC-2891,PROD-512,2024-11-03,35.0,Transferencia SPEI
TRX-94288,SOC-3190,PROD-504,2025-03-15,950.0,Efectivo
TRX-94289,SOC-3135,PROD-504,2024-07-18,950.0,Transferencia SPEI
TRX-94290,SOC-2541,PROD-511,2025-11-17,50.0,Transferencia SPEI
TRX-94291,SOC-3121,PROD-501,2025-01-18,650.0,Efectivo
TRX-94292,SOC-3582,PROD-503,2024-09-05,6999.0,Transferencia SPEI
TRX-94293,SOC-3736,PROD-508,2026-03-31,250.0,Tarjeta de Débito
TRX-94294,SOC-2501,PROD-501,2026-04-05,650.0,Tarjeta de Crédito
TRX-94295,SOC-2336,PROD-501,2025-09-09,650.0,Transferencia SPEI
TRX-94296,SOC-2496,PROD-504,2024-07-13,950.0,Tarjeta de Crédito
TRX-94297,SOC-3414,PROD-512,2025-09-10,35.0,Tarjeta de Crédito
TRX-94298,SOC-3611,PROD-511,2024-05-16,50.0,Transferencia SPEI
TRX-94299,SOC-2593,PROD-505,2024-02-10,480.0,Tarjeta de Crédito
TRX-94300,SOC-2660,PROD-504,2026-02-20,950.0,Transferencia SPEI
TRX-94301,SOC-3647,PROD-508,2025-01-20,250.0,Tarjeta de Crédito
TRX-94302,SOC-2529,PROD-503,2025-03-25,6999.0,Tarjeta de Crédito
TRX-94303,SOC-3274,PROD-512,2024-06-12,35.0,Tarjeta de Débito
TRX-94304,SOC-3335,PROD-503,2024-02-17,5928.84,Efectivo
TRX-94305,SOC-3179,PROD-502,2024-09-14,1300.0,Efectivo
TRX-94306,SOC-2134,PROD-507,2025-09-23,750.0,Tarjeta de Crédito
TRX-94307,SOC-3058,PROD-505,2024-10-27,386.77,Transferencia SPEI
TRX-94308,SOC-3352,PROD-502,2025-09-11,1300.0,Tarjeta de Crédito
TRX-94309,SOC-3246,PROD-501,2026-03-29,650.0,Tarjeta de Débito
TRX-94310,SOC-3680,PROD-506,2024-03-27,550.0,Tarjeta de Débito
TRX-94311,SOC-3414,PROD-506,2024-05-09,550.0,Efectivo
TRX-94312,SOC-2907,PROD-506,2025-03-22,550.0,Efectivo
TRX-94313,SOC-2414,PROD-509,2024-08-14,379.77,Transferencia SPEI
TRX-94314,SOC-3616,PROD-505,2024-09-08,480.0,Tarjeta de Crédito
TRX-94315,SOC-2378,PROD-507,2025-10-02,750.0,Tarjeta de Crédito
TRX-94316,SOC-2263,PROD-508,2025-04-05,250.0,Tarjeta de Crédito
TRX-94317,SOC-2418,PROD-502,2025-02-28,1300.0,Efectivo
TRX-94318,SOC-2816,PROD-507,2024-11-01,750.0,Efectivo
TRX-94319,SOC-3644,PROD-508,2024-01-04,250.0,Tarjeta de Débito
TRX-94320,SOC-2108,PROD-504,2025-01-22,950.0,Tarjeta de Débito
TRX-94321,SOC-3259,PROD-506,2024-06-22,550.0,Tarjeta de Débito
TRX-94322,SOC-2278,PROD-511,2024-10-21,41.32,Transferencia SPEI
TRX-94323,SOC-3621,PROD-512,2024-10-31,35.0,Tarjeta de Crédito
TRX-94324,SOC-3016,PROD-505,2024-01-19,480.0,Transferencia SPEI
TRX-94325,SOC-2970,PROD-506,2025-06-02,550.0,Transferencia SPEI
TRX-94326,SOC-2861,PROD-503,2025-01-15,6999.0,Efectivo
TRX-94327,SOC-3725,PROD-507,2026-04-30,750.0,Efectivo
TRX-94328,SOC-2502,PROD-512,2025-02-18,35.0,Tarjeta de Débito
TRX-94329,SOC-3300,PROD-507,2026-03-25,750.0,Transferencia SPEI
TRX-94330,SOC-3493,PROD-502,2024-10-16,1300.0,Tarjeta de Débito
TRX-94331,SOC-2646,PROD-510,2025-05-12,75.0,Tarjeta de Crédito
TRX-94332,SOC-2214,PROD-509,2024-08-10,400.0,Transferencia SPEI
TRX-94333,SOC-3534,PROD-510,2025-07-08,75.0,Efectivo
TRX-94334,SOC-2528,PROD-510,2025-12-24,75.0,Efectivo
TRX-94335,SOC-3207,PROD-512,2025-09-27,35.0,Tarjeta de Débito
TRX-94336,SOC-2030,PROD-505,2025-09-03,480.0,Tarjeta de Crédito
TRX-94337,SOC-2293,PROD-507,2026-03-04,750.0,Tarjeta de Débito
TRX-94338,SOC-2444,PROD-503,2024-05-14,6999.0,Tarjeta de Débito
TRX-94339,SOC-2781,PROD-502,2024-05-13,1094.87,Efectivo
TRX-94340,SOC-3353,PROD-502,2024-12-03,1300.0,Tarjeta de Débito
TRX-94341,SOC-2467,PROD-505,2024-01-17,450.73,Transferencia SPEI
TRX-94342,SOC-2895,PROD-512,2025-12-16,35.0,Tarjeta de Crédito
TRX-94343,SOC-2282,PROD-504,2026-04-16,950.0,Tarjeta de Débito
TRX-94344,SOC-3020,PROD-505,2024-06-25,480.0,Tarjeta de Crédito
TRX-94345,SOC-2699,PROD-507,2026-01-02,750.0,Transferencia SPEI
TRX-94346,SOC-2132,PROD-509,2026-03-03,400.0,Tarjeta de Crédito
TRX-94347,SOC-2264,PROD-504,2025-04-06,950.0,Transferencia SPEI
TRX-94348,SOC-2119,PROD-506,2025-11-04,550.0,Tarjeta de Débito
TRX-94349,SOC-2139,PROD-507,2025-06-18,634.03,Tarjeta de Crédito
TRX-94350,SOC-3430,PROD-512,2024-09-18,35.0,Tarjeta de Débito
TRX-94351,SOC-2821,PROD-505,2025-04-23,480.0,Tarjeta de Débito
TRX-94352,SOC-2802,PROD-501,2026-02-10,650.0,Transferencia SPEI
TRX-94353,SOC-3407,PROD-508,2025-09-30,250.0,Transferencia SPEI
TRX-94354,SOC-2395,PROD-511,2025-07-08,50.0,Efectivo
TRX-94355,SOC-3754,PROD-510,2025-03-31,75.0,Transferencia SPEI
TRX-94356,SOC-3647,PROD-502,2024-02-21,1300.0,Efectivo
TRX-94357,SOC-3176,PROD-503,2025-03-03,6228.3,Efectivo
TRX-94358,SOC-2203,PROD-507,2024-11-26,750.0,Tarjeta de Débito
TRX-94359,SOC-3501,PROD-508,2025-12-01,250.0,Tarjeta de Débito
TRX-94360,SOC-2677,PROD-508,2025-11-12,250.0,Transferencia SPEI
TRX-94361,SOC-2661,PROD-506,2026-02-08,550.0,Transferencia SPEI
TRX-94362,SOC-2722,PROD-502,2024-06-25,1300.0,Transferencia SPEI
TRX-94363,SOC-2563,PROD-501,2024-01-08,566.4300000000001,Tarjeta de Débito
TRX-94364,SOC-3068,PROD-507,2026-04-07,750.0,Tarjeta de Crédito
TRX-94365,SOC-2597,PROD-511,2024-02-28,50.0,Transferencia SPEI
TRX-94366,SOC-2784,PROD-506,2024-09-18,550.0,Tarjeta de Crédito
TRX-94367,SOC-2359,PROD-505,2024-11-05,480.0,Transferencia SPEI
TRX-94368,SOC-2607,PROD-501,2024-05-27,650.0,Tarjeta de Crédito
TRX-94369,SOC-2413,PROD-509,2025-02-20,400.0,Transferencia SPEI
TRX-94370,SOC-2035,PROD-509,2026-03-05,400.0,Tarjeta de Débito
TRX-94371,SOC-3681,PROD-508,2024-02-12,250.0,Transferencia SPEI
TRX-94372,SOC-2041,PROD-504,2025-02-22,950.0,Tarjeta de Débito
TRX-94373,SOC-3659,PROD-505,2024-06-06,480.0,Transferencia SPEI
TRX-94374,SOC-2125,PROD-503,2024-02-16,6999.0,Tarjeta de Débito
TRX-94375,SOC-3498,PROD-501,2025-07-07,650.0,Tarjeta de Crédito
TRX-94376,SOC-2063,PROD-510,2026-03-06,75.0,Efectivo
TRX-94377,SOC-2436,PROD-505,2025-11-15,480.0,Transferencia SPEI
TRX-94378,SOC-3307,PROD-502,2026-04-23,1300.0,Transferencia SPEI
TRX-94379,SOC-3778,PROD-510,2025-05-13,68.18,Tarjeta de Crédito
TRX-94380,SOC-3138,PROD-505,2024-04-22,480.0,Transferencia SPEI
TRX-94381,SOC-3249,PROD-505,2025-06-23,433.12,Efectivo
TRX-94382,SOC-2951,PROD-504,2024-12-28,950.0,Transferencia SPEI
TRX-94383,SOC-3540,PROD-512,2025-05-18,35.0,Efectivo
TRX-94384,SOC-3174,PROD-506,2025-05-25,550.0,Tarjeta de Crédito
TRX-94385,SOC-3174,PROD-505,2025-11-24,431.75,Efectivo
TRX-94386,SOC-2288,PROD-511,2025-03-18,42.12,Tarjeta de Débito
TRX-94387,SOC-2554,PROD-503,2025-10-28,6999.0,Efectivo
TRX-94388,SOC-3642,PROD-504,2024-04-02,950.0,Tarjeta de Crédito
TRX-94389,SOC-2681,PROD-509,2024-10-14,400.0,Efectivo
TRX-94390,SOC-2960,PROD-504,2024-11-15,950.0,Tarjeta de Crédito
TRX-94391,SOC-2198,PROD-510,2026-01-31,75.0,Transferencia SPEI
TRX-94392,SOC-2965,PROD-505,2025-06-29,480.0,Tarjeta de Débito
TRX-94393,SOC-3249,PROD-506,2024-04-26,550.0,Efectivo
TRX-94394,SOC-3052,PROD-507,2026-01-25,750.0,Tarjeta de Crédito
TRX-94395,SOC-2413,PROD-501,2025-05-27,650.0,Tarjeta de Crédito
TRX-94396,SOC-3719,PROD-510,2024-11-23,75.0,Transferencia SPEI
TRX-94397,SOC-3427,PROD-509,2026-04-05,400.0,Efectivo
TRX-94398,SOC-3169,PROD-507,2024-06-11,750.0,Tarjeta de Crédito
TRX-94399,SOC-2345,PROD-507,2024-02-01,750.0,Tarjeta de Débito
TRX-94400,SOC-3480,PROD-509,2025-01-20,400.0,Tarjeta de Débito
TRX-94401,SOC-2340,PROD-508,2025-03-06,250.0,Tarjeta de Débito
TRX-94402,SOC-3058,PROD-504,2024-04-11,950.0,Transferencia SPEI
TRX-94403,SOC-2395,PROD-512,2024-01-03,35.0,Tarjeta de Crédito
TRX-94404,SOC-3728,PROD-510,2024-08-06,75.0,Efectivo
TRX-94405,SOC-2761,PROD-502,2026-04-11,1300.0,Efectivo
TRX-94406,SOC-2960,PROD-509,2025-05-27,333.26,Transferencia SPEI
TRX-94407,SOC-3687,PROD-506,2026-04-21,550.0,Tarjeta de Débito
TRX-94408,SOC-2849,PROD-510,2025-07-15,75.0,Efectivo
TRX-94409,SOC-2861,PROD-503,2024-08-29,5887.98,Tarjeta de Crédito
TRX-94410,SOC-3339,PROD-508,2024-05-01,250.0,Efectivo
TRX-94411,SOC-2311,PROD-503,2024-08-21,6999.0,Efectivo
TRX-94412,SOC-2074,PROD-512,2026-04-12,35.0,Transferencia SPEI
TRX-94413,SOC-2648,PROD-505,2026-03-29,480.0,Transferencia SPEI
TRX-94414,SOC-2114,PROD-511,2025-07-19,50.0,Transferencia SPEI
TRX-94415,SOC-2915,PROD-510,2024-11-26,75.0,Efectivo
TRX-94416,SOC-3285,PROD-508,2025-03-06,250.0,Tarjeta de Débito
TRX-94417,SOC-2415,PROD-510,2025-06-21,62.04,Efectivo
TRX-94418,SOC-3727,PROD-508,2026-02-05,250.0,Efectivo
TRX-94419,SOC-2723,PROD-510,2024-03-07,75.0,Efectivo
TRX-94420,SOC-3143,PROD-510,2024-11-05,75.0,Transferencia SPEI
TRX-94421,SOC-2344,PROD-507,2026-04-26,750.0,Tarjeta de Débito
TRX-94422,SOC-3128,PROD-509,2025-03-29,400.0,Efectivo
TRX-94423,SOC-3764,PROD-503,2024-01-18,6999.0,Transferencia SPEI
TRX-94424,SOC-2163,PROD-503,2024-08-31,6999.0,Efectivo
TRX-94425,SOC-2370,PROD-502,2025-10-08,1300.0,Efectivo
TRX-94426,SOC-3295,PROD-506,2026-01-25,450.02,Efectivo
TRX-94427,SOC-2317,PROD-510,2025-10-24,75.0,Transferencia SPEI
TRX-94428,SOC-3736,PROD-511,2026-03-13,50.0,Tarjeta de Crédito
TRX-94429,SOC-3671,PROD-501,2025-10-26,650.0,Efectivo
TRX-94430,SOC-2823,PROD-507,2026-01-02,750.0,Efectivo
TRX-94431,SOC-3789,PROD-502,2024-02-18,1300.0,Tarjeta de Crédito
TRX-94432,SOC-2450,PROD-508,2026-03-09,216.69,Transferencia SPEI
TRX-94433,SOC-3134,PROD-510,2024-08-24,75.0,Transferencia SPEI
TRX-94434,SOC-3355,PROD-505,2025-09-14,480.0,Efectivo
TRX-94435,SOC-2497,PROD-512,2024-11-19,30.67,Transferencia SPEI
TRX-94436,SOC-3047,PROD-510,2025-02-27,75.0,Tarjeta de Crédito
TRX-94437,SOC-2392,PROD-506,2024-12-28,550.0,Efectivo
TRX-94438,SOC-3640,PROD-508,2025-03-28,250.0,Efectivo
TRX-94439,SOC-3569,PROD-503,2026-04-04,6999.0,Tarjeta de Crédito
TRX-94440,SOC-2206,PROD-506,2024-12-03,550.0,Efectivo
TRX-94441,SOC-3396,PROD-506,2025-03-26,550.0,Efectivo
TRX-94442,SOC-2733,PROD-503,2025-10-21,6146.76,Tarjeta de Crédito
TRX-94443,SOC-3058,PROD-505,2025-12-28,480.0,Tarjeta de Débito
TRX-94444,SOC-2092,PROD-505,2025-01-11,480.0,Tarjeta de Crédito
TRX-94445,SOC-2215,PROD-502,2024-11-14,1061.8899999999999,Efectivo
TRX-94446,SOC-3335,PROD-512,2024-04-14,35.0,Tarjeta de Crédito
TRX-94447,SOC-3328,PROD-506,2024-02-20,550.0,Transferencia SPEI
TRX-94448,SOC-2234,PROD-506,2025-10-04,550.0,Efectivo
TRX-94449,SOC-3524,PROD-501,2025-08-19,650.0,Transferencia SPEI
TRX-94450,SOC-3266,PROD-508,2025-07-04,204.41,Tarjeta de Crédito
TRX-94451,SOC-3309,PROD-505,2026-04-03,480.0,Tarjeta de Débito
TRX-94452,SOC-2732,PROD-507,2025-06-08,750.0,Transferencia SPEI
TRX-94453,SOC-2969,PROD-510,2026-04-09,75.0,Tarjeta de Crédito
TRX-94454,SOC-3679,PROD-507,2026-01-13,750.0,Tarjeta de Débito
TRX-94455,SOC-3668,PROD-501,2024-03-08,650.0,Tarjeta de Crédito
TRX-94456,SOC-3256,PROD-506,2025-05-06,550.0,Transferencia SPEI
TRX-94457,SOC-3037,PROD-511,2024-08-01,50.0,Tarjeta de Débito
TRX-94458,SOC-3193,PROD-508,2025-01-09,250.0,Tarjeta de Crédito
TRX-94459,SOC-3232,PROD-512,2025-11-16,30.94,Efectivo
TRX-94460,SOC-3043,PROD-507,2025-07-26,750.0,Tarjeta de Crédito
TRX-94461,SOC-3456,PROD-501,2024-05-19,650.0,Efectivo
TRX-94462,SOC-2679,PROD-509,2025-01-12,400.0,Tarjeta de Débito
TRX-94463,SOC-3316,PROD-503,2026-04-21,6999.0,Tarjeta de Crédito
TRX-94464,SOC-2615,PROD-502,2025-01-19,1300.0,Tarjeta de Débito
TRX-94465,SOC-2142,PROD-509,2024-12-21,400.0,Tarjeta de Débito
TRX-94466,SOC-3101,PROD-504,2025-08-20,950.0,Transferencia SPEI
TRX-94467,SOC-2050,PROD-508,2024-07-31,250.0,Transferencia SPEI
TRX-94468,SOC-3734,PROD-508,2025-12-27,250.0,Tarjeta de Crédito
TRX-94469,SOC-3490,PROD-502,2024-12-19,1300.0,Tarjeta de Débito
TRX-94470,SOC-3116,PROD-505,2025-10-27,410.85,Tarjeta de Débito
TRX-94471,SOC-3518,PROD-510,2024-04-27,75.0,Transferencia SPEI
TRX-94472,SOC-2007,PROD-506,2024-01-14,550.0,Tarjeta de Crédito
TRX-94473,SOC-2158,PROD-509,2025-11-11,346.13,Efectivo
TRX-94474,SOC-3323,PROD-505,2024-04-11,480.0,Tarjeta de Débito
TRX-94475,SOC-3716,PROD-505,2025-11-14,480.0,Efectivo
TRX-94476,SOC-3445,PROD-510,2024-09-18,75.0,Tarjeta de Crédito
TRX-94477,SOC-3422,PROD-508,2026-04-10,250.0,Efectivo
TRX-94478,SOC-3508,PROD-503,2025-08-28,6999.0,Tarjeta de Crédito
TRX-94479,SOC-3098,PROD-507,2024-10-22,750.0,Tarjeta de Crédito
TRX-94480,SOC-2413,PROD-501,2026-04-11,650.0,Tarjeta de Débito
TRX-94481,SOC-3535,PROD-501,2025-08-11,650.0,Transferencia SPEI
TRX-94482,SOC-3449,PROD-503,2024-04-29,6999.0,Tarjeta de Crédito
TRX-94483,SOC-2852,PROD-507,2025-04-08,750.0,Transferencia SPEI
TRX-94484,SOC-2851,PROD-507,2025-03-21,750.0,Efectivo
TRX-94485,SOC-2286,PROD-506,2026-02-03,550.0,Tarjeta de Crédito
TRX-94486,SOC-2570,PROD-503,2026-04-10,6999.0,Efectivo
TRX-94487,SOC-2276,PROD-503,2024-05-16,6999.0,Tarjeta de Crédito
TRX-94488,SOC-2551,PROD-510,2025-08-25,75.0,Efectivo
TRX-94489,SOC-2428,PROD-512,2025-03-24,35.0,Tarjeta de Crédito
TRX-94490,SOC-2863,PROD-508,2025-01-01,250.0,Efectivo
TRX-94491,SOC-2193,PROD-508,2025-04-08,250.0,Tarjeta de Débito
TRX-94492,SOC-2307,PROD-511,2024-11-07,50.0,Transferencia SPEI
TRX-94493,SOC-2247,PROD-505,2024-10-27,444.18,Tarjeta de Crédito
TRX-94494,SOC-3592,PROD-506,2024-03-05,550.0,Transferencia SPEI
TRX-94495,SOC-2739,PROD-507,2024-11-10,621.49,Efectivo
TRX-94496,SOC-2226,PROD-509,2025-01-27,400.0,Tarjeta de Crédito
TRX-94497,SOC-2778,PROD-504,2024-03-09,950.0,Tarjeta de Débito
TRX-94498,SOC-3506,PROD-511,2025-01-25,50.0,Tarjeta de Débito
TRX-94499,SOC-2730,PROD-510,2026-02-15,75.0,Tarjeta de Crédito
TRX-94500,SOC-2996,PROD-511,2025-03-25,50.0,Tarjeta de Débito
TRX-94501,SOC-3663,PROD-502,2024-11-01,1300.0,Efectivo
TRX-94502,SOC-2444,PROD-509,2024-11-27,369.27,Tarjeta de Débito
TRX-94503,SOC-2704,PROD-502,2026-01-16,1300.0,Tarjeta de Crédito
TRX-94504,SOC-3704,PROD-505,2026-03-09,480.0,Tarjeta de Débito
TRX-94505,SOC-3793,PROD-509,2025-02-12,400.0,Tarjeta de Crédito
TRX-94506,SOC-3093,PROD-509,2024-08-22,400.0,Tarjeta de Débito
TRX-94507,SOC-2961,PROD-504,2024-08-27,770.67,Tarjeta de Débito
TRX-94508,SOC-2775,PROD-512,2026-01-26,35.0,Tarjeta de Débito
TRX-94509,SOC-3407,PROD-508,2024-10-26,250.0,Tarjeta de Crédito
TRX-94510,SOC-2305,PROD-506,2024-04-05,465.02,Transferencia SPEI
TRX-94511,SOC-3078,PROD-509,2025-04-22,400.0,Tarjeta de Débito
TRX-94512,SOC-2438,PROD-502,2024-05-17,1300.0,Efectivo
TRX-94513,SOC-2593,PROD-501,2025-08-20,650.0,Tarjeta de Crédito
TRX-94514,SOC-2903,PROD-508,2025-10-28,250.0,Efectivo
TRX-94515,SOC-3053,PROD-504,2024-02-23,950.0,Tarjeta de Débito
TRX-94516,SOC-3029,PROD-501,2024-03-02,549.5699999999999,Transferencia SPEI
TRX-94517,SOC-2499,PROD-502,2024-11-15,1300.0,Efectivo
TRX-94518,SOC-2665,PROD-502,2024-03-07,1300.0,Transferencia SPEI
TRX-94519,SOC-2986,PROD-509,2025-02-26,400.0,Efectivo
TRX-94520,SOC-3639,PROD-501,2025-05-12,650.0,Efectivo
TRX-94521,SOC-3124,PROD-508,2024-04-09,212.32,Tarjeta de Débito
TRX-94522,SOC-2867,PROD-505,2024-05-11,480.0,Transferencia SPEI
TRX-94523,SOC-3719,PROD-501,2025-02-20,650.0,Efectivo
TRX-94524,SOC-2293,PROD-507,2026-04-21,750.0,Tarjeta de Crédito
TRX-94525,SOC-2501,PROD-512,2024-03-14,35.0,Tarjeta de Débito
TRX-94526,SOC-2368,PROD-512,2026-01-30,35.0,Transferencia SPEI
TRX-94527,SOC-2069,PROD-501,2024-07-08,650.0,Tarjeta de Crédito
TRX-94528,SOC-3029,PROD-507,2024-12-09,750.0,Tarjeta de Débito
TRX-94529,SOC-3425,PROD-501,2025-11-22,650.0,Tarjeta de Crédito
TRX-94530,SOC-2345,PROD-505,2026-01-28,435.17,Tarjeta de Crédito
TRX-94531,SOC-2056,PROD-507,2025-02-22,750.0,Efectivo
TRX-94532,SOC-2646,PROD-502,2024-09-19,1300.0,Tarjeta de Crédito
TRX-94533,SOC-2040,PROD-502,2025-02-15,1300.0,Tarjeta de Crédito
TRX-94534,SOC-2422,PROD-512,2025-06-15,32.54,Tarjeta de Crédito
TRX-94535,SOC-2570,PROD-501,2024-02-02,650.0,Tarjeta de Crédito
TRX-94536,SOC-3780,PROD-510,2024-05-13,75.0,Tarjeta de Crédito
TRX-94537,SOC-2097,PROD-506,2025-01-21,520.23,Efectivo
TRX-94538,SOC-3742,PROD-502,2024-04-26,1300.0,Tarjeta de Débito
TRX-94539,SOC-3095,PROD-505,2024-08-02,480.0,Efectivo
TRX-94540,SOC-2395,PROD-504,2025-10-19,950.0,Tarjeta de Crédito
TRX-94541,SOC-3059,PROD-507,2024-04-29,750.0,Tarjeta de Crédito
TRX-94542,SOC-2499,PROD-512,2025-09-04,35.0,Transferencia SPEI
TRX-94543,SOC-3392,PROD-505,2024-12-07,434.09000000000003,Transferencia SPEI
TRX-94544,SOC-2612,PROD-505,2025-09-16,480.0,Efectivo
TRX-94545,SOC-2355,PROD-505,2025-08-20,480.0,Transferencia SPEI
TRX-94546,SOC-2396,PROD-505,2024-06-27,480.0,Tarjeta de Débito
TRX-94547,SOC-2507,PROD-507,2026-02-07,750.0,Transferencia SPEI
TRX-94548,SOC-3281,PROD-504,2024-10-10,950.0,Tarjeta de Débito
TRX-94549,SOC-2364,PROD-510,2025-04-28,75.0,Tarjeta de Débito
TRX-94550,SOC-2829,PROD-502,2024-12-08,1300.0,Transferencia SPEI
TRX-94551,SOC-2828,PROD-506,2026-04-13,550.0,Efectivo
TRX-94552,SOC-2548,PROD-508,2026-02-21,250.0,Tarjeta de Crédito
TRX-94553,SOC-2758,PROD-504,2025-10-16,950.0,Transferencia SPEI
TRX-94554,SOC-2853,PROD-505,2024-04-17,480.0,Tarjeta de Débito
TRX-94555,SOC-2449,PROD-504,2025-02-18,950.0,Tarjeta de Débito
TRX-94556,SOC-2327,PROD-505,2025-03-28,480.0,Tarjeta de Débito
TRX-94557,SOC-3567,PROD-507,2025-03-20,750.0,Tarjeta de Crédito
TRX-94558,SOC-2693,PROD-504,2025-07-28,950.0,Transferencia SPEI
TRX-94559,SOC-2261,PROD-511,2026-02-23,50.0,Tarjeta de Débito
TRX-94560,SOC-3532,PROD-504,2024-06-06,950.0,Transferencia SPEI
TRX-94561,SOC-3012,PROD-510,2024-06-03,75.0,Tarjeta de Débito
TRX-94562,SOC-2973,PROD-502,2024-06-09,1300.0,Transferencia SPEI
TRX-94563,SOC-2403,PROD-512,2025-10-02,35.0,Tarjeta de Crédito
TRX-94564,SOC-2664,PROD-505,2024-08-05,480.0,Tarjeta de Débito
TRX-94565,SOC-2842,PROD-509,2024-12-02,400.0,Transferencia SPEI
TRX-94566,SOC-2505,PROD-511,2025-08-14,41.61,Transferencia SPEI
TRX-94567,SOC-3497,PROD-509,2024-05-30,400.0,Transferencia SPEI
TRX-94568,SOC-3209,PROD-511,2024-08-30,50.0,Efectivo
TRX-94569,SOC-2851,PROD-502,2024-12-28,1300.0,Efectivo
TRX-94570,SOC-2208,PROD-507,2026-03-11,750.0,Tarjeta de Crédito
TRX-94571,SOC-3423,PROD-508,2024-03-31,236.63,Tarjeta de Crédito
TRX-94572,SOC-2971,PROD-503,2025-01-23,5923.46,Efectivo
TRX-94573,SOC-2196,PROD-505,2025-07-03,480.0,Transferencia SPEI
TRX-94574,SOC-3135,PROD-512,2024-01-20,35.0,Tarjeta de Crédito
TRX-94575,SOC-2792,PROD-512,2024-10-08,35.0,Efectivo
TRX-94576,SOC-2270,PROD-502,2024-10-19,1300.0,Tarjeta de Crédito
TRX-94577,SOC-3213,PROD-505,2026-03-12,480.0,Transferencia SPEI
TRX-94578,SOC-2377,PROD-506,2025-10-19,550.0,Tarjeta de Crédito
TRX-94579,SOC-3534,PROD-510,2025-10-10,75.0,Tarjeta de Débito
TRX-94580,SOC-2706,PROD-507,2024-07-29,750.0,Tarjeta de Crédito
TRX-94581,SOC-3225,PROD-502,2025-04-16,1053.5,Tarjeta de Débito
TRX-94582,SOC-2024,PROD-504,2025-02-08,950.0,Tarjeta de Débito
TRX-94583,SOC-3036,PROD-511,2024-03-22,50.0,Efectivo
TRX-94584,SOC-2372,PROD-511,2025-02-27,50.0,Transferencia SPEI
TRX-94585,SOC-3472,PROD-505,2025-08-03,480.0,Transferencia SPEI
TRX-94586,SOC-2925,PROD-511,2024-01-27,50.0,Tarjeta de Crédito
TRX-94587,SOC-2448,PROD-506,2024-08-13,550.0,Efectivo
TRX-94588,SOC-2215,PROD-507,2024-04-20,750.0,Efectivo
TRX-94589,SOC-2233,PROD-507,2026-03-05,750.0,Tarjeta de Débito
TRX-94590,SOC-3498,PROD-510,2024-02-04,75.0,Efectivo
TRX-94591,SOC-2399,PROD-504,2024-08-25,950.0,Tarjeta de Débito
TRX-94592,SOC-2442,PROD-508,2025-11-12,250.0,Transferencia SPEI
TRX-94593,SOC-3346,PROD-504,2025-12-03,950.0,Efectivo
TRX-94594,SOC-2577,PROD-501,2026-04-25,650.0,Tarjeta de Débito
TRX-94595,SOC-2182,PROD-512,2024-03-04,35.0,Transferencia SPEI
TRX-94596,SOC-3011,PROD-510,2024-08-09,60.07,Efectivo
TRX-94597,SOC-2213,PROD-507,2024-01-11,750.0,Efectivo
TRX-94598,SOC-3581,PROD-501,2024-02-18,650.0,Tarjeta de Crédito
TRX-94599,SOC-2080,PROD-503,2025-06-26,6999.0,Transferencia SPEI
TRX-94600,SOC-3748,PROD-507,2024-05-01,750.0,Efectivo
TRX-94601,SOC-3532,PROD-502,2025-09-27,1300.0,Tarjeta de Crédito
TRX-94602,SOC-2598,PROD-503,2024-05-04,6999.0,Tarjeta de Crédito
TRX-94603,SOC-2529,PROD-509,2026-01-30,400.0,Tarjeta de Débito
TRX-94604,SOC-3134,PROD-505,2024-06-08,480.0,Tarjeta de Crédito
TRX-94605,SOC-2654,PROD-504,2024-03-17,950.0,Transferencia SPEI
TRX-94606,SOC-3159,PROD-511,2024-04-08,50.0,Efectivo
TRX-94607,SOC-2421,PROD-509,2025-01-26,360.56,Transferencia SPEI
TRX-94608,SOC-2203,PROD-512,2024-03-29,35.0,Efectivo
TRX-94609,SOC-2417,PROD-503,2026-03-12,6999.0,Tarjeta de Débito
TRX-94610,SOC-3736,PROD-501,2024-05-18,650.0,Transferencia SPEI
TRX-94611,SOC-3371,PROD-501,2024-06-14,650.0,Efectivo
TRX-94612,SOC-2593,PROD-502,2024-05-02,1130.94,Tarjeta de Débito
TRX-94613,SOC-2650,PROD-503,2025-05-11,6999.0,Efectivo
TRX-94614,SOC-3583,PROD-510,2024-08-06,75.0,Transferencia SPEI
TRX-94615,SOC-3740,PROD-509,2025-01-12,400.0,Tarjeta de Débito
TRX-94616,SOC-3762,PROD-507,2024-07-11,750.0,Tarjeta de Crédito
TRX-94617,SOC-3135,PROD-502,2024-02-08,1300.0,Transferencia SPEI
TRX-94618,SOC-2618,PROD-510,2024-04-23,75.0,Transferencia SPEI
TRX-94619,SOC-2251,PROD-510,2024-10-20,75.0,Tarjeta de Crédito
TRX-94620,SOC-2244,PROD-506,2024-10-17,550.0,Efectivo
TRX-94621,SOC-3455,PROD-504,2024-03-25,950.0,Tarjeta de Crédito
TRX-94622,SOC-2679,PROD-501,2025-02-24,650.0,Transferencia SPEI
TRX-94623,SOC-3356,PROD-503,2025-02-01,6073.87,Tarjeta de Débito
TRX-94624,SOC-2691,PROD-503,2024-11-26,6999.0,Transferencia SPEI
TRX-94625,SOC-3515,PROD-505,2024-03-17,410.42,Tarjeta de Débito
TRX-94626,SOC-2997,PROD-512,2026-04-08,29.54,Tarjeta de Débito
TRX-94627,SOC-3067,PROD-509,2025-01-02,400.0,Tarjeta de Débito
TRX-94628,SOC-3038,PROD-510,2025-09-04,75.0,Efectivo
TRX-94629,SOC-2063,PROD-506,2024-04-18,550.0,Tarjeta de Débito
TRX-94630,SOC-2887,PROD-508,2024-12-22,250.0,Transferencia SPEI
TRX-94631,SOC-2427,PROD-506,2025-01-07,550.0,Tarjeta de Débito
TRX-94632,SOC-2299,PROD-503,2025-04-04,6999.0,Efectivo
TRX-94633,SOC-2934,PROD-503,2025-02-03,6999.0,Tarjeta de Débito
TRX-94634,SOC-2830,PROD-506,2024-01-27,550.0,Efectivo
TRX-94635,SOC-2976,PROD-501,2025-11-10,588.83,Tarjeta de Débito
TRX-94636,SOC-2228,PROD-504,2024-01-06,950.0,Transferencia SPEI
TRX-94637,SOC-3043,PROD-511,2025-03-07,50.0,Tarjeta de Débito
TRX-94638,SOC-2083,PROD-512,2025-06-08,35.0,Efectivo
TRX-94639,SOC-3796,PROD-501,2024-01-04,650.0,Transferencia SPEI
TRX-94640,SOC-2838,PROD-509,2025-09-05,363.68,Efectivo
TRX-94641,SOC-2996,PROD-503,2025-07-03,6153.82,Tarjeta de Crédito
TRX-94642,SOC-2394,PROD-509,2026-01-07,358.93,Tarjeta de Crédito
TRX-94643,SOC-2287,PROD-504,2024-05-26,950.0,Tarjeta de Crédito
TRX-94644,SOC-2359,PROD-509,2024-06-07,400.0,Tarjeta de Débito
TRX-94645,SOC-2965,PROD-506,2024-06-08,550.0,Tarjeta de Débito
TRX-94646,SOC-3242,PROD-510,2025-09-01,75.0,Efectivo
TRX-94647,SOC-2559,PROD-502,2024-02-09,1300.0,Tarjeta de Débito
TRX-94648,SOC-2927,PROD-510,2026-04-01,67.05,Efectivo
TRX-94649,SOC-3443,PROD-502,2024-09-09,1300.0,Efectivo
TRX-94650,SOC-3692,PROD-506,2024-07-17,550.0,Transferencia SPEI
TRX-94651,SOC-2299,PROD-503,2026-02-23,6999.0,Tarjeta de Crédito
TRX-94652,SOC-3691,PROD-501,2026-03-21,650.0,Tarjeta de Débito
TRX-94653,SOC-2241,PROD-511,2025-12-18,50.0,Tarjeta de Débito
TRX-94654,SOC-3003,PROD-509,2024-02-11,400.0,Transferencia SPEI
TRX-94655,SOC-3074,PROD-504,2024-01-30,825.49,Efectivo
TRX-94656,SOC-2049,PROD-505,2024-04-14,480.0,Tarjeta de Débito
TRX-94657,SOC-2497,PROD-505,2024-03-20,480.0,Tarjeta de Crédito
TRX-94658,SOC-3612,PROD-509,2026-02-18,400.0,Tarjeta de Débito
TRX-94659,SOC-2590,PROD-508,2025-07-23,250.0,Transferencia SPEI
TRX-94660,SOC-2590,PROD-512,2025-10-05,33.06,Efectivo
TRX-94661,SOC-3314,PROD-509,2025-11-21,400.0,Tarjeta de Crédito
TRX-94662,SOC-2047,PROD-507,2024-08-15,750.0,Transferencia SPEI
TRX-94663,SOC-3146,PROD-511,2025-12-28,50.0,Tarjeta de Crédito
TRX-94664,SOC-2952,PROD-509,2025-08-22,400.0,Tarjeta de Crédito
TRX-94665,SOC-2200,PROD-504,2026-04-23,950.0,Transferencia SPEI
TRX-94666,SOC-2514,PROD-504,2026-04-21,950.0,Efectivo
TRX-94667,SOC-2654,PROD-506,2025-07-19,550.0,Tarjeta de Débito
TRX-94668,SOC-3010,PROD-506,2025-08-29,550.0,Efectivo
TRX-94669,SOC-3116,PROD-505,2024-07-10,480.0,Efectivo
TRX-94670,SOC-3709,PROD-507,2025-09-09,750.0,Efectivo
TRX-94671,SOC-3413,PROD-505,2025-01-02,480.0,Transferencia SPEI
TRX-94672,SOC-2031,PROD-507,2024-03-09,750.0,Transferencia SPEI
TRX-94673,SOC-2680,PROD-507,2025-04-15,750.0,Transferencia SPEI
TRX-94674,SOC-3549,PROD-505,2025-01-15,480.0,Efectivo
TRX-94675,SOC-2170,PROD-507,2024-11-21,665.88,Tarjeta de Crédito
TRX-94676,SOC-2857,PROD-511,2025-07-27,43.09,Efectivo
TRX-94677,SOC-2287,PROD-506,2024-08-13,550.0,Tarjeta de Débito
TRX-94678,SOC-2399,PROD-508,2026-01-10,250.0,Tarjeta de Crédito
TRX-94679,SOC-3312,PROD-510,2025-02-11,75.0,Tarjeta de Débito
TRX-94680,SOC-2942,PROD-508,2024-07-03,250.0,Efectivo
TRX-94681,SOC-3089,PROD-505,2025-11-22,480.0,Tarjeta de Crédito
TRX-94682,SOC-2514,PROD-503,2024-08-05,6999.0,Efectivo
TRX-94683,SOC-3571,PROD-501,2024-10-07,548.33,Tarjeta de Débito
TRX-94684,SOC-2227,PROD-512,2024-12-04,35.0,Transferencia SPEI
TRX-94685,SOC-3230,PROD-502,2024-12-01,1300.0,Tarjeta de Débito
TRX-94686,SOC-2940,PROD-505,2025-08-21,480.0,Transferencia SPEI
TRX-94687,SOC-2357,PROD-508,2025-07-30,250.0,Efectivo
TRX-94688,SOC-2333,PROD-505,2024-06-17,480.0,Efectivo
TRX-94689,SOC-2490,PROD-504,2024-08-14,950.0,Tarjeta de Débito
TRX-94690,SOC-3384,PROD-510,2024-10-25,75.0,Tarjeta de Crédito
TRX-94691,SOC-3738,PROD-502,2024-11-25,1300.0,Tarjeta de Crédito
TRX-94692,SOC-3076,PROD-507,2024-08-19,710.22,Tarjeta de Crédito
TRX-94693,SOC-3240,PROD-507,2025-02-05,750.0,Efectivo
TRX-94694,SOC-2907,PROD-503,2024-04-11,6999.0,Tarjeta de Crédito
TRX-94695,SOC-3230,PROD-503,2026-04-29,6331.96,Transferencia SPEI
TRX-94696,SOC-2951,PROD-509,2026-02-26,400.0,Efectivo
TRX-94697,SOC-2736,PROD-511,2024-09-03,50.0,Transferencia SPEI
TRX-94698,SOC-2784,PROD-510,2024-08-02,75.0,Efectivo
TRX-94699,SOC-2812,PROD-504,2024-05-09,950.0,Efectivo
TRX-94700,SOC-2442,PROD-502,2024-08-24,1300.0,Efectivo
TRX-94701,SOC-2619,PROD-509,2026-03-09,400.0,Tarjeta de Débito
TRX-94702,SOC-2016,PROD-503,2024-06-03,6549.08,Efectivo
TRX-94703,SOC-2218,PROD-510,2024-09-02,75.0,Tarjeta de Crédito
TRX-94704,SOC-2766,PROD-510,2024-08-19,75.0,Transferencia SPEI
TRX-94705,SOC-2174,PROD-510,2024-03-04,63.980000000000004,Tarjeta de Crédito
TRX-94706,SOC-3452,PROD-510,2025-10-25,75.0,Efectivo
TRX-94707,SOC-2772,PROD-503,2024-07-07,6999.0,Transferencia SPEI
TRX-94708,SOC-3466,PROD-512,2025-11-24,35.0,Transferencia SPEI
TRX-94709,SOC-2132,PROD-509,2026-01-27,400.0,Tarjeta de Débito
TRX-94710,SOC-2006,PROD-512,2025-04-05,35.0,Tarjeta de Crédito
TRX-94711,SOC-2465,PROD-501,2024-10-19,650.0,Tarjeta de Débito
TRX-94712,SOC-3489,PROD-504,2024-05-19,950.0,Efectivo
TRX-94713,SOC-2789,PROD-511,2025-10-04,50.0,Efectivo
TRX-94714,SOC-2584,PROD-506,2025-01-20,550.0,Tarjeta de Débito
TRX-94715,SOC-3716,PROD-504,2025-03-30,797.04,Tarjeta de Débito
TRX-94716,SOC-3551,PROD-506,2024-07-19,550.0,Efectivo
TRX-94717,SOC-2165,PROD-511,2025-04-07,50.0,Transferencia SPEI
TRX-94718,SOC-2862,PROD-512,2025-03-14,35.0,Tarjeta de Débito
TRX-94719,SOC-2363,PROD-511,2025-04-27,50.0,Transferencia SPEI
TRX-94720,SOC-2138,PROD-503,2024-01-28,6999.0,Tarjeta de Crédito
TRX-94721,SOC-3135,PROD-502,2026-04-21,1300.0,Tarjeta de Débito
TRX-94722,SOC-2977,PROD-509,2024-02-26,400.0,Efectivo
TRX-94723,SOC-3633,PROD-512,2025-10-01,32.56,Efectivo
TRX-94724,SOC-3383,PROD-502,2025-02-04,1300.0,Transferencia SPEI
TRX-94725,SOC-2050,PROD-507,2025-10-06,750.0,Transferencia SPEI
TRX-94726,SOC-2419,PROD-506,2024-09-08,506.13,Transferencia SPEI
TRX-94727,SOC-2253,PROD-509,2024-12-30,400.0,Efectivo
TRX-94728,SOC-3780,PROD-503,2025-01-22,6999.0,Tarjeta de Débito
TRX-94729,SOC-3326,PROD-509,2025-01-11,400.0,Transferencia SPEI
TRX-94730,SOC-2172,PROD-502,2024-10-19,1300.0,Tarjeta de Débito
TRX-94731,SOC-2395,PROD-501,2024-02-11,544.72,Transferencia SPEI
TRX-94732,SOC-3701,PROD-506,2026-03-02,550.0,Tarjeta de Crédito
TRX-94733,SOC-3790,PROD-504,2025-12-20,950.0,Tarjeta de Crédito
TRX-94734,SOC-2294,PROD-505,2025-03-23,480.0,Transferencia SPEI
TRX-94735,SOC-2779,PROD-510,2024-08-01,65.86,Tarjeta de Débito
TRX-94736,SOC-2212,PROD-508,2025-11-05,250.0,Transferencia SPEI
TRX-94737,SOC-2846,PROD-506,2025-08-06,441.2,Tarjeta de Crédito
TRX-94738,SOC-3073,PROD-503,2024-02-12,5831.28,Efectivo
TRX-94739,SOC-3669,PROD-507,2026-04-03,750.0,Transferencia SPEI
TRX-94740,SOC-2805,PROD-505,2024-07-07,480.0,Tarjeta de Crédito
TRX-94741,SOC-3785,PROD-506,2024-03-06,550.0,Transferencia SPEI
TRX-94742,SOC-2375,PROD-505,2024-11-19,480.0,Tarjeta de Crédito
TRX-94743,SOC-3655,PROD-504,2025-05-15,950.0,Tarjeta de Débito
TRX-94744,SOC-3378,PROD-507,2024-11-17,750.0,Transferencia SPEI
TRX-94745,SOC-3257,PROD-508,2025-02-24,250.0,Transferencia SPEI
TRX-94746,SOC-3048,PROD-505,2025-08-25,480.0,Tarjeta de Crédito
TRX-94747,SOC-2571,PROD-510,2024-10-21,75.0,Efectivo
TRX-94748,SOC-2045,PROD-505,2025-02-20,480.0,Tarjeta de Débito
TRX-94749,SOC-2012,PROD-507,2025-08-15,648.66,Tarjeta de Débito
TRX-94750,SOC-2785,PROD-509,2024-12-07,400.0,Tarjeta de Crédito
TRX-94751,SOC-3677,PROD-511,2024-02-25,50.0,Tarjeta de Crédito
TRX-94752,SOC-3538,PROD-508,2025-03-03,250.0,Tarjeta de Crédito
TRX-94753,SOC-3224,PROD-504,2026-01-27,950.0,Efectivo
TRX-94754,SOC-3258,PROD-508,2025-08-21,250.0,Tarjeta de Débito
TRX-94755,SOC-3403,PROD-505,2024-05-21,414.56,Tarjeta de Débito
TRX-94756,SOC-2896,PROD-511,2025-01-15,50.0,Tarjeta de Crédito
TRX-94757,SOC-2302,PROD-504,2024-10-26,950.0,Transferencia SPEI
TRX-94758,SOC-3127,PROD-512,2025-12-17,35.0,Efectivo
TRX-94759,SOC-2588,PROD-506,2025-05-19,550.0,Transferencia SPEI
TRX-94760,SOC-3758,PROD-503,2025-01-17,6103.39,Efectivo
TRX-94761,SOC-2940,PROD-501,2024-07-27,650.0,Tarjeta de Crédito
TRX-94762,SOC-2192,PROD-505,2025-04-08,480.0,Tarjeta de Crédito
TRX-94763,SOC-3586,PROD-504,2024-07-16,950.0,Tarjeta de Crédito
TRX-94764,SOC-3421,PROD-501,2025-08-04,650.0,Tarjeta de Débito
TRX-94765,SOC-2649,PROD-502,2026-01-04,1300.0,Transferencia SPEI
TRX-94766,SOC-2820,PROD-512,2025-03-31,32.22,Tarjeta de Crédito
TRX-94767,SOC-3375,PROD-503,2026-03-13,6999.0,Transferencia SPEI
TRX-94768,SOC-2411,PROD-501,2024-04-25,604.01,Tarjeta de Crédito
TRX-94769,SOC-2056,PROD-501,2026-01-07,650.0,Tarjeta de Débito
TRX-94770,SOC-3031,PROD-505,2024-05-09,480.0,Tarjeta de Débito
TRX-94771,SOC-3584,PROD-509,2024-07-27,400.0,Tarjeta de Crédito
TRX-94772,SOC-2867,PROD-508,2025-11-22,250.0,Efectivo
TRX-94773,SOC-3618,PROD-509,2024-06-19,400.0,Transferencia SPEI
TRX-94774,SOC-3022,PROD-512,2026-01-27,35.0,Tarjeta de Crédito
TRX-94775,SOC-2781,PROD-501,2024-12-09,650.0,Tarjeta de Débito
TRX-94776,SOC-3243,PROD-505,2025-03-21,480.0,Tarjeta de Crédito
TRX-94777,SOC-2050,PROD-509,2025-01-14,400.0,Tarjeta de Débito
TRX-94778,SOC-3164,PROD-512,2024-02-23,32.26,Tarjeta de Débito
TRX-94779,SOC-3274,PROD-506,2026-02-20,550.0,Tarjeta de Crédito
TRX-94780,SOC-2767,PROD-501,2026-04-24,650.0,Efectivo
TRX-94781,SOC-2159,PROD-502,2024-12-05,1300.0,Efectivo
TRX-94782,SOC-2974,PROD-506,2026-03-16,550.0,Efectivo
TRX-94783,SOC-3108,PROD-501,2024-08-09,650.0,Efectivo
TRX-94784,SOC-2586,PROD-505,2025-10-15,435.71,Tarjeta de Débito
TRX-94785,SOC-2496,PROD-502,2024-12-22,1300.0,Tarjeta de Débito
TRX-94786,SOC-2156,PROD-511,2024-08-06,50.0,Tarjeta de Crédito
TRX-94787,SOC-3070,PROD-511,2025-11-01,43.64,Tarjeta de Crédito
TRX-94788,SOC-2978,PROD-505,2025-04-14,480.0,Efectivo
TRX-94789,SOC-2404,PROD-501,2025-10-01,650.0,Efectivo
TRX-94790,SOC-2826,PROD-509,2024-11-21,400.0,Transferencia SPEI
TRX-94791,SOC-2226,PROD-508,2026-04-15,250.0,Tarjeta de Débito
TRX-94792,SOC-2074,PROD-502,2025-09-14,1061.73,Efectivo
TRX-94793,SOC-2830,PROD-510,2025-06-23,75.0,Tarjeta de Crédito
TRX-94794,SOC-2991,PROD-512,2024-04-15,35.0,Efectivo
TRX-94795,SOC-2750,PROD-509,2025-02-02,400.0,Transferencia SPEI
TRX-94796,SOC-2232,PROD-502,2025-08-05,1300.0,Transferencia SPEI
TRX-94797,SOC-2899,PROD-506,2025-08-16,550.0,Tarjeta de Crédito
TRX-94798,SOC-3360,PROD-504,2024-06-12,950.0,Transferencia SPEI
TRX-94799,SOC-3782,PROD-501,2026-01-06,650.0,Efectivo
TRX-94800,SOC-2682,PROD-509,2024-07-31,400.0,Tarjeta de Débito
TRX-94801,SOC-2731,PROD-511,2025-07-06,44.89,Tarjeta de Débito
TRX-94802,SOC-2901,PROD-512,2024-06-02,35.0,Tarjeta de Crédito
TRX-94803,SOC-2747,PROD-504,2024-09-10,950.0,Tarjeta de Crédito
TRX-94804,SOC-2579,PROD-503,2025-02-01,6999.0,Tarjeta de Crédito
TRX-94805,SOC-2194,PROD-508,2026-03-06,250.0,Tarjeta de Débito
TRX-94806,SOC-3146,PROD-501,2024-03-09,650.0,Tarjeta de Débito
TRX-94807,SOC-2872,PROD-507,2025-07-15,750.0,Tarjeta de Crédito
TRX-94808,SOC-2009,PROD-504,2024-01-07,950.0,Tarjeta de Débito
TRX-94809,SOC-2419,PROD-503,2026-04-25,6999.0,Transferencia SPEI
TRX-94810,SOC-3545,PROD-507,2025-03-16,750.0,Tarjeta de Crédito
TRX-94811,SOC-2523,PROD-506,2024-03-12,550.0,Efectivo
TRX-94812,SOC-2338,PROD-506,2024-05-08,550.0,Tarjeta de Débito
TRX-94813,SOC-2615,PROD-507,2024-04-19,750.0,Efectivo
TRX-94814,SOC-3647,PROD-509,2025-04-23,400.0,Efectivo
TRX-94815,SOC-3097,PROD-510,2025-04-28,63.13,Efectivo
TRX-94816,SOC-3309,PROD-508,2026-02-22,250.0,Tarjeta de Crédito
TRX-94817,SOC-2991,PROD-508,2025-04-25,250.0,Efectivo
TRX-94818,SOC-2248,PROD-509,2024-10-26,372.3,Transferencia SPEI
TRX-94819,SOC-3337,PROD-509,2025-02-03,400.0,Efectivo
TRX-94820,SOC-2018,PROD-508,2024-03-25,235.7,Tarjeta de Crédito
TRX-94821,SOC-3468,PROD-505,2024-05-24,480.0,Tarjeta de Débito
TRX-94822,SOC-3002,PROD-504,2025-11-25,950.0,Tarjeta de Débito
TRX-94823,SOC-3514,PROD-511,2025-05-10,50.0,Transferencia SPEI
TRX-94824,SOC-2962,PROD-502,2026-02-14,1300.0,Transferencia SPEI
TRX-94825,SOC-2247,PROD-511,2025-08-16,50.0,Transferencia SPEI
TRX-94826,SOC-2222,PROD-507,2025-01-08,750.0,Transferencia SPEI
TRX-94827,SOC-2717,PROD-507,2025-02-16,750.0,Transferencia SPEI
TRX-94828,SOC-2607,PROD-501,2025-09-13,650.0,Transferencia SPEI
TRX-94829,SOC-3074,PROD-504,2024-07-18,950.0,Tarjeta de Débito
TRX-94830,SOC-2033,PROD-501,2025-09-21,650.0,Tarjeta de Crédito
TRX-94831,SOC-2331,PROD-505,2024-05-21,480.0,Transferencia SPEI
TRX-94832,SOC-3398,PROD-512,2025-01-08,35.0,Transferencia SPEI
TRX-94833,SOC-3279,PROD-504,2025-12-12,950.0,Efectivo
TRX-94834,SOC-3187,PROD-502,2026-02-17,1300.0,Efectivo
TRX-94835,SOC-2940,PROD-501,2025-01-05,650.0,Transferencia SPEI
TRX-94836,SOC-3376,PROD-504,2025-03-07,886.25,Transferencia SPEI
TRX-94837,SOC-3616,PROD-511,2025-08-23,40.69,Tarjeta de Débito
TRX-94838,SOC-2077,PROD-512,2025-12-19,32.89,Tarjeta de Crédito
TRX-94839,SOC-2859,PROD-501,2024-02-01,650.0,Tarjeta de Crédito
TRX-94840,SOC-2822,PROD-506,2025-07-27,550.0,Tarjeta de Crédito
TRX-94841,SOC-3371,PROD-505,2025-04-24,480.0,Transferencia SPEI
TRX-94842,SOC-3769,PROD-509,2024-07-27,400.0,Tarjeta de Débito
TRX-94843,SOC-3040,PROD-509,2025-12-31,400.0,Transferencia SPEI
TRX-94844,SOC-2183,PROD-510,2024-07-10,64.83,Transferencia SPEI
TRX-94845,SOC-3168,PROD-502,2026-04-17,1300.0,Tarjeta de Crédito
TRX-94846,SOC-3456,PROD-509,2025-02-27,400.0,Transferencia SPEI
TRX-94847,SOC-3748,PROD-505,2025-11-26,480.0,Tarjeta de Crédito
TRX-94848,SOC-2047,PROD-504,2024-04-03,950.0,Transferencia SPEI
TRX-94849,SOC-3419,PROD-503,2026-04-16,6999.0,Transferencia SPEI
TRX-94850,SOC-2748,PROD-503,2026-03-08,6999.0,Tarjeta de Débito
TRX-94851,SOC-2805,PROD-509,2024-12-07,400.0,Tarjeta de Crédito
TRX-94852,SOC-3476,PROD-508,2025-11-16,237.4,Efectivo
TRX-94853,SOC-3412,PROD-512,2025-11-22,35.0,Efectivo
TRX-94854,SOC-3119,PROD-507,2025-11-11,678.28,Transferencia SPEI
TRX-94855,SOC-3618,PROD-501,2024-11-23,615.15,Tarjeta de Débito
TRX-94856,SOC-2574,PROD-504,2026-04-23,777.47,Transferencia SPEI
TRX-94857,SOC-3335,PROD-504,2026-01-17,810.59,Tarjeta de Crédito
TRX-94858,SOC-2481,PROD-506,2025-03-06,550.0,Tarjeta de Crédito
TRX-94859,SOC-2782,PROD-510,2025-12-30,75.0,Tarjeta de Crédito
TRX-94860,SOC-3663,PROD-501,2024-04-01,650.0,Efectivo
TRX-94861,SOC-3480,PROD-501,2025-08-26,537.48,Tarjeta de Crédito
TRX-94862,SOC-2136,PROD-509,2025-03-30,400.0,Efectivo
TRX-94863,SOC-3658,PROD-505,2026-04-23,480.0,Efectivo
TRX-94864,SOC-2356,PROD-509,2025-10-21,400.0,Tarjeta de Crédito
TRX-94865,SOC-2688,PROD-512,2024-10-12,30.4,Tarjeta de Crédito
TRX-94866,SOC-3280,PROD-511,2024-02-21,50.0,Tarjeta de Crédito
TRX-94867,SOC-2102,PROD-505,2025-12-24,480.0,Transferencia SPEI
TRX-94868,SOC-2855,PROD-507,2024-03-31,750.0,Transferencia SPEI
TRX-94869,SOC-2807,PROD-503,2025-06-30,6999.0,Efectivo
TRX-94870,SOC-3049,PROD-502,2024-05-23,1300.0,Transferencia SPEI
TRX-94871,SOC-3065,PROD-502,2024-12-23,1300.0,Tarjeta de Débito
TRX-94872,SOC-3598,PROD-508,2025-12-15,250.0,Transferencia SPEI
TRX-94873,SOC-3735,PROD-501,2024-12-21,650.0,Tarjeta de Crédito
TRX-94874,SOC-2151,PROD-502,2024-02-07,1300.0,Tarjeta de Crédito
TRX-94875,SOC-3382,PROD-512,2024-09-07,30.03,Transferencia SPEI
TRX-94876,SOC-2416,PROD-510,2025-04-03,75.0,Tarjeta de Débito
TRX-94877,SOC-2286,PROD-502,2025-07-25,1300.0,Efectivo
TRX-94878,SOC-3530,PROD-505,2024-05-23,480.0,Tarjeta de Crédito
TRX-94879,SOC-2972,PROD-507,2026-01-21,750.0,Efectivo
TRX-94880,SOC-3552,PROD-512,2024-04-16,35.0,Transferencia SPEI
TRX-94881,SOC-2875,PROD-508,2025-12-07,250.0,Transferencia SPEI
TRX-94882,SOC-2981,PROD-507,2024-05-08,750.0,Tarjeta de Crédito
TRX-94883,SOC-2838,PROD-504,2025-03-18,950.0,Tarjeta de Débito
TRX-94884,SOC-2051,PROD-502,2026-01-16,1300.0,Tarjeta de Crédito
TRX-94885,SOC-2942,PROD-507,2024-06-25,750.0,Tarjeta de Crédito
TRX-94886,SOC-2871,PROD-507,2025-03-21,750.0,Efectivo
TRX-94887,SOC-3168,PROD-512,2025-12-05,35.0,Transferencia SPEI
TRX-94888,SOC-2176,PROD-507,2026-04-16,750.0,Tarjeta de Crédito
TRX-94889,SOC-3128,PROD-511,2025-09-08,50.0,Efectivo
TRX-94890,SOC-2950,PROD-505,2025-08-17,480.0,Tarjeta de Débito
TRX-94891,SOC-3159,PROD-509,2024-04-18,359.52,Transferencia SPEI
TRX-94892,SOC-2984,PROD-508,2024-06-04,250.0,Transferencia SPEI
TRX-94893,SOC-2779,PROD-505,2024-01-26,480.0,Tarjeta de Crédito
TRX-94894,SOC-3141,PROD-506,2026-01-29,550.0,Tarjeta de Débito
TRX-94895,SOC-2061,PROD-502,2025-12-28,1300.0,Tarjeta de Débito
TRX-94896,SOC-2256,PROD-508,2024-04-21,250.0,Transferencia SPEI
TRX-94897,SOC-2676,PROD-508,2025-07-18,250.0,Efectivo
TRX-94898,SOC-3686,PROD-503,2025-08-27,6999.0,Tarjeta de Débito
TRX-94899,SOC-3777,PROD-507,2024-12-25,750.0,Transferencia SPEI
TRX-94900,SOC-2165,PROD-511,2024-04-26,50.0,Tarjeta de Débito
TRX-94901,SOC-3077,PROD-507,2024-02-10,639.21,Efectivo
TRX-94902,SOC-2009,PROD-512,2025-09-09,35.0,Tarjeta de Débito
TRX-94903,SOC-3218,PROD-512,2025-10-15,35.0,Transferencia SPEI
TRX-94904,SOC-3150,PROD-508,2024-12-23,250.0,Efectivo
TRX-94905,SOC-3283,PROD-504,2025-10-19,882.37,Tarjeta de Crédito
TRX-94906,SOC-2037,PROD-502,2024-04-14,1300.0,Tarjeta de Crédito
TRX-94907,SOC-2697,PROD-511,2024-01-14,43.7,Efectivo
TRX-94908,SOC-3011,PROD-505,2024-06-24,480.0,Efectivo
TRX-94909,SOC-2823,PROD-511,2025-10-20,50.0,Tarjeta de Crédito
TRX-94910,SOC-2372,PROD-503,2024-08-20,6999.0,Transferencia SPEI
TRX-94911,SOC-3239,PROD-504,2026-04-20,822.59,Transferencia SPEI
TRX-94912,SOC-2345,PROD-501,2024-01-14,650.0,Transferencia SPEI
TRX-94913,SOC-3309,PROD-504,2024-01-21,950.0,Tarjeta de Débito
TRX-94914,SOC-3609,PROD-503,2025-01-29,6999.0,Transferencia SPEI
TRX-94915,SOC-2285,PROD-505,2025-12-19,480.0,Transferencia SPEI
TRX-94916,SOC-2745,PROD-504,2025-04-25,950.0,Tarjeta de Débito
TRX-94917,SOC-2051,PROD-512,2026-04-08,35.0,Efectivo
TRX-94918,SOC-3653,PROD-511,2026-02-19,50.0,Transferencia SPEI
TRX-94919,SOC-3359,PROD-510,2025-01-11,75.0,Transferencia SPEI
TRX-94920,SOC-2524,PROD-501,2026-01-07,650.0,Transferencia SPEI
TRX-94921,SOC-3616,PROD-504,2025-01-05,950.0,Tarjeta de Débito
TRX-94922,SOC-2764,PROD-504,2024-09-17,950.0,Efectivo
TRX-94923,SOC-2575,PROD-507,2025-11-02,750.0,Transferencia SPEI
TRX-94924,SOC-2725,PROD-509,2024-07-22,400.0,Tarjeta de Débito
TRX-94925,SOC-3038,PROD-504,2026-03-16,950.0,Tarjeta de Crédito
TRX-94926,SOC-3355,PROD-506,2025-11-01,550.0,Transferencia SPEI
TRX-94927,SOC-3291,PROD-503,2025-03-02,6999.0,Tarjeta de Crédito
TRX-94928,SOC-2890,PROD-507,2026-04-29,750.0,Tarjeta de Débito
TRX-94929,SOC-2493,PROD-503,2024-01-31,6999.0,Transferencia SPEI
TRX-94930,SOC-2969,PROD-506,2025-06-21,550.0,Tarjeta de Débito
TRX-94931,SOC-2500,PROD-503,2026-03-02,6999.0,Transferencia SPEI
TRX-94932,SOC-3580,PROD-510,2025-07-28,75.0,Tarjeta de Débito
TRX-94933,SOC-2616,PROD-504,2026-01-16,950.0,Tarjeta de Débito
TRX-94934,SOC-3775,PROD-509,2024-02-02,400.0,Tarjeta de Débito
TRX-94935,SOC-2654,PROD-501,2025-01-04,650.0,Efectivo
TRX-94936,SOC-3221,PROD-503,2025-06-28,6999.0,Transferencia SPEI
TRX-94937,SOC-2339,PROD-512,2026-04-22,30.85,Tarjeta de Débito
TRX-94938,SOC-2353,PROD-510,2026-02-15,75.0,Efectivo
TRX-94939,SOC-3428,PROD-508,2025-04-02,250.0,Transferencia SPEI
TRX-94940,SOC-2291,PROD-510,2024-11-18,75.0,Tarjeta de Débito
TRX-94941,SOC-3366,PROD-511,2025-12-03,43.28,Efectivo
TRX-94942,SOC-2130,PROD-507,2024-05-21,750.0,Tarjeta de Débito
TRX-94943,SOC-2226,PROD-506,2024-02-09,550.0,Efectivo
TRX-94944,SOC-2615,PROD-506,2024-01-24,550.0,Efectivo
TRX-94945,SOC-2639,PROD-504,2024-12-17,950.0,Efectivo
TRX-94946,SOC-2286,PROD-508,2025-09-02,250.0,Tarjeta de Crédito
TRX-94947,SOC-3689,PROD-504,2026-02-07,950.0,Tarjeta de Débito
TRX-94948,SOC-2386,PROD-502,2026-03-27,1300.0,Efectivo
TRX-94949,SOC-2229,PROD-503,2024-09-01,6999.0,Efectivo
TRX-94950,SOC-2563,PROD-503,2025-02-14,6999.0,Transferencia SPEI
TRX-94951,SOC-3674,PROD-505,2024-06-01,480.0,Transferencia SPEI
TRX-94952,SOC-2376,PROD-511,2024-12-18,47.12,Tarjeta de Débito
TRX-94953,SOC-3016,PROD-504,2025-06-25,950.0,Tarjeta de Débito
TRX-94954,SOC-2714,PROD-505,2024-12-16,480.0,Tarjeta de Débito
TRX-94955,SOC-3295,PROD-507,2024-02-11,750.0,Efectivo
TRX-94956,SOC-3198,PROD-504,2024-11-27,834.58,Tarjeta de Débito
TRX-94957,SOC-2705,PROD-506,2024-11-16,550.0,Tarjeta de Crédito
TRX-94958,SOC-3411,PROD-508,2025-12-16,208.82,Tarjeta de Crédito
TRX-94959,SOC-2971,PROD-503,2025-07-10,6999.0,Transferencia SPEI
TRX-94960,SOC-2934,PROD-504,2024-09-10,950.0,Transferencia SPEI
TRX-94961,SOC-2196,PROD-503,2024-03-29,6999.0,Transferencia SPEI
TRX-94962,SOC-2768,PROD-507,2026-01-06,750.0,Tarjeta de Crédito
TRX-94963,SOC-3559,PROD-507,2024-09-20,750.0,Tarjeta de Crédito
TRX-94964,SOC-3543,PROD-507,2024-01-30,750.0,Efectivo
TRX-94965,SOC-3047,PROD-511,2025-03-28,50.0,Efectivo
TRX-94966,SOC-3207,PROD-510,2024-03-01,75.0,Tarjeta de Crédito
TRX-94967,SOC-2172,PROD-510,2025-03-17,75.0,Tarjeta de Crédito
TRX-94968,SOC-3267,PROD-510,2024-12-10,75.0,Transferencia SPEI
TRX-94969,SOC-3526,PROD-508,2024-03-01,250.0,Efectivo
TRX-94970,SOC-3459,PROD-506,2026-01-08,550.0,Tarjeta de Crédito
TRX-94971,SOC-3682,PROD-503,2025-11-24,6999.0,Transferencia SPEI
TRX-94972,SOC-2903,PROD-504,2025-11-23,950.0,Tarjeta de Crédito
TRX-94973,SOC-3558,PROD-504,2024-10-14,950.0,Efectivo
TRX-94974,SOC-2632,PROD-509,2024-12-18,400.0,Efectivo
TRX-94975,SOC-3347,PROD-505,2025-10-27,480.0,Tarjeta de Crédito
TRX-94976,SOC-2757,PROD-510,2026-04-15,75.0,Tarjeta de Débito
TRX-94977,SOC-2751,PROD-501,2025-11-26,600.37,Tarjeta de Crédito
TRX-94978,SOC-2220,PROD-504,2024-09-18,850.94,Tarjeta de Débito
TRX-94979,SOC-2905,PROD-507,2025-04-22,750.0,Efectivo
TRX-94980,SOC-2226,PROD-512,2024-12-05,35.0,Efectivo
TRX-94981,SOC-3533,PROD-505,2025-10-05,480.0,Efectivo
TRX-94982,SOC-3068,PROD-512,2024-07-26,35.0,Tarjeta de Crédito
TRX-94983,SOC-2893,PROD-510,2025-01-16,75.0,Efectivo
TRX-94984,SOC-2079,PROD-511,2025-10-30,50.0,Transferencia SPEI
TRX-94985,SOC-2991,PROD-502,2025-11-25,1300.0,Tarjeta de Débito
TRX-94986,SOC-2033,PROD-507,2024-05-30,750.0,Efectivo
TRX-94987,SOC-3379,PROD-508,2025-09-11,203.63,Tarjeta de Débito
TRX-94988,SOC-3657,PROD-502,2025-04-07,1300.0,Tarjeta de Crédito
TRX-94989,SOC-3043,PROD-502,2025-03-13,1115.2,Efectivo
TRX-94990,SOC-3498,PROD-509,2025-05-15,400.0,Tarjeta de Crédito
TRX-94991,SOC-2321,PROD-502,2025-08-30,1300.0,Transferencia SPEI
TRX-94992,SOC-3162,PROD-502,2026-03-16,1300.0,Tarjeta de Crédito
TRX-94993,SOC-3392,PROD-508,2025-03-21,250.0,Efectivo
TRX-94994,SOC-3583,PROD-501,2025-01-02,567.4,Transferencia SPEI
TRX-94995,SOC-2999,PROD-501,2025-03-28,650.0,Tarjeta de Débito
TRX-94996,SOC-3742,PROD-510,2026-01-28,75.0,Efectivo
TRX-94997,SOC-2765,PROD-504,2024-02-27,950.0,Tarjeta de Débito
TRX-94998,SOC-2105,PROD-501,2026-04-08,650.0,Efectivo
TRX-94999,SOC-2269,PROD-511,2025-01-21,50.0,Tarjeta de Crédito
TRX-95000,SOC-3148,PROD-508,2025-07-22,250.0,Tarjeta de Crédito
TRX-95001,SOC-3526,PROD-505,2025-10-15,480.0,Efectivo
TRX-95002,SOC-2349,PROD-510,2024-11-19,75.0,Transferencia SPEI
TRX-95003,SOC-3560,PROD-507,2024-02-18,750.0,Efectivo
TRX-95004,SOC-2558,PROD-501,2025-09-11,650.0,Tarjeta de Crédito
TRX-95005,SOC-2560,PROD-507,2025-12-02,750.0,Tarjeta de Débito
TRX-95006,SOC-2610,PROD-511,2024-03-11,50.0,Tarjeta de Crédito
TRX-95007,SOC-2492,PROD-507,2025-07-08,750.0,Efectivo
TRX-95008,SOC-2155,PROD-504,2026-04-30,950.0,Tarjeta de Crédito
TRX-95009,SOC-2915,PROD-503,2024-03-14,5861.3,Efectivo
TRX-95010,SOC-2500,PROD-504,2024-10-14,950.0,Efectivo
TRX-95011,SOC-3118,PROD-505,2024-06-12,448.91,Tarjeta de Crédito
TRX-95012,SOC-2741,PROD-504,2024-06-26,824.1,Tarjeta de Crédito
TRX-95013,SOC-3404,PROD-512,2024-03-19,35.0,Transferencia SPEI
TRX-95014,SOC-3072,PROD-502,2026-01-11,1300.0,Transferencia SPEI
TRX-95015,SOC-2456,PROD-507,2024-01-10,750.0,Efectivo
TRX-95016,SOC-3329,PROD-512,2025-05-05,35.0,Transferencia SPEI
TRX-95017,SOC-3230,PROD-501,2025-04-22,650.0,Tarjeta de Débito
TRX-95018,SOC-3328,PROD-508,2025-03-14,250.0,Efectivo
TRX-95019,SOC-2088,PROD-501,2024-12-28,592.44,Efectivo
TRX-95020,SOC-3599,PROD-501,2025-04-30,650.0,Transferencia SPEI
TRX-95021,SOC-2234,PROD-507,2024-09-04,750.0,Tarjeta de Débito
TRX-95022,SOC-3785,PROD-501,2026-03-24,650.0,Tarjeta de Débito
TRX-95023,SOC-2214,PROD-503,2024-08-09,6999.0,Tarjeta de Débito
TRX-95024,SOC-2166,PROD-502,2026-03-10,1300.0,Efectivo
TRX-95025,SOC-3275,PROD-505,2026-03-28,480.0,Tarjeta de Débito
TRX-95026,SOC-2532,PROD-506,2025-03-06,550.0,Tarjeta de Crédito
TRX-95027,SOC-3264,PROD-507,2024-12-18,750.0,Efectivo
TRX-95028,SOC-3229,PROD-503,2025-04-09,6999.0,Efectivo
TRX-95029,SOC-2484,PROD-508,2025-04-01,250.0,Efectivo
TRX-95030,SOC-3410,PROD-511,2025-05-28,50.0,Tarjeta de Crédito
TRX-95031,SOC-3734,PROD-507,2024-09-03,750.0,Transferencia SPEI
TRX-95032,SOC-2219,PROD-503,2026-01-29,6999.0,Transferencia SPEI
TRX-95033,SOC-3590,PROD-508,2025-07-10,250.0,Efectivo
TRX-95034,SOC-2763,PROD-506,2025-05-21,550.0,Efectivo
TRX-95035,SOC-2401,PROD-509,2025-06-21,400.0,Tarjeta de Débito
TRX-95036,SOC-3686,PROD-501,2024-06-18,650.0,Tarjeta de Crédito
TRX-95037,SOC-3408,PROD-511,2026-01-04,50.0,Tarjeta de Débito
TRX-95038,SOC-3367,PROD-507,2024-03-11,750.0,Transferencia SPEI
TRX-95039,SOC-2781,PROD-503,2025-05-21,6999.0,Tarjeta de Crédito
TRX-95040,SOC-2002,PROD-505,2025-11-27,398.0,Transferencia SPEI
TRX-95041,SOC-3596,PROD-502,2025-12-01,1300.0,Efectivo
TRX-95042,SOC-2768,PROD-503,2024-10-29,6999.0,Efectivo
TRX-95043,SOC-3231,PROD-507,2025-06-28,750.0,Tarjeta de Crédito
TRX-95044,SOC-2852,PROD-505,2025-05-05,437.98,Tarjeta de Débito
TRX-95045,SOC-2773,PROD-509,2025-08-01,400.0,Transferencia SPEI
TRX-95046,SOC-2045,PROD-504,2025-01-21,950.0,Tarjeta de Crédito
TRX-95047,SOC-2007,PROD-501,2024-10-11,650.0,Transferencia SPEI
TRX-95048,SOC-3399,PROD-510,2025-10-18,75.0,Tarjeta de Crédito
TRX-95049,SOC-3414,PROD-502,2026-02-22,1300.0,Tarjeta de Crédito
TRX-95050,SOC-3530,PROD-503,2026-03-09,6999.0,Efectivo
TRX-95051,SOC-3355,PROD-511,2024-06-20,50.0,Efectivo
TRX-95052,SOC-2786,PROD-506,2025-09-04,550.0,Efectivo
TRX-95053,SOC-2090,PROD-505,2024-02-21,480.0,Tarjeta de Crédito
TRX-95054,SOC-3186,PROD-502,2024-03-24,1300.0,Tarjeta de Crédito
TRX-95055,SOC-2263,PROD-509,2024-06-09,400.0,Efectivo
TRX-95056,SOC-3063,PROD-504,2024-01-21,886.22,Transferencia SPEI
TRX-95057,SOC-3336,PROD-501,2026-04-27,650.0,Transferencia SPEI
TRX-95058,SOC-3077,PROD-510,2026-01-16,75.0,Tarjeta de Débito
TRX-95059,SOC-3706,PROD-510,2025-05-03,75.0,Transferencia SPEI
TRX-95060,SOC-3279,PROD-510,2024-02-28,75.0,Tarjeta de Crédito
TRX-95061,SOC-2219,PROD-508,2024-05-07,217.01,Transferencia SPEI
TRX-95062,SOC-3620,PROD-506,2025-03-03,550.0,Efectivo
TRX-95063,SOC-3133,PROD-510,2025-07-01,75.0,Efectivo
TRX-95064,SOC-2887,PROD-502,2025-05-19,1300.0,Tarjeta de Débito
TRX-95065,SOC-2833,PROD-504,2024-04-06,950.0,Tarjeta de Crédito
TRX-95066,SOC-3698,PROD-502,2024-06-21,1300.0,Tarjeta de Débito
TRX-95067,SOC-3706,PROD-506,2025-04-04,550.0,Transferencia SPEI
TRX-95068,SOC-2212,PROD-507,2025-09-03,750.0,Transferencia SPEI
TRX-95069,SOC-2447,PROD-508,2025-07-28,250.0,Efectivo
TRX-95070,SOC-3176,PROD-504,2025-06-22,950.0,Efectivo
TRX-95071,SOC-2803,PROD-509,2024-06-19,400.0,Efectivo
TRX-95072,SOC-3564,PROD-504,2025-10-20,950.0,Transferencia SPEI
TRX-95073,SOC-2158,PROD-507,2025-05-20,750.0,Tarjeta de Crédito
TRX-95074,SOC-2236,PROD-507,2024-08-15,750.0,Tarjeta de Crédito
TRX-95075,SOC-2864,PROD-502,2026-04-01,1300.0,Efectivo
TRX-95076,SOC-2963,PROD-510,2025-06-23,75.0,Efectivo
TRX-95077,SOC-3545,PROD-501,2024-11-13,650.0,Efectivo
TRX-95078,SOC-2497,PROD-508,2025-11-19,250.0,Tarjeta de Débito
TRX-95079,SOC-3536,PROD-505,2025-01-15,480.0,Tarjeta de Débito
TRX-95080,SOC-3032,PROD-504,2024-12-15,950.0,Tarjeta de Crédito
TRX-95081,SOC-3393,PROD-510,2025-08-23,75.0,Efectivo
TRX-95082,SOC-2314,PROD-508,2024-10-12,250.0,Tarjeta de Crédito
TRX-95083,SOC-3237,PROD-511,2024-06-06,45.08,Tarjeta de Débito
TRX-95084,SOC-2217,PROD-508,2026-04-08,250.0,Tarjeta de Crédito
TRX-95085,SOC-2661,PROD-509,2024-03-09,400.0,Tarjeta de Débito
TRX-95086,SOC-3705,PROD-508,2025-03-07,250.0,Efectivo
TRX-95087,SOC-3678,PROD-512,2024-07-05,35.0,Transferencia SPEI
TRX-95088,SOC-3662,PROD-501,2024-05-04,650.0,Transferencia SPEI
TRX-95089,SOC-2478,PROD-510,2025-09-04,75.0,Tarjeta de Débito
TRX-95090,SOC-2201,PROD-504,2026-01-10,950.0,Tarjeta de Débito
TRX-95091,SOC-2652,PROD-504,2024-04-06,950.0,Tarjeta de Crédito
TRX-95092,SOC-3590,PROD-501,2025-09-09,650.0,Transferencia SPEI
TRX-95093,SOC-3225,PROD-507,2025-06-17,750.0,Tarjeta de Débito
TRX-95094,SOC-3588,PROD-510,2024-02-17,75.0,Transferencia SPEI
TRX-95095,SOC-3425,PROD-511,2024-11-09,50.0,Transferencia SPEI
TRX-95096,SOC-2278,PROD-511,2024-10-11,50.0,Efectivo
TRX-95097,SOC-3152,PROD-512,2025-09-17,35.0,Tarjeta de Crédito
TRX-95098,SOC-3439,PROD-502,2025-04-16,1300.0,Tarjeta de Crédito
TRX-95099,SOC-2674,PROD-511,2026-02-17,50.0,Transferencia SPEI
TRX-95100,SOC-2821,PROD-509,2024-03-06,367.63,Transferencia SPEI
TRX-95101,SOC-2394,PROD-507,2025-04-08,634.6,Efectivo
TRX-95102,SOC-2981,PROD-511,2024-08-19,50.0,Efectivo
TRX-95103,SOC-3447,PROD-503,2024-11-08,6468.84,Tarjeta de Crédito
TRX-95104,SOC-3506,PROD-505,2024-04-06,480.0,Tarjeta de Crédito
TRX-95105,SOC-3661,PROD-501,2025-02-25,650.0,Tarjeta de Crédito
TRX-95106,SOC-2379,PROD-512,2024-08-28,35.0,Tarjeta de Débito
TRX-95107,SOC-2030,PROD-502,2025-07-11,1080.77,Tarjeta de Débito
TRX-95108,SOC-2550,PROD-503,2024-10-30,6999.0,Tarjeta de Débito
TRX-95109,SOC-2319,PROD-511,2025-11-15,42.3,Tarjeta de Crédito
TRX-95110,SOC-3656,PROD-506,2024-01-08,550.0,Tarjeta de Débito
TRX-95111,SOC-2900,PROD-507,2024-12-25,750.0,Efectivo
TRX-95112,SOC-2242,PROD-511,2026-01-23,50.0,Efectivo
TRX-95113,SOC-2689,PROD-507,2024-10-07,622.2,Tarjeta de Débito
TRX-95114,SOC-2212,PROD-505,2025-05-21,480.0,Efectivo
TRX-95115,SOC-2395,PROD-508,2024-02-09,250.0,Tarjeta de Crédito
TRX-95116,SOC-2615,PROD-506,2024-04-05,550.0,Efectivo
TRX-95117,SOC-3042,PROD-503,2025-01-29,6999.0,Efectivo
TRX-95118,SOC-2056,PROD-511,2024-07-23,50.0,Tarjeta de Débito
TRX-95119,SOC-3263,PROD-505,2024-07-04,480.0,Tarjeta de Crédito
TRX-95120,SOC-2073,PROD-511,2024-06-27,50.0,Transferencia SPEI
TRX-95121,SOC-3457,PROD-507,2025-03-19,750.0,Transferencia SPEI
TRX-95122,SOC-3229,PROD-503,2026-03-04,6999.0,Tarjeta de Débito
TRX-95123,SOC-2479,PROD-504,2025-07-04,950.0,Tarjeta de Débito
TRX-95124,SOC-2191,PROD-502,2025-10-02,1300.0,Tarjeta de Crédito
TRX-95125,SOC-3247,PROD-511,2024-01-17,50.0,Tarjeta de Crédito
TRX-95126,SOC-3605,PROD-505,2024-05-09,480.0,Tarjeta de Crédito
TRX-95127,SOC-2603,PROD-501,2025-01-22,650.0,Tarjeta de Crédito
TRX-95128,SOC-3050,PROD-512,2024-07-11,35.0,Tarjeta de Crédito
TRX-95129,SOC-2413,PROD-505,2025-11-21,480.0,Tarjeta de Crédito
TRX-95130,SOC-2488,PROD-505,2024-08-01,480.0,Efectivo
TRX-95131,SOC-3511,PROD-509,2025-01-25,400.0,Tarjeta de Débito
TRX-95132,SOC-3499,PROD-501,2025-06-03,650.0,Tarjeta de Débito
TRX-95133,SOC-3663,PROD-505,2024-06-28,480.0,Tarjeta de Crédito
TRX-95134,SOC-2786,PROD-510,2024-05-16,75.0,Tarjeta de Débito
TRX-95135,SOC-2043,PROD-508,2024-10-02,250.0,Efectivo
TRX-95136,SOC-3183,PROD-506,2024-06-16,550.0,Tarjeta de Débito
TRX-95137,SOC-3247,PROD-505,2025-05-06,480.0,Efectivo
TRX-95138,SOC-2510,PROD-510,2025-03-13,75.0,Transferencia SPEI
TRX-95139,SOC-2581,PROD-506,2024-08-02,550.0,Efectivo
TRX-95140,SOC-3720,PROD-508,2025-02-18,250.0,Tarjeta de Débito
TRX-95141,SOC-2938,PROD-502,2026-04-01,1300.0,Tarjeta de Crédito
TRX-95142,SOC-2010,PROD-501,2026-02-19,650.0,Tarjeta de Débito
TRX-95143,SOC-2562,PROD-503,2025-07-17,6999.0,Transferencia SPEI
TRX-95144,SOC-2435,PROD-505,2024-10-18,480.0,Transferencia SPEI
TRX-95145,SOC-3366,PROD-507,2025-06-12,750.0,Transferencia SPEI
TRX-95146,SOC-2922,PROD-510,2025-07-05,75.0,Tarjeta de Débito
TRX-95147,SOC-2936,PROD-501,2025-02-22,650.0,Transferencia SPEI
TRX-95148,SOC-3435,PROD-511,2024-01-23,50.0,Transferencia SPEI
TRX-95149,SOC-3197,PROD-501,2024-03-28,650.0,Transferencia SPEI
TRX-95150,SOC-2169,PROD-502,2024-01-27,1300.0,Tarjeta de Crédito
TRX-95151,SOC-3636,PROD-509,2024-09-23,400.0,Transferencia SPEI
TRX-95152,SOC-2211,PROD-506,2025-02-05,550.0,Tarjeta de Débito
TRX-95153,SOC-2858,PROD-507,2026-01-15,750.0,Tarjeta de Débito
TRX-95154,SOC-2157,PROD-509,2026-01-15,400.0,Efectivo
TRX-95155,SOC-3406,PROD-502,2025-01-28,1300.0,Tarjeta de Débito
TRX-95156,SOC-2535,PROD-510,2026-01-10,75.0,Tarjeta de Crédito
TRX-95157,SOC-2582,PROD-512,2024-07-31,35.0,Tarjeta de Débito
TRX-95158,SOC-3251,PROD-511,2025-03-21,50.0,Tarjeta de Débito
TRX-95159,SOC-2039,PROD-505,2024-11-27,480.0,Efectivo
TRX-95160,SOC-3323,PROD-506,2026-03-11,550.0,Tarjeta de Crédito
TRX-95161,SOC-2993,PROD-506,2024-11-14,454.45,Tarjeta de Débito
TRX-95162,SOC-2365,PROD-509,2025-03-21,330.11,Tarjeta de Crédito
TRX-95163,SOC-2679,PROD-508,2024-05-07,250.0,Efectivo
TRX-95164,SOC-3730,PROD-503,2024-12-04,5743.86,Tarjeta de Crédito
TRX-95165,SOC-3104,PROD-506,2025-12-23,550.0,Transferencia SPEI
TRX-95166,SOC-3525,PROD-503,2026-02-12,6999.0,Tarjeta de Débito
TRX-95167,SOC-3054,PROD-502,2025-10-06,1300.0,Tarjeta de Crédito
TRX-95168,SOC-3060,PROD-511,2024-10-21,50.0,Transferencia SPEI
TRX-95169,SOC-3761,PROD-509,2024-02-23,400.0,Tarjeta de Crédito
TRX-95170,SOC-2662,PROD-509,2024-12-25,400.0,Efectivo
TRX-95171,SOC-2045,PROD-502,2026-02-21,1127.8899999999999,Transferencia SPEI
TRX-95172,SOC-3232,PROD-506,2024-03-27,550.0,Tarjeta de Crédito
TRX-95173,SOC-2004,PROD-505,2025-10-20,480.0,Tarjeta de Débito
TRX-95174,SOC-2302,PROD-512,2025-05-16,35.0,Transferencia SPEI
TRX-95175,SOC-3555,PROD-508,2024-02-19,250.0,Transferencia SPEI
TRX-95176,SOC-2671,PROD-507,2024-05-30,690.64,Transferencia SPEI
TRX-95177,SOC-2442,PROD-505,2024-11-07,480.0,Tarjeta de Crédito
TRX-95178,SOC-3288,PROD-510,2024-09-21,75.0,Transferencia SPEI
TRX-95179,SOC-3531,PROD-512,2026-01-05,35.0,Efectivo
TRX-95180,SOC-3101,PROD-502,2025-11-21,1300.0,Tarjeta de Crédito
TRX-95181,SOC-2456,PROD-506,2025-03-26,550.0,Efectivo
TRX-95182,SOC-2977,PROD-512,2026-01-30,35.0,Transferencia SPEI
TRX-95183,SOC-2451,PROD-502,2025-04-02,1300.0,Tarjeta de Débito
TRX-95184,SOC-2945,PROD-508,2025-03-14,250.0,Transferencia SPEI
TRX-95185,SOC-2279,PROD-507,2024-09-07,750.0,Transferencia SPEI
TRX-95186,SOC-3103,PROD-506,2025-12-14,471.82,Transferencia SPEI
TRX-95187,SOC-3667,PROD-508,2024-09-28,250.0,Tarjeta de Débito
TRX-95188,SOC-3256,PROD-505,2025-12-01,480.0,Tarjeta de Crédito
TRX-95189,SOC-2585,PROD-509,2025-12-30,400.0,Tarjeta de Débito
TRX-95190,SOC-3738,PROD-504,2025-04-01,950.0,Tarjeta de Débito
TRX-95191,SOC-3799,PROD-501,2026-02-10,650.0,Transferencia SPEI
TRX-95192,SOC-2798,PROD-508,2025-03-05,250.0,Tarjeta de Débito
TRX-95193,SOC-2052,PROD-505,2024-06-02,393.61,Transferencia SPEI
TRX-95194,SOC-2957,PROD-506,2024-03-23,550.0,Transferencia SPEI
TRX-95195,SOC-2719,PROD-504,2024-11-01,857.31,Transferencia SPEI
TRX-95196,SOC-3570,PROD-504,2025-10-29,950.0,Efectivo
TRX-95197,SOC-3274,PROD-510,2024-02-29,75.0,Efectivo
TRX-95198,SOC-3170,PROD-505,2026-01-26,426.55,Transferencia SPEI
TRX-95199,SOC-2732,PROD-512,2025-06-02,35.0,Tarjeta de Débito
TRX-95200,SOC-3480,PROD-505,2024-12-17,480.0,Tarjeta de Débito
TRX-95201,SOC-3341,PROD-511,2025-03-08,50.0,Tarjeta de Débito
TRX-95202,SOC-2370,PROD-504,2025-11-24,843.84,Efectivo
TRX-95203,SOC-3293,PROD-511,2025-11-18,50.0,Efectivo
TRX-95204,SOC-2533,PROD-508,2024-01-30,250.0,Efectivo
TRX-95205,SOC-2144,PROD-501,2026-01-23,650.0,Tarjeta de Débito
TRX-95206,SOC-3198,PROD-511,2025-01-05,50.0,Efectivo
TRX-95207,SOC-2162,PROD-510,2025-12-06,75.0,Transferencia SPEI
TRX-95208,SOC-3708,PROD-506,2024-03-23,514.1,Tarjeta de Débito
TRX-95209,SOC-3029,PROD-504,2026-02-05,950.0,Tarjeta de Débito
TRX-95210,SOC-2823,PROD-507,2024-03-19,750.0,Tarjeta de Débito
TRX-95211,SOC-2964,PROD-508,2025-03-11,250.0,Transferencia SPEI
TRX-95212,SOC-3047,PROD-508,2025-11-15,210.48,Transferencia SPEI
TRX-95213,SOC-2819,PROD-511,2025-10-28,50.0,Transferencia SPEI
TRX-95214,SOC-3122,PROD-503,2025-12-26,6999.0,Tarjeta de Débito
TRX-95215,SOC-3459,PROD-503,2025-01-12,6999.0,Tarjeta de Débito
TRX-95216,SOC-2035,PROD-509,2025-10-19,400.0,Tarjeta de Débito
TRX-95217,SOC-3472,PROD-503,2025-12-19,6999.0,Tarjeta de Crédito
TRX-95218,SOC-2008,PROD-512,2024-07-03,35.0,Tarjeta de Crédito
TRX-95219,SOC-3017,PROD-507,2024-10-19,750.0,Tarjeta de Débito
TRX-95220,SOC-2570,PROD-508,2025-11-27,250.0,Transferencia SPEI
TRX-95221,SOC-2358,PROD-503,2024-03-09,6999.0,Tarjeta de Débito
TRX-95222,SOC-2138,PROD-504,2024-03-31,950.0,Transferencia SPEI
TRX-95223,SOC-2067,PROD-505,2025-05-11,480.0,Tarjeta de Crédito
TRX-95224,SOC-2437,PROD-509,2025-08-27,400.0,Tarjeta de Débito
TRX-95225,SOC-2930,PROD-512,2026-01-28,35.0,Tarjeta de Crédito
TRX-95226,SOC-2535,PROD-508,2024-11-02,250.0,Tarjeta de Crédito
TRX-95227,SOC-2006,PROD-504,2024-12-01,950.0,Tarjeta de Débito
TRX-95228,SOC-2212,PROD-501,2026-02-03,650.0,Tarjeta de Crédito
TRX-95229,SOC-3479,PROD-504,2026-03-12,950.0,Tarjeta de Crédito
TRX-95230,SOC-3717,PROD-506,2024-03-25,550.0,Transferencia SPEI
TRX-95231,SOC-2848,PROD-505,2025-05-23,480.0,Efectivo
TRX-95232,SOC-2418,PROD-502,2024-07-27,1300.0,Efectivo
TRX-95233,SOC-3036,PROD-511,2024-07-11,44.83,Tarjeta de Débito
TRX-95234,SOC-2401,PROD-505,2025-03-04,480.0,Efectivo
TRX-95235,SOC-2716,PROD-504,2025-09-28,950.0,Tarjeta de Débito
TRX-95236,SOC-3307,PROD-503,2025-12-11,6071.24,Tarjeta de Débito
TRX-95237,SOC-2704,PROD-510,2026-04-06,75.0,Tarjeta de Débito
TRX-95238,SOC-3446,PROD-511,2026-03-23,50.0,Tarjeta de Crédito
TRX-95239,SOC-3135,PROD-507,2024-12-04,750.0,Efectivo
TRX-95240,SOC-2772,PROD-508,2024-12-19,250.0,Tarjeta de Crédito
TRX-95241,SOC-2441,PROD-509,2024-07-29,400.0,Efectivo
TRX-95242,SOC-3204,PROD-504,2024-11-14,950.0,Efectivo
TRX-95243,SOC-3122,PROD-512,2026-02-22,32.96,Tarjeta de Crédito
TRX-95244,SOC-3092,PROD-502,2026-04-18,1300.0,Transferencia SPEI
TRX-95245,SOC-2388,PROD-505,2024-05-10,480.0,Tarjeta de Crédito
TRX-95246,SOC-2639,PROD-503,2024-04-15,6999.0,Tarjeta de Débito
TRX-95247,SOC-3177,PROD-508,2026-02-01,250.0,Efectivo
TRX-95248,SOC-3722,PROD-510,2026-01-23,75.0,Tarjeta de Crédito
TRX-95249,SOC-2130,PROD-509,2024-11-17,400.0,Tarjeta de Crédito
TRX-95250,SOC-2605,PROD-502,2024-03-30,1300.0,Transferencia SPEI
TRX-95251,SOC-2181,PROD-504,2024-09-12,776.72,Tarjeta de Débito
TRX-95252,SOC-2743,PROD-504,2024-02-25,950.0,Tarjeta de Débito
TRX-95253,SOC-2458,PROD-501,2024-07-13,587.54,Efectivo
TRX-95254,SOC-2922,PROD-508,2025-06-29,210.79,Efectivo
TRX-95255,SOC-3263,PROD-512,2025-02-21,35.0,Tarjeta de Débito
TRX-95256,SOC-3360,PROD-506,2024-11-23,550.0,Transferencia SPEI
TRX-95257,SOC-2487,PROD-512,2026-03-30,35.0,Tarjeta de Débito
TRX-95258,SOC-2246,PROD-509,2026-01-29,400.0,Efectivo
TRX-95259,SOC-2290,PROD-507,2025-09-20,750.0,Tarjeta de Débito
TRX-95260,SOC-2699,PROD-503,2024-02-26,6999.0,Efectivo
TRX-95261,SOC-3266,PROD-512,2026-04-02,31.05,Efectivo
TRX-95262,SOC-3423,PROD-512,2025-01-26,35.0,Transferencia SPEI
TRX-95263,SOC-3414,PROD-510,2024-04-05,61.18,Tarjeta de Crédito
TRX-95264,SOC-2328,PROD-511,2024-09-13,41.95,Transferencia SPEI
TRX-95265,SOC-3097,PROD-503,2025-03-03,6999.0,Tarjeta de Crédito
TRX-95266,SOC-2312,PROD-511,2024-03-26,50.0,Transferencia SPEI
TRX-95267,SOC-2729,PROD-511,2025-02-15,50.0,Transferencia SPEI
TRX-95268,SOC-3712,PROD-510,2025-08-05,75.0,Tarjeta de Crédito
TRX-95269,SOC-2063,PROD-509,2024-07-17,400.0,Transferencia SPEI
TRX-95270,SOC-3174,PROD-512,2024-03-29,35.0,Efectivo
TRX-95271,SOC-2708,PROD-510,2024-08-23,62.25,Tarjeta de Débito
TRX-95272,SOC-3009,PROD-503,2026-02-17,5990.48,Efectivo
TRX-95273,SOC-3441,PROD-504,2024-06-10,895.86,Transferencia SPEI
TRX-95274,SOC-3732,PROD-505,2025-07-26,480.0,Transferencia SPEI
TRX-95275,SOC-3506,PROD-503,2024-09-17,6999.0,Transferencia SPEI
TRX-95276,SOC-2251,PROD-503,2025-09-16,6999.0,Tarjeta de Débito
TRX-95277,SOC-2686,PROD-503,2026-01-04,6999.0,Tarjeta de Débito
TRX-95278,SOC-3387,PROD-509,2026-04-02,400.0,Tarjeta de Crédito
TRX-95279,SOC-3294,PROD-509,2025-02-13,357.19,Tarjeta de Débito
TRX-95280,SOC-3132,PROD-501,2024-06-26,650.0,Tarjeta de Crédito
TRX-95281,SOC-2537,PROD-501,2025-03-04,650.0,Tarjeta de Débito
TRX-95282,SOC-2978,PROD-505,2025-04-06,480.0,Transferencia SPEI
TRX-95283,SOC-3419,PROD-510,2024-12-15,64.73,Tarjeta de Débito
TRX-95284,SOC-3784,PROD-502,2025-10-11,1300.0,Tarjeta de Débito
TRX-95285,SOC-2893,PROD-507,2025-12-05,750.0,Efectivo
TRX-95286,SOC-2193,PROD-507,2024-12-03,750.0,Tarjeta de Débito
TRX-95287,SOC-2884,PROD-503,2024-08-13,6999.0,Transferencia SPEI
TRX-95288,SOC-3088,PROD-509,2025-06-06,400.0,Transferencia SPEI
TRX-95289,SOC-2712,PROD-507,2025-12-14,750.0,Tarjeta de Crédito
TRX-95290,SOC-2152,PROD-504,2025-02-02,950.0,Efectivo
TRX-95291,SOC-2854,PROD-511,2024-05-11,50.0,Tarjeta de Crédito
TRX-95292,SOC-3728,PROD-510,2024-01-24,75.0,Efectivo
TRX-95293,SOC-3638,PROD-512,2024-07-17,35.0,Efectivo
TRX-95294,SOC-2573,PROD-508,2026-04-30,250.0,Transferencia SPEI
TRX-95295,SOC-2164,PROD-510,2025-09-22,65.52,Tarjeta de Crédito
TRX-95296,SOC-2675,PROD-502,2026-02-17,1300.0,Tarjeta de Débito
TRX-95297,SOC-3755,PROD-509,2025-08-23,400.0,Tarjeta de Débito
TRX-95298,SOC-3495,PROD-504,2025-07-27,950.0,Tarjeta de Débito
TRX-95299,SOC-2631,PROD-502,2025-08-26,1300.0,Efectivo
TRX-95300,SOC-2532,PROD-508,2026-04-08,250.0,Efectivo
TRX-95301,SOC-2741,PROD-504,2024-11-11,950.0,Tarjeta de Crédito
TRX-95302,SOC-3206,PROD-506,2024-04-05,550.0,Transferencia SPEI
TRX-95303,SOC-2972,PROD-504,2025-10-16,822.0699999999999,Tarjeta de Crédito
TRX-95304,SOC-2259,PROD-511,2026-01-17,50.0,Efectivo
TRX-95305,SOC-3655,PROD-509,2024-09-18,400.0,Transferencia SPEI
TRX-95306,SOC-3669,PROD-511,2025-06-25,50.0,Transferencia SPEI
TRX-95307,SOC-3710,PROD-506,2025-01-24,550.0,Tarjeta de Crédito
TRX-95308,SOC-3215,PROD-503,2025-01-11,6999.0,Tarjeta de Crédito
TRX-95309,SOC-3788,PROD-503,2025-06-22,6999.0,Efectivo
TRX-95310,SOC-3557,PROD-502,2025-06-23,1300.0,Tarjeta de Crédito
TRX-95311,SOC-2765,PROD-504,2024-02-12,950.0,Tarjeta de Débito
TRX-95312,SOC-2875,PROD-509,2026-01-14,400.0,Transferencia SPEI
TRX-95313,SOC-2994,PROD-507,2025-10-16,750.0,Efectivo
TRX-95314,SOC-3251,PROD-507,2024-10-12,750.0,Tarjeta de Crédito
TRX-95315,SOC-2983,PROD-505,2026-01-21,480.0,Tarjeta de Débito
TRX-95316,SOC-3702,PROD-510,2025-05-01,75.0,Efectivo
TRX-95317,SOC-2474,PROD-506,2025-10-13,550.0,Transferencia SPEI
TRX-95318,SOC-2661,PROD-506,2025-12-01,550.0,Tarjeta de Débito
TRX-95319,SOC-3229,PROD-511,2024-06-11,50.0,Transferencia SPEI
TRX-95320,SOC-2563,PROD-509,2025-12-26,400.0,Tarjeta de Débito
TRX-95321,SOC-2179,PROD-511,2024-03-06,50.0,Tarjeta de Débito
TRX-95322,SOC-3079,PROD-507,2025-12-01,750.0,Tarjeta de Crédito
TRX-95323,SOC-2878,PROD-508,2024-11-26,250.0,Efectivo
TRX-95324,SOC-3618,PROD-510,2025-09-25,75.0,Tarjeta de Débito
TRX-95325,SOC-2686,PROD-504,2024-10-01,950.0,Tarjeta de Débito
TRX-95326,SOC-3613,PROD-506,2024-03-14,550.0,Transferencia SPEI
TRX-95327,SOC-2637,PROD-502,2025-09-18,1300.0,Transferencia SPEI
TRX-95328,SOC-2487,PROD-512,2024-01-09,35.0,Efectivo
TRX-95329,SOC-3159,PROD-504,2024-12-25,950.0,Tarjeta de Crédito
TRX-95330,SOC-2125,PROD-502,2025-02-09,1300.0,Efectivo
TRX-95331,SOC-2176,PROD-512,2024-12-01,35.0,Tarjeta de Crédito
TRX-95332,SOC-2354,PROD-505,2024-05-28,435.78,Tarjeta de Crédito
TRX-95333,SOC-2626,PROD-511,2025-09-06,50.0,Transferencia SPEI
TRX-95334,SOC-2841,PROD-509,2024-02-19,400.0,Tarjeta de Débito
TRX-95335,SOC-2893,PROD-511,2025-12-11,46.88,Efectivo
TRX-95336,SOC-2563,PROD-501,2026-03-23,650.0,Tarjeta de Débito
TRX-95337,SOC-3134,PROD-501,2024-03-14,650.0,Tarjeta de Débito
TRX-95338,SOC-3783,PROD-504,2025-03-25,950.0,Tarjeta de Débito
TRX-95339,SOC-3628,PROD-509,2025-02-12,400.0,Transferencia SPEI
TRX-95340,SOC-2214,PROD-506,2024-11-30,550.0,Transferencia SPEI
TRX-95341,SOC-2033,PROD-506,2024-09-07,550.0,Transferencia SPEI
TRX-95342,SOC-2084,PROD-510,2025-03-23,75.0,Tarjeta de Débito
TRX-95343,SOC-3532,PROD-507,2025-10-10,750.0,Transferencia SPEI
TRX-95344,SOC-2279,PROD-501,2025-10-06,650.0,Tarjeta de Crédito
TRX-95345,SOC-2810,PROD-512,2026-03-23,35.0,Efectivo
TRX-95346,SOC-2220,PROD-510,2025-12-08,75.0,Tarjeta de Débito
TRX-95347,SOC-2838,PROD-508,2026-01-26,250.0,Tarjeta de Crédito
TRX-95348,SOC-3645,PROD-509,2025-01-08,400.0,Tarjeta de Crédito
TRX-95349,SOC-2176,PROD-506,2024-11-24,550.0,Tarjeta de Crédito
TRX-95350,SOC-3141,PROD-504,2024-01-21,950.0,Transferencia SPEI
TRX-95351,SOC-2697,PROD-506,2025-07-16,447.08,Transferencia SPEI
TRX-95352,SOC-2374,PROD-507,2024-09-23,750.0,Tarjeta de Débito
TRX-95353,SOC-2815,PROD-508,2025-10-18,250.0,Tarjeta de Débito
TRX-95354,SOC-3533,PROD-507,2024-01-03,750.0,Efectivo
TRX-95355,SOC-3703,PROD-508,2026-04-30,250.0,Efectivo
TRX-95356,SOC-3244,PROD-509,2024-03-07,400.0,Tarjeta de Débito
TRX-95357,SOC-2759,PROD-502,2024-06-05,1300.0,Tarjeta de Débito
TRX-95358,SOC-2613,PROD-502,2026-03-23,1300.0,Tarjeta de Crédito
TRX-95359,SOC-2695,PROD-504,2025-11-19,771.73,Tarjeta de Crédito
TRX-95360,SOC-3065,PROD-511,2026-02-17,50.0,Tarjeta de Débito
TRX-95361,SOC-3358,PROD-510,2025-05-02,75.0,Transferencia SPEI
TRX-95362,SOC-2890,PROD-506,2025-01-23,550.0,Efectivo
TRX-95363,SOC-2986,PROD-501,2025-01-05,650.0,Tarjeta de Débito
TRX-95364,SOC-3329,PROD-512,2024-08-03,35.0,Tarjeta de Débito
TRX-95365,SOC-2456,PROD-507,2025-07-03,750.0,Transferencia SPEI
TRX-95366,SOC-2209,PROD-506,2025-02-24,550.0,Tarjeta de Crédito
TRX-95367,SOC-2289,PROD-512,2024-01-03,35.0,Tarjeta de Débito
TRX-95368,SOC-3573,PROD-510,2024-02-25,75.0,Tarjeta de Crédito
TRX-95369,SOC-2612,PROD-502,2024-12-20,1300.0,Transferencia SPEI
TRX-95370,SOC-2956,PROD-502,2024-02-22,1300.0,Efectivo
TRX-95371,SOC-2253,PROD-506,2025-10-20,550.0,Transferencia SPEI
TRX-95372,SOC-3759,PROD-504,2026-02-23,950.0,Tarjeta de Débito
TRX-95373,SOC-2493,PROD-511,2024-03-14,50.0,Tarjeta de Débito
TRX-95374,SOC-3422,PROD-509,2025-05-10,358.86,Tarjeta de Débito
TRX-95375,SOC-2960,PROD-509,2024-12-10,400.0,Efectivo
TRX-95376,SOC-2458,PROD-506,2024-10-03,550.0,Transferencia SPEI
TRX-95377,SOC-2633,PROD-502,2025-02-06,1300.0,Tarjeta de Débito
TRX-95378,SOC-2958,PROD-504,2025-09-26,950.0,Tarjeta de Crédito
TRX-95379,SOC-2487,PROD-503,2025-07-03,6999.0,Tarjeta de Débito
TRX-95380,SOC-2716,PROD-509,2024-01-19,400.0,Tarjeta de Débito
TRX-95381,SOC-2996,PROD-512,2025-09-04,35.0,Transferencia SPEI
TRX-95382,SOC-2742,PROD-509,2024-04-10,400.0,Transferencia SPEI
TRX-95383,SOC-2091,PROD-503,2026-03-17,6999.0,Tarjeta de Débito
TRX-95384,SOC-3287,PROD-511,2024-04-30,50.0,Transferencia SPEI
TRX-95385,SOC-2344,PROD-504,2024-08-06,950.0,Tarjeta de Débito
TRX-95386,SOC-2910,PROD-501,2024-11-03,607.58,Transferencia SPEI
TRX-95387,SOC-3653,PROD-510,2025-03-31,75.0,Efectivo
TRX-95388,SOC-2522,PROD-512,2025-05-19,35.0,Transferencia SPEI
TRX-95389,SOC-3476,PROD-512,2024-09-08,35.0,Efectivo
TRX-95390,SOC-3139,PROD-506,2025-12-31,550.0,Tarjeta de Débito
TRX-95391,SOC-2086,PROD-509,2025-12-30,400.0,Tarjeta de Débito
TRX-95392,SOC-2764,PROD-512,2026-02-23,35.0,Efectivo
TRX-95393,SOC-2946,PROD-501,2024-07-14,650.0,Transferencia SPEI
TRX-95394,SOC-2207,PROD-501,2024-03-20,650.0,Efectivo
TRX-95395,SOC-3350,PROD-501,2026-02-15,544.4,Transferencia SPEI
TRX-95396,SOC-2943,PROD-510,2026-03-20,75.0,Efectivo
TRX-95397,SOC-3002,PROD-509,2025-03-18,400.0,Tarjeta de Crédito
TRX-95398,SOC-3084,PROD-506,2024-11-17,550.0,Transferencia SPEI
TRX-95399,SOC-3442,PROD-503,2024-04-22,6999.0,Tarjeta de Débito
TRX-95400,SOC-3185,PROD-504,2025-11-11,950.0,Transferencia SPEI
TRX-95401,SOC-2912,PROD-507,2025-11-24,750.0,Tarjeta de Crédito
TRX-95402,SOC-3620,PROD-507,2025-05-13,750.0,Tarjeta de Débito
TRX-95403,SOC-3380,PROD-506,2025-12-21,550.0,Transferencia SPEI
TRX-95404,SOC-2094,PROD-508,2024-02-29,250.0,Tarjeta de Crédito
TRX-95405,SOC-3094,PROD-509,2024-08-07,400.0,Efectivo
TRX-95406,SOC-2438,PROD-504,2026-03-31,950.0,Efectivo
TRX-95407,SOC-3543,PROD-504,2025-09-18,863.73,Efectivo
TRX-95408,SOC-3237,PROD-508,2024-11-13,250.0,Tarjeta de Débito
TRX-95409,SOC-3259,PROD-504,2025-03-18,950.0,Tarjeta de Crédito
TRX-95410,SOC-2643,PROD-508,2025-12-30,250.0,Transferencia SPEI
TRX-95411,SOC-2905,PROD-502,2025-12-12,1300.0,Efectivo
TRX-95412,SOC-2402,PROD-512,2026-02-25,35.0,Efectivo
TRX-95413,SOC-3361,PROD-501,2025-04-12,650.0,Tarjeta de Crédito
TRX-95414,SOC-3648,PROD-506,2026-03-03,550.0,Tarjeta de Débito
TRX-95415,SOC-3149,PROD-503,2025-02-03,6999.0,Tarjeta de Crédito
TRX-95416,SOC-3741,PROD-506,2024-07-04,550.0,Transferencia SPEI
TRX-95417,SOC-2486,PROD-512,2025-04-27,35.0,Tarjeta de Débito
TRX-95418,SOC-3450,PROD-502,2024-05-24,1300.0,Transferencia SPEI
TRX-95419,SOC-2879,PROD-510,2024-04-16,69.83,Tarjeta de Crédito
TRX-95420,SOC-2402,PROD-503,2024-03-18,6999.0,Tarjeta de Crédito
TRX-95421,SOC-2661,PROD-503,2026-04-04,6999.0,Efectivo
TRX-95422,SOC-3200,PROD-508,2026-03-19,250.0,Tarjeta de Crédito
TRX-95423,SOC-3727,PROD-506,2026-04-09,550.0,Tarjeta de Débito
TRX-95424,SOC-2808,PROD-506,2025-04-07,550.0,Tarjeta de Débito
TRX-95425,SOC-2774,PROD-506,2025-12-17,550.0,Tarjeta de Débito
TRX-95426,SOC-3406,PROD-506,2024-10-13,550.0,Efectivo
TRX-95427,SOC-2225,PROD-509,2024-04-09,400.0,Tarjeta de Débito
TRX-95428,SOC-2175,PROD-504,2025-01-26,950.0,Tarjeta de Crédito
TRX-95429,SOC-3047,PROD-501,2025-12-04,650.0,Efectivo
TRX-95430,SOC-2423,PROD-509,2026-04-25,400.0,Efectivo
TRX-95431,SOC-3414,PROD-510,2024-08-09,75.0,Transferencia SPEI
TRX-95432,SOC-3051,PROD-505,2026-03-10,399.94,Tarjeta de Débito
TRX-95433,SOC-3766,PROD-508,2024-03-23,250.0,Tarjeta de Crédito
TRX-95434,SOC-2340,PROD-501,2024-03-17,650.0,Tarjeta de Crédito
TRX-95435,SOC-2407,PROD-504,2024-11-27,950.0,Efectivo
TRX-95436,SOC-2200,PROD-502,2024-07-08,1300.0,Tarjeta de Crédito
TRX-95437,SOC-2798,PROD-501,2024-07-19,570.54,Transferencia SPEI
TRX-95438,SOC-2597,PROD-508,2025-05-09,216.01,Transferencia SPEI
TRX-95439,SOC-3355,PROD-511,2025-05-09,50.0,Tarjeta de Crédito
TRX-95440,SOC-3589,PROD-508,2025-01-21,214.86,Efectivo
TRX-95441,SOC-2990,PROD-507,2025-10-31,750.0,Efectivo
TRX-95442,SOC-3304,PROD-507,2024-07-08,750.0,Transferencia SPEI
TRX-95443,SOC-2302,PROD-501,2024-10-15,650.0,Transferencia SPEI
TRX-95444,SOC-3149,PROD-501,2025-11-03,650.0,Transferencia SPEI
TRX-95445,SOC-3667,PROD-510,2024-08-15,61.28,Tarjeta de Crédito
TRX-95446,SOC-2793,PROD-505,2025-11-01,480.0,Transferencia SPEI
TRX-95447,SOC-2526,PROD-510,2025-03-15,75.0,Efectivo
TRX-95448,SOC-3206,PROD-510,2024-03-26,75.0,Tarjeta de Débito
TRX-95449,SOC-3471,PROD-511,2026-02-09,50.0,Efectivo
TRX-95450,SOC-2793,PROD-505,2026-03-26,480.0,Efectivo
TRX-95451,SOC-3157,PROD-512,2025-12-27,35.0,Efectivo
TRX-95452,SOC-2470,PROD-505,2024-05-13,480.0,Efectivo
TRX-95453,SOC-3445,PROD-510,2025-04-06,75.0,Efectivo
TRX-95454,SOC-3132,PROD-502,2026-01-25,1300.0,Efectivo
TRX-95455,SOC-2385,PROD-507,2025-07-11,668.48,Efectivo
TRX-95456,SOC-2947,PROD-505,2024-06-28,432.09000000000003,Tarjeta de Crédito
TRX-95457,SOC-2138,PROD-510,2024-09-11,75.0,Transferencia SPEI
TRX-95458,SOC-3493,PROD-503,2026-03-10,6999.0,Tarjeta de Crédito
TRX-95459,SOC-2823,PROD-501,2024-05-23,650.0,Transferencia SPEI
TRX-95460,SOC-3171,PROD-512,2026-02-13,29.53,Transferencia SPEI
TRX-95461,SOC-2752,PROD-505,2025-06-10,393.73,Tarjeta de Crédito
TRX-95462,SOC-2408,PROD-506,2025-07-12,550.0,Tarjeta de Débito
TRX-95463,SOC-2394,PROD-511,2025-09-28,50.0,Efectivo
TRX-95464,SOC-2837,PROD-506,2025-04-04,550.0,Tarjeta de Débito
TRX-95465,SOC-3744,PROD-502,2025-05-06,1300.0,Tarjeta de Débito
TRX-95466,SOC-2773,PROD-510,2024-08-10,75.0,Tarjeta de Débito
TRX-95467,SOC-2251,PROD-501,2024-06-15,650.0,Tarjeta de Débito
TRX-95468,SOC-2097,PROD-502,2024-06-03,1300.0,Tarjeta de Crédito
TRX-95469,SOC-2388,PROD-502,2025-08-08,1300.0,Transferencia SPEI
TRX-95470,SOC-3160,PROD-510,2024-01-13,75.0,Tarjeta de Débito
TRX-95471,SOC-3655,PROD-510,2025-04-09,60.8,Efectivo
TRX-95472,SOC-3756,PROD-508,2025-12-17,236.28,Transferencia SPEI
TRX-95473,SOC-3025,PROD-508,2024-02-28,250.0,Tarjeta de Débito
TRX-95474,SOC-2151,PROD-503,2024-09-16,6999.0,Transferencia SPEI
TRX-95475,SOC-2010,PROD-506,2024-04-05,550.0,Tarjeta de Débito
TRX-95476,SOC-3108,PROD-504,2026-02-18,950.0,Tarjeta de Débito
TRX-95477,SOC-2428,PROD-504,2025-04-03,950.0,Tarjeta de Débito
TRX-95478,SOC-2237,PROD-509,2025-04-09,400.0,Transferencia SPEI
TRX-95479,SOC-2937,PROD-508,2025-11-14,250.0,Efectivo
TRX-95480,SOC-2020,PROD-507,2024-10-13,750.0,Tarjeta de Débito
TRX-95481,SOC-3344,PROD-512,2025-08-24,35.0,Transferencia SPEI
TRX-95482,SOC-3386,PROD-511,2025-11-15,50.0,Efectivo
TRX-95483,SOC-3309,PROD-508,2026-02-17,250.0,Tarjeta de Crédito
TRX-95484,SOC-2463,PROD-503,2024-09-27,6999.0,Transferencia SPEI
TRX-95485,SOC-3533,PROD-512,2026-01-12,35.0,Transferencia SPEI
TRX-95486,SOC-2541,PROD-506,2024-04-29,550.0,Tarjeta de Débito
TRX-95487,SOC-3112,PROD-505,2025-06-30,480.0,Tarjeta de Débito
TRX-95488,SOC-3436,PROD-508,2026-01-12,250.0,Efectivo
TRX-95489,SOC-3109,PROD-502,2024-12-18,1300.0,Tarjeta de Débito
TRX-95490,SOC-3731,PROD-505,2024-06-15,480.0,Transferencia SPEI
TRX-95491,SOC-3218,PROD-510,2025-01-03,75.0,Tarjeta de Débito
TRX-95492,SOC-3645,PROD-508,2025-02-27,250.0,Efectivo
TRX-95493,SOC-2221,PROD-501,2025-05-10,650.0,Transferencia SPEI
TRX-95494,SOC-2804,PROD-505,2025-04-05,480.0,Tarjeta de Débito
TRX-95495,SOC-2857,PROD-506,2025-04-17,475.86,Transferencia SPEI
TRX-95496,SOC-2311,PROD-503,2025-01-31,6999.0,Tarjeta de Crédito
TRX-95497,SOC-2607,PROD-509,2024-12-11,400.0,Efectivo
TRX-95498,SOC-3553,PROD-504,2025-08-16,830.19,Transferencia SPEI
TRX-95499,SOC-3083,PROD-506,2026-01-29,550.0,Transferencia SPEI
TRX-95500,SOC-2777,PROD-512,2025-08-27,35.0,Tarjeta de Crédito
TRX-95501,SOC-3773,PROD-511,2026-01-05,50.0,Efectivo
TRX-95502,SOC-2448,PROD-509,2024-05-15,400.0,Transferencia SPEI
TRX-95503,SOC-2070,PROD-510,2026-02-24,75.0,Transferencia SPEI
TRX-95504,SOC-2935,PROD-508,2025-09-02,250.0,Efectivo
TRX-95505,SOC-3551,PROD-511,2024-07-29,50.0,Transferencia SPEI
TRX-95506,SOC-2296,PROD-507,2024-08-16,750.0,Tarjeta de Crédito
TRX-95507,SOC-3527,PROD-508,2024-03-12,250.0,Efectivo
TRX-95508,SOC-2113,PROD-508,2026-02-16,250.0,Tarjeta de Débito
TRX-95509,SOC-2253,PROD-503,2025-07-21,6999.0,Tarjeta de Crédito
TRX-95510,SOC-2384,PROD-511,2026-03-23,43.45,Tarjeta de Crédito
TRX-95511,SOC-2589,PROD-504,2024-06-16,950.0,Tarjeta de Crédito
TRX-95512,SOC-2107,PROD-503,2024-08-08,6999.0,Tarjeta de Crédito
TRX-95513,SOC-2517,PROD-505,2025-01-23,427.12,Efectivo
TRX-95514,SOC-3710,PROD-507,2025-08-02,750.0,Tarjeta de Débito
TRX-95515,SOC-3450,PROD-504,2025-11-27,950.0,Transferencia SPEI
TRX-95516,SOC-3254,PROD-506,2025-11-01,494.37,Transferencia SPEI
TRX-95517,SOC-2662,PROD-503,2025-09-05,6999.0,Tarjeta de Crédito
TRX-95518,SOC-3036,PROD-506,2024-09-05,550.0,Efectivo
TRX-95519,SOC-2068,PROD-507,2024-09-28,750.0,Tarjeta de Débito
TRX-95520,SOC-2589,PROD-509,2025-05-05,400.0,Tarjeta de Débito
TRX-95521,SOC-2503,PROD-502,2024-04-29,1300.0,Efectivo
TRX-95522,SOC-2525,PROD-503,2025-01-05,6999.0,Tarjeta de Débito
TRX-95523,SOC-2294,PROD-509,2026-04-01,365.15,Transferencia SPEI
TRX-95524,SOC-2841,PROD-505,2024-05-15,480.0,Efectivo
TRX-95525,SOC-2983,PROD-509,2025-03-10,400.0,Transferencia SPEI
TRX-95526,SOC-3115,PROD-507,2024-01-29,750.0,Efectivo
TRX-95527,SOC-2469,PROD-512,2025-08-27,35.0,Tarjeta de Crédito
TRX-95528,SOC-2251,PROD-504,2024-03-17,950.0,Efectivo
TRX-95529,SOC-2191,PROD-510,2026-01-04,75.0,Transferencia SPEI
TRX-95530,SOC-2850,PROD-504,2025-08-29,950.0,Tarjeta de Crédito
TRX-95531,SOC-3106,PROD-508,2025-08-02,250.0,Transferencia SPEI
TRX-95532,SOC-2327,PROD-509,2025-05-23,400.0,Efectivo
TRX-95533,SOC-2516,PROD-503,2026-04-04,6999.0,Tarjeta de Débito
TRX-95534,SOC-3633,PROD-507,2024-06-26,750.0,Efectivo
TRX-95535,SOC-2971,PROD-511,2025-08-14,50.0,Tarjeta de Débito
TRX-95536,SOC-2236,PROD-507,2024-01-09,750.0,Tarjeta de Crédito
TRX-95537,SOC-3110,PROD-509,2025-06-02,379.73,Tarjeta de Débito
TRX-95538,SOC-2161,PROD-512,2024-02-12,35.0,Transferencia SPEI
TRX-95539,SOC-2640,PROD-506,2025-12-02,445.03,Tarjeta de Crédito
TRX-95540,SOC-3395,PROD-503,2026-01-18,6999.0,Efectivo
TRX-95541,SOC-2169,PROD-512,2025-05-15,35.0,Tarjeta de Débito
TRX-95542,SOC-2557,PROD-502,2025-02-11,1300.0,Transferencia SPEI
TRX-95543,SOC-3269,PROD-503,2025-11-05,6999.0,Efectivo
TRX-95544,SOC-2114,PROD-505,2025-02-19,480.0,Transferencia SPEI
TRX-95545,SOC-2655,PROD-511,2026-01-27,46.77,Tarjeta de Crédito
TRX-95546,SOC-2831,PROD-511,2025-11-27,50.0,Tarjeta de Débito
TRX-95547,SOC-2565,PROD-503,2026-04-25,5738.07,Transferencia SPEI
TRX-95548,SOC-2114,PROD-508,2025-07-01,250.0,Tarjeta de Débito
TRX-95549,SOC-2599,PROD-512,2025-07-09,35.0,Tarjeta de Crédito
TRX-95550,SOC-2414,PROD-501,2025-08-09,650.0,Transferencia SPEI
TRX-95551,SOC-2291,PROD-504,2025-12-06,950.0,Transferencia SPEI
TRX-95552,SOC-3096,PROD-512,2025-10-21,32.99,Efectivo
TRX-95553,SOC-3771,PROD-505,2024-12-09,480.0,Tarjeta de Crédito
TRX-95554,SOC-2470,PROD-503,2025-02-14,6999.0,Tarjeta de Débito
TRX-95555,SOC-3519,PROD-511,2025-06-28,50.0,Efectivo
TRX-95556,SOC-3272,PROD-511,2025-04-16,44.76,Efectivo
TRX-95557,SOC-3159,PROD-507,2025-05-23,750.0,Transferencia SPEI
TRX-95558,SOC-3371,PROD-503,2024-01-29,6999.0,Tarjeta de Débito
TRX-95559,SOC-2151,PROD-510,2024-05-13,61.71,Tarjeta de Crédito
TRX-95560,SOC-3126,PROD-512,2026-01-08,35.0,Tarjeta de Crédito
TRX-95561,SOC-2465,PROD-512,2024-06-01,35.0,Transferencia SPEI
TRX-95562,SOC-3724,PROD-501,2024-10-02,650.0,Tarjeta de Crédito
TRX-95563,SOC-3545,PROD-508,2025-08-22,250.0,Tarjeta de Crédito
TRX-95564,SOC-3216,PROD-502,2024-12-17,1300.0,Tarjeta de Débito
TRX-95565,SOC-2661,PROD-502,2024-03-20,1300.0,Tarjeta de Crédito
TRX-95566,SOC-3643,PROD-510,2025-10-23,75.0,Tarjeta de Débito
TRX-95567,SOC-3232,PROD-503,2024-01-20,6999.0,Transferencia SPEI
TRX-95568,SOC-2685,PROD-508,2024-11-05,250.0,Efectivo
TRX-95569,SOC-3622,PROD-505,2024-07-06,480.0,Transferencia SPEI
TRX-95570,SOC-3694,PROD-504,2025-08-19,950.0,Transferencia SPEI
TRX-95571,SOC-2267,PROD-506,2025-09-07,446.13,Tarjeta de Crédito
TRX-95572,SOC-3420,PROD-502,2024-07-01,1300.0,Transferencia SPEI
TRX-95573,SOC-3491,PROD-508,2024-08-29,250.0,Transferencia SPEI
TRX-95574,SOC-3451,PROD-508,2025-05-06,250.0,Tarjeta de Débito
TRX-95575,SOC-2609,PROD-504,2025-10-12,950.0,Tarjeta de Débito
TRX-95576,SOC-3762,PROD-505,2025-09-29,480.0,Transferencia SPEI
TRX-95577,SOC-2338,PROD-510,2025-01-20,75.0,Efectivo
TRX-95578,SOC-2692,PROD-507,2026-02-09,750.0,Tarjeta de Débito
TRX-95579,SOC-2457,PROD-509,2025-11-23,400.0,Tarjeta de Crédito
TRX-95580,SOC-3257,PROD-510,2024-02-18,75.0,Tarjeta de Crédito
TRX-95581,SOC-2554,PROD-509,2025-10-24,362.19,Tarjeta de Débito
TRX-95582,SOC-2965,PROD-510,2025-03-04,75.0,Efectivo
TRX-95583,SOC-3477,PROD-501,2025-08-04,650.0,Efectivo
TRX-95584,SOC-2859,PROD-512,2024-12-28,35.0,Transferencia SPEI
TRX-95585,SOC-2851,PROD-503,2024-10-21,6999.0,Transferencia SPEI
TRX-95586,SOC-2783,PROD-512,2026-03-08,35.0,Tarjeta de Crédito
TRX-95587,SOC-2258,PROD-506,2024-09-24,550.0,Efectivo
TRX-95588,SOC-2453,PROD-507,2026-03-11,750.0,Efectivo
TRX-95589,SOC-3220,PROD-502,2026-01-05,1300.0,Efectivo
TRX-95590,SOC-2206,PROD-511,2024-12-06,45.69,Efectivo
TRX-95591,SOC-3541,PROD-508,2024-07-07,250.0,Transferencia SPEI
TRX-95592,SOC-2637,PROD-502,2024-09-21,1300.0,Tarjeta de Débito
TRX-95593,SOC-2863,PROD-510,2026-03-17,71.12,Efectivo
TRX-95594,SOC-3069,PROD-505,2024-05-08,480.0,Tarjeta de Crédito
TRX-95595,SOC-2446,PROD-506,2025-09-17,550.0,Tarjeta de Débito
TRX-95596,SOC-2919,PROD-505,2024-06-16,480.0,Tarjeta de Crédito
TRX-95597,SOC-3709,PROD-511,2026-02-19,50.0,Transferencia SPEI
TRX-95598,SOC-3402,PROD-507,2025-12-11,750.0,Transferencia SPEI
TRX-95599,SOC-3633,PROD-502,2024-12-27,1300.0,Efectivo
TRX-95600,SOC-3618,PROD-503,2024-06-19,6999.0,Tarjeta de Crédito
TRX-95601,SOC-3520,PROD-505,2025-04-21,480.0,Tarjeta de Crédito
TRX-95602,SOC-2825,PROD-506,2024-01-11,505.77,Efectivo
TRX-95603,SOC-3177,PROD-501,2025-12-21,650.0,Efectivo
TRX-95604,SOC-2886,PROD-505,2025-04-09,480.0,Tarjeta de Débito
TRX-95605,SOC-2617,PROD-503,2025-04-07,6999.0,Tarjeta de Crédito
TRX-95606,SOC-3725,PROD-512,2025-12-23,35.0,Tarjeta de Débito
TRX-95607,SOC-3349,PROD-501,2026-01-01,650.0,Tarjeta de Crédito
TRX-95608,SOC-3314,PROD-504,2024-05-07,950.0,Transferencia SPEI
TRX-95609,SOC-3227,PROD-503,2026-01-11,6999.0,Efectivo
TRX-95610,SOC-3505,PROD-507,2025-03-29,750.0,Tarjeta de Débito
TRX-95611,SOC-3170,PROD-504,2025-09-28,950.0,Tarjeta de Crédito
TRX-95612,SOC-3401,PROD-510,2025-02-13,75.0,Tarjeta de Débito
TRX-95613,SOC-2655,PROD-504,2026-01-27,950.0,Tarjeta de Crédito
TRX-95614,SOC-3621,PROD-512,2024-12-21,35.0,Transferencia SPEI
TRX-95615,SOC-3143,PROD-512,2024-08-15,35.0,Tarjeta de Crédito
TRX-95616,SOC-2509,PROD-509,2024-04-10,400.0,Tarjeta de Crédito
TRX-95617,SOC-2041,PROD-508,2024-08-26,250.0,Tarjeta de Crédito
TRX-95618,SOC-3289,PROD-511,2024-08-01,40.11,Transferencia SPEI
TRX-95619,SOC-2636,PROD-502,2024-07-02,1300.0,Transferencia SPEI
TRX-95620,SOC-2520,PROD-501,2025-10-10,650.0,Tarjeta de Débito
TRX-95621,SOC-2391,PROD-512,2026-04-18,35.0,Efectivo
TRX-95622,SOC-2496,PROD-504,2024-12-21,771.99,Transferencia SPEI
TRX-95623,SOC-2099,PROD-503,2024-09-11,6999.0,Tarjeta de Débito
TRX-95624,SOC-2197,PROD-501,2025-05-14,650.0,Tarjeta de Débito
TRX-95625,SOC-2731,PROD-506,2025-07-01,550.0,Efectivo
TRX-95626,SOC-3647,PROD-510,2024-09-30,75.0,Efectivo
TRX-95627,SOC-2560,PROD-503,2024-06-04,6999.0,Tarjeta de Débito
TRX-95628,SOC-2699,PROD-507,2024-11-08,645.71,Tarjeta de Crédito
TRX-95629,SOC-2761,PROD-506,2024-03-30,503.31,Efectivo
TRX-95630,SOC-2996,PROD-509,2024-03-18,400.0,Tarjeta de Crédito
TRX-95631,SOC-3685,PROD-512,2024-12-19,35.0,Tarjeta de Débito
TRX-95632,SOC-3466,PROD-512,2024-08-16,35.0,Tarjeta de Débito
TRX-95633,SOC-3252,PROD-505,2026-02-19,480.0,Transferencia SPEI
TRX-95634,SOC-2226,PROD-506,2025-12-09,550.0,Tarjeta de Débito
TRX-95635,SOC-2734,PROD-508,2024-05-04,250.0,Transferencia SPEI
TRX-95636,SOC-2886,PROD-504,2024-06-26,950.0,Tarjeta de Crédito
TRX-95637,SOC-2569,PROD-507,2024-09-08,624.3199999999999,Efectivo
TRX-95638,SOC-3526,PROD-507,2024-05-17,750.0,Efectivo
TRX-95639,SOC-3375,PROD-511,2025-07-03,50.0,Transferencia SPEI
TRX-95640,SOC-2487,PROD-506,2024-05-14,458.22,Transferencia SPEI
TRX-95641,SOC-2893,PROD-502,2024-11-16,1205.0,Tarjeta de Débito
TRX-95642,SOC-3244,PROD-509,2025-11-06,400.0,Tarjeta de Débito
TRX-95643,SOC-3368,PROD-511,2025-03-06,50.0,Transferencia SPEI
TRX-95644,SOC-3797,PROD-502,2024-11-09,1300.0,Tarjeta de Crédito
TRX-95645,SOC-3419,PROD-507,2024-01-25,750.0,Efectivo
TRX-95646,SOC-3527,PROD-510,2024-02-08,70.37,Tarjeta de Débito
TRX-95647,SOC-3568,PROD-507,2026-01-20,706.87,Tarjeta de Crédito
TRX-95648,SOC-3229,PROD-503,2025-05-12,6999.0,Efectivo
TRX-95649,SOC-3102,PROD-510,2024-07-31,62.26,Transferencia SPEI
TRX-95650,SOC-3345,PROD-502,2025-01-30,1300.0,Efectivo
TRX-95651,SOC-2835,PROD-509,2025-04-29,400.0,Tarjeta de Débito
TRX-95652,SOC-2182,PROD-509,2026-04-16,400.0,Transferencia SPEI
TRX-95653,SOC-3221,PROD-501,2024-12-24,650.0,Transferencia SPEI
TRX-95654,SOC-2685,PROD-507,2026-02-15,750.0,Tarjeta de Crédito
TRX-95655,SOC-2779,PROD-508,2024-06-29,250.0,Efectivo
TRX-95656,SOC-2982,PROD-503,2026-01-01,6999.0,Efectivo
TRX-95657,SOC-3483,PROD-511,2025-07-21,42.480000000000004,Tarjeta de Débito
TRX-95658,SOC-2917,PROD-503,2025-10-09,6999.0,Tarjeta de Crédito
TRX-95659,SOC-2721,PROD-507,2024-10-16,654.48,Efectivo
TRX-95660,SOC-3093,PROD-504,2024-02-20,950.0,Transferencia SPEI
TRX-95661,SOC-3066,PROD-510,2025-08-21,75.0,Tarjeta de Débito
TRX-95662,SOC-2212,PROD-511,2024-09-18,50.0,Tarjeta de Débito
TRX-95663,SOC-3245,PROD-509,2024-07-28,400.0,Efectivo
TRX-95664,SOC-2533,PROD-507,2025-05-07,750.0,Efectivo
TRX-95665,SOC-2891,PROD-507,2025-06-23,750.0,Transferencia SPEI
TRX-95666,SOC-2921,PROD-506,2024-03-11,550.0,Tarjeta de Débito
TRX-95667,SOC-3563,PROD-508,2024-04-13,226.09,Transferencia SPEI
TRX-95668,SOC-2094,PROD-506,2025-11-15,550.0,Tarjeta de Débito
TRX-95669,SOC-3682,PROD-507,2024-07-31,750.0,Tarjeta de Crédito
TRX-95670,SOC-3538,PROD-502,2025-05-30,1112.97,Transferencia SPEI
TRX-95671,SOC-2430,PROD-510,2024-05-30,70.89,Tarjeta de Débito
TRX-95672,SOC-3084,PROD-506,2025-03-14,550.0,Tarjeta de Crédito
TRX-95673,SOC-2492,PROD-508,2025-12-21,250.0,Tarjeta de Crédito
TRX-95674,SOC-2038,PROD-511,2024-07-23,43.79,Transferencia SPEI
TRX-95675,SOC-2222,PROD-510,2026-03-12,75.0,Transferencia SPEI
TRX-95676,SOC-2221,PROD-506,2024-10-16,550.0,Tarjeta de Crédito
TRX-95677,SOC-2026,PROD-502,2024-05-27,1300.0,Efectivo
TRX-95678,SOC-2284,PROD-506,2026-04-17,550.0,Tarjeta de Débito
TRX-95679,SOC-2049,PROD-511,2024-02-29,50.0,Tarjeta de Débito
TRX-95680,SOC-3209,PROD-501,2025-06-03,650.0,Efectivo
TRX-95681,SOC-3364,PROD-510,2025-08-23,75.0,Tarjeta de Crédito
TRX-95682,SOC-3164,PROD-508,2025-02-15,250.0,Tarjeta de Crédito
TRX-95683,SOC-3066,PROD-509,2025-05-04,357.35,Transferencia SPEI
TRX-95684,SOC-2440,PROD-501,2024-07-26,650.0,Tarjeta de Débito
TRX-95685,SOC-2510,PROD-509,2024-08-13,400.0,Efectivo
TRX-95686,SOC-2057,PROD-501,2025-08-17,595.72,Tarjeta de Crédito
TRX-95687,SOC-3260,PROD-505,2025-09-25,480.0,Efectivo
TRX-95688,SOC-3008,PROD-512,2026-01-01,35.0,Transferencia SPEI
TRX-95689,SOC-3164,PROD-510,2025-10-21,75.0,Tarjeta de Débito
TRX-95690,SOC-2847,PROD-507,2024-06-05,750.0,Transferencia SPEI
TRX-95691,SOC-3420,PROD-504,2025-01-02,816.2,Transferencia SPEI
TRX-95692,SOC-2322,PROD-503,2024-12-10,6999.0,Tarjeta de Débito
TRX-95693,SOC-3295,PROD-507,2024-02-27,698.17,Efectivo
TRX-95694,SOC-2266,PROD-504,2024-10-20,848.03,Transferencia SPEI
TRX-95695,SOC-2925,PROD-502,2024-07-07,1300.0,Tarjeta de Débito
TRX-95696,SOC-3063,PROD-510,2026-01-24,68.3,Tarjeta de Crédito
TRX-95697,SOC-3582,PROD-509,2024-01-13,400.0,Transferencia SPEI
TRX-95698,SOC-2825,PROD-507,2024-02-14,750.0,Efectivo
TRX-95699,SOC-3741,PROD-503,2024-08-10,6999.0,Transferencia SPEI
TRX-95700,SOC-3080,PROD-509,2024-10-27,400.0,Transferencia SPEI
TRX-95701,SOC-3301,PROD-510,2024-02-04,75.0,Transferencia SPEI
TRX-95702,SOC-3638,PROD-504,2025-03-02,882.47,Transferencia SPEI
TRX-95703,SOC-3253,PROD-506,2026-04-29,550.0,Tarjeta de Débito
TRX-95704,SOC-2621,PROD-505,2024-06-08,444.47,Tarjeta de Débito
TRX-95705,SOC-3422,PROD-509,2024-06-01,400.0,Transferencia SPEI
TRX-95706,SOC-2392,PROD-512,2024-03-13,35.0,Transferencia SPEI
TRX-95707,SOC-2481,PROD-508,2024-03-19,250.0,Efectivo
TRX-95708,SOC-2464,PROD-502,2024-04-22,1300.0,Efectivo
TRX-95709,SOC-3425,PROD-503,2025-01-24,6999.0,Efectivo
TRX-95710,SOC-2540,PROD-502,2025-09-10,1300.0,Transferencia SPEI
TRX-95711,SOC-2014,PROD-507,2024-03-28,661.4,Efectivo
TRX-95712,SOC-3789,PROD-509,2025-08-04,400.0,Efectivo
TRX-95713,SOC-3702,PROD-502,2026-04-14,1300.0,Tarjeta de Crédito
TRX-95714,SOC-3503,PROD-506,2025-01-22,550.0,Tarjeta de Crédito
TRX-95715,SOC-2623,PROD-512,2025-05-12,35.0,Tarjeta de Crédito
TRX-95716,SOC-2593,PROD-502,2024-02-16,1300.0,Efectivo
TRX-95717,SOC-2576,PROD-502,2024-07-21,1300.0,Efectivo
TRX-95718,SOC-2228,PROD-509,2025-10-10,379.42,Tarjeta de Débito
TRX-95719,SOC-2176,PROD-512,2025-12-21,35.0,Tarjeta de Débito
TRX-95720,SOC-3303,PROD-502,2025-03-31,1300.0,Efectivo
TRX-95721,SOC-2635,PROD-505,2025-04-06,430.0,Efectivo
TRX-95722,SOC-3173,PROD-512,2024-10-08,35.0,Transferencia SPEI
TRX-95723,SOC-2929,PROD-502,2024-10-30,1300.0,Transferencia SPEI
TRX-95724,SOC-3079,PROD-504,2024-03-11,887.6,Tarjeta de Débito
TRX-95725,SOC-3563,PROD-507,2024-10-05,750.0,Tarjeta de Crédito
TRX-95726,SOC-3566,PROD-503,2025-04-13,6999.0,Transferencia SPEI
TRX-95727,SOC-3229,PROD-505,2026-03-20,403.75,Efectivo
TRX-95728,SOC-2456,PROD-504,2025-04-05,950.0,Transferencia SPEI
TRX-95729,SOC-2008,PROD-510,2024-08-23,75.0,Efectivo
TRX-95730,SOC-3451,PROD-504,2025-02-06,950.0,Tarjeta de Débito
TRX-95731,SOC-2183,PROD-503,2026-04-15,6999.0,Tarjeta de Débito
TRX-95732,SOC-2146,PROD-501,2025-01-29,601.14,Transferencia SPEI
TRX-95733,SOC-2719,PROD-504,2024-03-07,950.0,Efectivo
TRX-95734,SOC-2713,PROD-508,2025-02-10,250.0,Efectivo
TRX-95735,SOC-2167,PROD-501,2025-06-30,650.0,Tarjeta de Débito
TRX-95736,SOC-2605,PROD-507,2026-03-16,676.26,Transferencia SPEI
TRX-95737,SOC-2077,PROD-507,2024-10-22,680.9,Tarjeta de Débito
TRX-95738,SOC-3068,PROD-507,2025-04-20,750.0,Transferencia SPEI
TRX-95739,SOC-3587,PROD-511,2025-10-13,50.0,Tarjeta de Débito
TRX-95740,SOC-3042,PROD-505,2025-06-13,455.13,Tarjeta de Crédito
TRX-95741,SOC-2831,PROD-502,2024-01-26,1300.0,Transferencia SPEI
TRX-95742,SOC-3635,PROD-508,2024-01-05,250.0,Transferencia SPEI
TRX-95743,SOC-2996,PROD-504,2025-10-31,950.0,Tarjeta de Débito
TRX-95744,SOC-3220,PROD-504,2026-04-08,950.0,Efectivo
TRX-95745,SOC-2910,PROD-509,2024-04-15,326.9,Transferencia SPEI
TRX-95746,SOC-2219,PROD-510,2025-12-21,75.0,Efectivo
TRX-95747,SOC-2075,PROD-505,2025-09-22,389.62,Tarjeta de Débito
TRX-95748,SOC-2587,PROD-505,2024-03-29,480.0,Tarjeta de Débito
TRX-95749,SOC-2685,PROD-510,2025-03-09,75.0,Tarjeta de Crédito
TRX-95750,SOC-2476,PROD-504,2025-11-12,950.0,Tarjeta de Débito
TRX-95751,SOC-3360,PROD-510,2026-01-17,75.0,Tarjeta de Débito
TRX-95752,SOC-2767,PROD-503,2024-08-22,6999.0,Efectivo
TRX-95753,SOC-2984,PROD-511,2024-01-28,50.0,Tarjeta de Crédito
TRX-95754,SOC-2738,PROD-504,2024-01-02,950.0,Efectivo
TRX-95755,SOC-2638,PROD-510,2025-12-12,75.0,Tarjeta de Crédito
TRX-95756,SOC-2788,PROD-511,2025-02-17,50.0,Tarjeta de Crédito
TRX-95757,SOC-3474,PROD-507,2026-01-04,629.28,Transferencia SPEI
TRX-95758,SOC-3327,PROD-508,2024-08-29,220.46,Tarjeta de Débito
TRX-95759,SOC-3564,PROD-507,2025-12-12,750.0,Tarjeta de Débito
TRX-95760,SOC-3038,PROD-508,2026-01-04,250.0,Tarjeta de Crédito
TRX-95761,SOC-3624,PROD-512,2026-04-11,35.0,Tarjeta de Débito
TRX-95762,SOC-3733,PROD-509,2025-01-20,400.0,Tarjeta de Crédito
TRX-95763,SOC-3712,PROD-510,2024-06-06,75.0,Transferencia SPEI
TRX-95764,SOC-3134,PROD-508,2025-11-10,211.2,Tarjeta de Crédito
TRX-95765,SOC-2561,PROD-510,2024-07-24,75.0,Transferencia SPEI
TRX-95766,SOC-3248,PROD-507,2025-03-26,750.0,Transferencia SPEI
TRX-95767,SOC-2013,PROD-506,2025-01-07,550.0,Efectivo
TRX-95768,SOC-2979,PROD-504,2026-04-24,950.0,Tarjeta de Crédito
TRX-95769,SOC-2243,PROD-512,2024-05-04,35.0,Tarjeta de Débito
TRX-95770,SOC-2051,PROD-507,2025-12-15,750.0,Tarjeta de Crédito
TRX-95771,SOC-3796,PROD-506,2026-02-07,550.0,Tarjeta de Débito
TRX-95772,SOC-2821,PROD-504,2026-04-19,950.0,Transferencia SPEI
TRX-95773,SOC-2032,PROD-502,2024-10-30,1300.0,Tarjeta de Débito
TRX-95774,SOC-2739,PROD-508,2024-01-06,250.0,Tarjeta de Crédito
TRX-95775,SOC-3228,PROD-512,2024-08-31,35.0,Tarjeta de Crédito
TRX-95776,SOC-2974,PROD-512,2024-04-11,35.0,Transferencia SPEI
TRX-95777,SOC-2815,PROD-512,2025-08-20,35.0,Tarjeta de Débito
TRX-95778,SOC-2660,PROD-503,2025-09-10,6999.0,Efectivo
TRX-95779,SOC-2675,PROD-501,2025-09-28,650.0,Transferencia SPEI
TRX-95780,SOC-2110,PROD-501,2024-02-19,650.0,Efectivo
TRX-95781,SOC-3367,PROD-512,2024-02-26,31.53,Efectivo
TRX-95782,SOC-2851,PROD-502,2025-08-22,1300.0,Tarjeta de Débito
TRX-95783,SOC-3614,PROD-505,2026-02-28,480.0,Efectivo
TRX-95784,SOC-2286,PROD-502,2024-08-24,1103.85,Tarjeta de Crédito
TRX-95785,SOC-3342,PROD-504,2025-06-27,950.0,Transferencia SPEI
TRX-95786,SOC-3705,PROD-510,2025-10-01,63.6,Transferencia SPEI
TRX-95787,SOC-2980,PROD-503,2024-07-20,6999.0,Tarjeta de Crédito
TRX-95788,SOC-2151,PROD-501,2024-09-27,650.0,Efectivo
TRX-95789,SOC-3012,PROD-511,2025-04-22,50.0,Tarjeta de Crédito
TRX-95790,SOC-3287,PROD-507,2025-01-06,750.0,Transferencia SPEI
TRX-95791,SOC-2144,PROD-510,2024-05-21,70.44,Tarjeta de Crédito
TRX-95792,SOC-3800,PROD-503,2024-01-22,6999.0,Efectivo
TRX-95793,SOC-3078,PROD-512,2025-02-11,35.0,Efectivo
TRX-95794,SOC-2985,PROD-507,2024-03-05,750.0,Tarjeta de Crédito
TRX-95795,SOC-3697,PROD-501,2024-06-08,650.0,Tarjeta de Débito
TRX-95796,SOC-3566,PROD-502,2025-12-07,1300.0,Tarjeta de Crédito
TRX-95797,SOC-2868,PROD-509,2024-07-12,400.0,Efectivo
TRX-95798,SOC-2848,PROD-508,2025-03-20,250.0,Tarjeta de Crédito
TRX-95799,SOC-2302,PROD-504,2026-03-11,950.0,Efectivo
TRX-95800,SOC-3461,PROD-510,2026-01-21,75.0,Tarjeta de Crédito
TRX-95801,SOC-2704,PROD-503,2026-03-18,6999.0,Tarjeta de Crédito
TRX-95802,SOC-3301,PROD-507,2026-04-04,750.0,Efectivo
TRX-95803,SOC-2359,PROD-507,2025-09-08,750.0,Tarjeta de Débito
TRX-95804,SOC-3240,PROD-510,2025-08-04,75.0,Tarjeta de Crédito
TRX-95805,SOC-2382,PROD-506,2024-07-08,550.0,Transferencia SPEI
TRX-95806,SOC-3560,PROD-505,2024-09-21,480.0,Tarjeta de Débito
TRX-95807,SOC-3557,PROD-504,2026-03-31,950.0,Transferencia SPEI
TRX-95808,SOC-3571,PROD-512,2026-01-17,35.0,Efectivo
TRX-95809,SOC-3787,PROD-502,2024-03-17,1300.0,Tarjeta de Crédito
TRX-95810,SOC-2453,PROD-501,2025-03-12,650.0,Efectivo
TRX-95811,SOC-2657,PROD-509,2025-05-26,400.0,Tarjeta de Débito
TRX-95812,SOC-2650,PROD-512,2024-12-22,35.0,Efectivo
TRX-95813,SOC-3579,PROD-511,2025-02-01,50.0,Tarjeta de Crédito
TRX-95814,SOC-3598,PROD-508,2025-06-27,250.0,Efectivo
TRX-95815,SOC-2352,PROD-506,2025-08-13,509.96,Tarjeta de Débito
TRX-95816,SOC-2800,PROD-504,2025-04-24,950.0,Transferencia SPEI
TRX-95817,SOC-2366,PROD-512,2025-02-10,35.0,Efectivo
TRX-95818,SOC-2444,PROD-503,2024-07-13,6999.0,Tarjeta de Débito
TRX-95819,SOC-2149,PROD-509,2026-03-26,342.65,Tarjeta de Débito
TRX-95820,SOC-3348,PROD-510,2025-08-26,75.0,Transferencia SPEI
TRX-95821,SOC-2960,PROD-504,2026-01-08,950.0,Tarjeta de Crédito
TRX-95822,SOC-3233,PROD-506,2025-05-15,550.0,Tarjeta de Débito
TRX-95823,SOC-3564,PROD-506,2024-03-10,550.0,Tarjeta de Crédito
TRX-95824,SOC-2522,PROD-512,2025-04-07,35.0,Efectivo
TRX-95825,SOC-2151,PROD-502,2025-05-05,1300.0,Transferencia SPEI
TRX-95826,SOC-2934,PROD-501,2024-08-11,650.0,Transferencia SPEI
TRX-95827,SOC-2304,PROD-506,2025-02-06,550.0,Transferencia SPEI
TRX-95828,SOC-3768,PROD-507,2024-04-16,671.46,Tarjeta de Débito
TRX-95829,SOC-3496,PROD-503,2024-07-29,6999.0,Efectivo
TRX-95830,SOC-3113,PROD-501,2025-01-05,650.0,Tarjeta de Crédito
TRX-95831,SOC-2066,PROD-512,2025-06-04,35.0,Tarjeta de Crédito
TRX-95832,SOC-3287,PROD-505,2025-10-14,480.0,Transferencia SPEI
TRX-95833,SOC-2458,PROD-503,2026-03-29,5716.8099999999995,Tarjeta de Crédito
TRX-95834,SOC-2171,PROD-503,2025-10-13,6999.0,Transferencia SPEI
TRX-95835,SOC-2724,PROD-505,2025-07-11,480.0,Tarjeta de Crédito
TRX-95836,SOC-2006,PROD-508,2024-05-16,214.36,Efectivo
TRX-95837,SOC-3128,PROD-505,2024-05-21,480.0,Tarjeta de Débito
TRX-95838,SOC-3700,PROD-511,2024-03-12,50.0,Tarjeta de Crédito
TRX-95839,SOC-3004,PROD-510,2025-12-15,75.0,Tarjeta de Crédito
TRX-95840,SOC-3289,PROD-507,2024-11-30,642.22,Tarjeta de Débito
TRX-95841,SOC-2724,PROD-506,2024-04-03,550.0,Efectivo
TRX-95842,SOC-2038,PROD-506,2024-03-23,513.03,Tarjeta de Débito
TRX-95843,SOC-3411,PROD-509,2026-02-26,400.0,Tarjeta de Crédito
TRX-95844,SOC-2264,PROD-507,2024-06-26,750.0,Efectivo
TRX-95845,SOC-2027,PROD-504,2025-03-04,838.12,Tarjeta de Crédito
TRX-95846,SOC-2493,PROD-506,2024-02-09,550.0,Tarjeta de Crédito
TRX-95847,SOC-2006,PROD-512,2024-07-13,35.0,Tarjeta de Crédito
TRX-95848,SOC-3797,PROD-511,2024-10-08,50.0,Transferencia SPEI
TRX-95849,SOC-2678,PROD-504,2025-08-11,840.55,Tarjeta de Crédito
TRX-95850,SOC-3740,PROD-509,2024-01-31,400.0,Efectivo
TRX-95851,SOC-3785,PROD-507,2025-12-27,750.0,Efectivo
TRX-95852,SOC-2865,PROD-507,2025-09-18,750.0,Transferencia SPEI
TRX-95853,SOC-3489,PROD-511,2024-11-08,45.95,Efectivo
TRX-95854,SOC-2521,PROD-506,2024-10-12,550.0,Efectivo
TRX-95855,SOC-2039,PROD-507,2024-04-11,750.0,Tarjeta de Débito
TRX-95856,SOC-3189,PROD-508,2024-01-05,217.0,Tarjeta de Débito
TRX-95857,SOC-3616,PROD-512,2024-12-05,35.0,Efectivo
TRX-95858,SOC-2675,PROD-512,2025-11-02,31.11,Tarjeta de Crédito
TRX-95859,SOC-3189,PROD-507,2026-04-30,750.0,Efectivo
TRX-95860,SOC-3201,PROD-503,2024-10-29,6272.51,Tarjeta de Débito
TRX-95861,SOC-3676,PROD-501,2025-10-31,650.0,Transferencia SPEI
TRX-95862,SOC-3261,PROD-510,2025-12-23,75.0,Tarjeta de Crédito
TRX-95863,SOC-2251,PROD-506,2024-06-15,550.0,Tarjeta de Débito
TRX-95864,SOC-2328,PROD-512,2024-09-07,35.0,Tarjeta de Crédito
TRX-95865,SOC-3354,PROD-509,2024-02-19,400.0,Tarjeta de Crédito
TRX-95866,SOC-2934,PROD-511,2025-03-31,50.0,Tarjeta de Crédito
TRX-95867,SOC-2717,PROD-505,2026-01-27,405.64,Tarjeta de Débito
TRX-95868,SOC-3018,PROD-507,2024-06-27,750.0,Tarjeta de Crédito
TRX-95869,SOC-3221,PROD-506,2024-02-17,550.0,Efectivo
TRX-95870,SOC-2238,PROD-506,2026-03-05,550.0,Tarjeta de Débito
TRX-95871,SOC-2655,PROD-509,2025-12-03,400.0,Tarjeta de Crédito
TRX-95872,SOC-2949,PROD-508,2025-12-22,250.0,Tarjeta de Crédito
TRX-95873,SOC-2824,PROD-501,2024-08-14,574.1,Efectivo
TRX-95874,SOC-2488,PROD-501,2024-09-17,650.0,Tarjeta de Débito
TRX-95875,SOC-3644,PROD-509,2026-03-27,400.0,Transferencia SPEI
TRX-95876,SOC-2242,PROD-509,2025-03-18,326.67,Tarjeta de Débito
TRX-95877,SOC-3694,PROD-503,2024-07-01,6999.0,Tarjeta de Crédito
TRX-95878,SOC-2754,PROD-512,2024-12-02,35.0,Tarjeta de Débito
TRX-95879,SOC-3354,PROD-512,2025-01-08,35.0,Tarjeta de Crédito
TRX-95880,SOC-2093,PROD-506,2026-01-24,550.0,Transferencia SPEI
TRX-95881,SOC-2908,PROD-506,2025-03-31,550.0,Efectivo
TRX-95882,SOC-2220,PROD-511,2024-07-11,50.0,Tarjeta de Crédito
TRX-95883,SOC-2038,PROD-512,2024-11-08,35.0,Transferencia SPEI
TRX-95884,SOC-2844,PROD-503,2025-03-28,6999.0,Tarjeta de Débito
TRX-95885,SOC-3571,PROD-511,2024-04-16,44.58,Tarjeta de Débito
TRX-95886,SOC-3087,PROD-510,2025-04-20,75.0,Efectivo
TRX-95887,SOC-3635,PROD-502,2024-12-22,1300.0,Tarjeta de Crédito
TRX-95888,SOC-2372,PROD-502,2026-03-06,1300.0,Transferencia SPEI
TRX-95889,SOC-3453,PROD-509,2025-09-01,400.0,Efectivo
TRX-95890,SOC-2016,PROD-509,2024-07-19,400.0,Transferencia SPEI
TRX-95891,SOC-3395,PROD-512,2024-03-13,30.59,Tarjeta de Crédito
TRX-95892,SOC-2015,PROD-511,2025-05-22,50.0,Efectivo
TRX-95893,SOC-3517,PROD-502,2026-02-04,1300.0,Transferencia SPEI
TRX-95894,SOC-3183,PROD-510,2024-05-09,75.0,Tarjeta de Débito
TRX-95895,SOC-3426,PROD-507,2024-02-19,750.0,Tarjeta de Crédito
TRX-95896,SOC-2433,PROD-509,2025-11-24,400.0,Tarjeta de Débito
TRX-95897,SOC-3698,PROD-503,2025-06-09,6999.0,Transferencia SPEI
TRX-95898,SOC-3050,PROD-511,2024-04-17,50.0,Tarjeta de Débito
TRX-95899,SOC-3590,PROD-504,2025-08-12,950.0,Tarjeta de Crédito
TRX-95900,SOC-2105,PROD-512,2025-08-05,33.23,Tarjeta de Crédito
TRX-95901,SOC-3017,PROD-510,2024-10-18,75.0,Tarjeta de Débito
TRX-95902,SOC-3602,PROD-505,2024-11-16,480.0,Tarjeta de Débito
TRX-95903,SOC-3781,PROD-505,2024-10-10,386.65999999999997,Transferencia SPEI
TRX-95904,SOC-2826,PROD-510,2026-04-28,75.0,Transferencia SPEI
TRX-95905,SOC-2278,PROD-507,2025-10-17,750.0,Tarjeta de Débito
TRX-95906,SOC-2584,PROD-511,2024-08-25,50.0,Transferencia SPEI
TRX-95907,SOC-3701,PROD-506,2025-08-04,490.24,Tarjeta de Débito
TRX-95908,SOC-2511,PROD-506,2025-08-16,550.0,Tarjeta de Crédito
TRX-95909,SOC-3252,PROD-509,2024-12-03,400.0,Efectivo
TRX-95910,SOC-2947,PROD-510,2025-12-21,75.0,Transferencia SPEI
TRX-95911,SOC-2746,PROD-509,2024-11-17,400.0,Tarjeta de Crédito
TRX-95912,SOC-3377,PROD-508,2024-12-03,250.0,Efectivo
TRX-95913,SOC-2775,PROD-508,2025-06-22,250.0,Tarjeta de Crédito
TRX-95914,SOC-2628,PROD-511,2024-02-09,50.0,Tarjeta de Crédito
TRX-95915,SOC-2117,PROD-508,2025-10-29,250.0,Transferencia SPEI
TRX-95916,SOC-2954,PROD-507,2024-04-06,750.0,Tarjeta de Crédito
TRX-95917,SOC-2648,PROD-511,2024-01-27,50.0,Efectivo
TRX-95918,SOC-3008,PROD-509,2025-07-01,400.0,Tarjeta de Crédito
TRX-95919,SOC-2305,PROD-504,2024-07-21,950.0,Tarjeta de Débito
TRX-95920,SOC-2579,PROD-501,2024-08-29,650.0,Transferencia SPEI
TRX-95921,SOC-3192,PROD-510,2025-09-10,75.0,Tarjeta de Débito
TRX-95922,SOC-3397,PROD-501,2026-01-15,650.0,Efectivo
TRX-95923,SOC-3567,PROD-503,2026-04-21,6999.0,Transferencia SPEI
TRX-95924,SOC-2646,PROD-504,2024-06-11,950.0,Tarjeta de Débito
TRX-95925,SOC-3423,PROD-511,2025-12-28,50.0,Efectivo
TRX-95926,SOC-2584,PROD-510,2025-04-06,75.0,Efectivo
TRX-95927,SOC-2386,PROD-503,2024-05-11,6999.0,Transferencia SPEI
TRX-95928,SOC-2998,PROD-502,2024-10-26,1300.0,Tarjeta de Débito
TRX-95929,SOC-2069,PROD-510,2024-09-05,75.0,Tarjeta de Débito
TRX-95930,SOC-2754,PROD-506,2025-12-12,550.0,Efectivo
TRX-95931,SOC-2305,PROD-501,2024-02-11,650.0,Transferencia SPEI
TRX-95932,SOC-2516,PROD-502,2024-07-18,1300.0,Tarjeta de Débito
TRX-95933,SOC-2544,PROD-506,2025-07-31,550.0,Transferencia SPEI
TRX-95934,SOC-3637,PROD-507,2024-04-23,750.0,Efectivo
TRX-95935,SOC-3129,PROD-510,2024-09-12,75.0,Efectivo
TRX-95936,SOC-3301,PROD-503,2025-05-04,6999.0,Efectivo
TRX-95937,SOC-3726,PROD-507,2024-11-28,629.8199999999999,Efectivo
TRX-95938,SOC-2316,PROD-503,2024-06-02,6999.0,Tarjeta de Crédito
TRX-95939,SOC-3344,PROD-512,2025-10-09,31.22,Tarjeta de Débito
TRX-95940,SOC-2859,PROD-509,2025-12-12,400.0,Efectivo
TRX-95941,SOC-2526,PROD-506,2025-01-13,550.0,Tarjeta de Débito
TRX-95942,SOC-3190,PROD-506,2024-02-22,488.85,Tarjeta de Débito
TRX-95943,SOC-2878,PROD-501,2025-05-26,650.0,Tarjeta de Débito
TRX-95944,SOC-3626,PROD-504,2024-08-25,950.0,Transferencia SPEI
TRX-95945,SOC-2840,PROD-504,2025-08-13,950.0,Efectivo
TRX-95946,SOC-2539,PROD-511,2026-04-23,50.0,Efectivo
TRX-95947,SOC-3065,PROD-503,2025-12-11,6999.0,Tarjeta de Crédito
TRX-95948,SOC-2820,PROD-510,2025-01-21,75.0,Tarjeta de Crédito
TRX-95949,SOC-2869,PROD-510,2024-01-18,75.0,Tarjeta de Crédito
TRX-95950,SOC-2307,PROD-501,2025-07-31,650.0,Tarjeta de Débito
TRX-95951,SOC-3386,PROD-501,2025-02-14,542.11,Efectivo
TRX-95952,SOC-2885,PROD-511,2025-04-18,42.09,Tarjeta de Débito
TRX-95953,SOC-3389,PROD-502,2024-06-25,1194.59,Tarjeta de Crédito
TRX-95954,SOC-2518,PROD-505,2025-09-18,424.58,Transferencia SPEI
TRX-95955,SOC-2336,PROD-502,2025-01-26,1300.0,Efectivo
TRX-95956,SOC-3129,PROD-511,2024-07-17,50.0,Tarjeta de Crédito
TRX-95957,SOC-3205,PROD-512,2025-10-12,35.0,Efectivo
TRX-95958,SOC-3517,PROD-510,2024-06-10,75.0,Transferencia SPEI
TRX-95959,SOC-3604,PROD-511,2025-09-16,47.48,Tarjeta de Débito
TRX-95960,SOC-2460,PROD-501,2025-05-06,600.6,Transferencia SPEI
TRX-95961,SOC-2087,PROD-501,2025-07-26,603.33,Tarjeta de Crédito
TRX-95962,SOC-3337,PROD-508,2025-03-31,250.0,Tarjeta de Crédito
TRX-95963,SOC-2930,PROD-501,2024-11-19,650.0,Tarjeta de Débito
TRX-95964,SOC-3006,PROD-512,2025-07-08,35.0,Transferencia SPEI
TRX-95965,SOC-3617,PROD-503,2025-07-14,6999.0,Efectivo
TRX-95966,SOC-2820,PROD-504,2024-06-03,950.0,Efectivo
TRX-95967,SOC-2163,PROD-503,2025-03-07,6999.0,Efectivo
TRX-95968,SOC-2597,PROD-505,2025-03-01,480.0,Tarjeta de Débito
TRX-95969,SOC-3031,PROD-510,2024-11-27,61.34,Transferencia SPEI
TRX-95970,SOC-2837,PROD-501,2025-08-04,650.0,Efectivo
TRX-95971,SOC-3325,PROD-507,2026-04-30,750.0,Transferencia SPEI
TRX-95972,SOC-2319,PROD-512,2025-10-04,35.0,Tarjeta de Débito
TRX-95973,SOC-2363,PROD-506,2025-04-17,550.0,Transferencia SPEI
TRX-95974,SOC-3424,PROD-505,2025-04-25,480.0,Tarjeta de Débito
TRX-95975,SOC-2029,PROD-508,2024-01-04,250.0,Tarjeta de Débito
TRX-95976,SOC-2854,PROD-506,2025-05-05,550.0,Efectivo
TRX-95977,SOC-2889,PROD-502,2024-05-25,1300.0,Transferencia SPEI
TRX-95978,SOC-2314,PROD-509,2024-11-09,400.0,Efectivo
TRX-95979,SOC-3630,PROD-510,2024-05-19,75.0,Tarjeta de Crédito
TRX-95980,SOC-2822,PROD-511,2026-01-06,42.67,Transferencia SPEI
TRX-95981,SOC-2527,PROD-502,2025-03-24,1168.3899999999999,Transferencia SPEI
TRX-95982,SOC-2153,PROD-511,2025-06-12,50.0,Efectivo
TRX-95983,SOC-2686,PROD-507,2026-01-16,750.0,Efectivo
TRX-95984,SOC-3628,PROD-504,2024-03-17,950.0,Transferencia SPEI
TRX-95985,SOC-2775,PROD-505,2025-04-28,480.0,Tarjeta de Débito
TRX-95986,SOC-3303,PROD-502,2024-05-27,1300.0,Tarjeta de Crédito
TRX-95987,SOC-2253,PROD-503,2026-02-18,6999.0,Tarjeta de Débito
TRX-95988,SOC-2274,PROD-509,2025-12-02,400.0,Tarjeta de Débito
TRX-95989,SOC-3377,PROD-511,2024-10-03,44.51,Efectivo
TRX-95990,SOC-2174,PROD-510,2025-09-10,64.31,Tarjeta de Débito
TRX-95991,SOC-3140,PROD-501,2025-06-18,650.0,Efectivo
TRX-95992,SOC-2966,PROD-501,2025-12-09,650.0,Transferencia SPEI
TRX-95993,SOC-2996,PROD-502,2025-01-10,1300.0,Transferencia SPEI
TRX-95994,SOC-2958,PROD-511,2024-04-15,50.0,Efectivo
TRX-95995,SOC-2966,PROD-505,2024-02-29,480.0,Tarjeta de Crédito
TRX-95996,SOC-2870,PROD-509,2025-08-15,400.0,Transferencia SPEI
TRX-95997,SOC-3223,PROD-507,2025-04-08,750.0,Tarjeta de Débito
TRX-95998,SOC-2845,PROD-502,2025-11-16,1044.98,Efectivo
TRX-95999,SOC-2072,PROD-510,2024-01-01,65.97,Efectivo
TRX-96000,SOC-3017,PROD-509,2026-01-24,400.0,Tarjeta de Crédito
TRX-96001,SOC-2025,PROD-506,2024-02-19,467.63,Transferencia SPEI
TRX-96002,SOC-2335,PROD-511,2026-02-19,50.0,Tarjeta de Crédito
TRX-96003,SOC-3441,PROD-511,2025-09-24,50.0,Efectivo
TRX-96004,SOC-2025,PROD-511,2024-06-25,50.0,Transferencia SPEI
TRX-96005,SOC-2747,PROD-510,2026-03-20,75.0,Tarjeta de Débito
TRX-96006,SOC-3328,PROD-508,2025-11-21,250.0,Tarjeta de Débito
TRX-96007,SOC-3311,PROD-504,2025-09-05,950.0,Transferencia SPEI
TRX-96008,SOC-3533,PROD-505,2024-09-17,480.0,Tarjeta de Crédito
TRX-96009,SOC-2710,PROD-503,2025-01-27,6999.0,Tarjeta de Débito
TRX-96010,SOC-3371,PROD-511,2024-06-18,46.87,Tarjeta de Débito
TRX-96011,SOC-2232,PROD-506,2026-03-08,550.0,Transferencia SPEI
TRX-96012,SOC-2598,PROD-501,2026-03-23,650.0,Tarjeta de Débito
TRX-96013,SOC-2191,PROD-504,2024-09-01,950.0,Tarjeta de Crédito
TRX-96014,SOC-3779,PROD-508,2026-03-19,250.0,Transferencia SPEI
TRX-96015,SOC-3519,PROD-510,2026-02-28,75.0,Transferencia SPEI
TRX-96016,SOC-2777,PROD-509,2024-04-27,400.0,Transferencia SPEI
TRX-96017,SOC-3572,PROD-501,2025-06-26,650.0,Transferencia SPEI
TRX-96018,SOC-3571,PROD-502,2026-04-07,1300.0,Tarjeta de Débito
TRX-96019,SOC-3227,PROD-511,2024-02-17,50.0,Tarjeta de Débito
TRX-96020,SOC-3261,PROD-512,2025-02-04,35.0,Efectivo
TRX-96021,SOC-2564,PROD-505,2025-08-25,480.0,Efectivo
TRX-96022,SOC-2434,PROD-506,2025-05-30,550.0,Tarjeta de Débito
TRX-96023,SOC-3505,PROD-501,2025-11-21,650.0,Tarjeta de Débito
TRX-96024,SOC-2544,PROD-506,2024-01-28,550.0,Transferencia SPEI
TRX-96025,SOC-2429,PROD-503,2024-09-21,6999.0,Tarjeta de Crédito
TRX-96026,SOC-2650,PROD-503,2025-03-27,6999.0,Efectivo
TRX-96027,SOC-2200,PROD-502,2024-04-02,1300.0,Efectivo
TRX-96028,SOC-3436,PROD-509,2025-01-15,400.0,Efectivo
TRX-96029,SOC-3095,PROD-505,2025-02-24,480.0,Tarjeta de Débito
TRX-96030,SOC-3222,PROD-504,2026-04-18,950.0,Tarjeta de Crédito
TRX-96031,SOC-2732,PROD-510,2025-02-25,63.76,Efectivo
TRX-96032,SOC-3677,PROD-511,2025-04-09,50.0,Tarjeta de Crédito
TRX-96033,SOC-3333,PROD-505,2025-12-10,480.0,Efectivo
TRX-96034,SOC-3798,PROD-501,2024-06-08,533.8,Tarjeta de Débito
TRX-96035,SOC-2318,PROD-506,2025-09-22,550.0,Transferencia SPEI
TRX-96036,SOC-3358,PROD-503,2024-01-09,6999.0,Tarjeta de Débito
TRX-96037,SOC-2608,PROD-509,2026-04-26,400.0,Transferencia SPEI
TRX-96038,SOC-3622,PROD-509,2024-04-14,400.0,Tarjeta de Crédito
TRX-96039,SOC-2132,PROD-505,2025-04-26,480.0,Tarjeta de Débito
TRX-96040,SOC-3247,PROD-512,2025-07-06,35.0,Tarjeta de Débito
TRX-96041,SOC-2792,PROD-501,2024-10-28,650.0,Tarjeta de Crédito
TRX-96042,SOC-2934,PROD-502,2025-05-08,1300.0,Tarjeta de Débito
TRX-96043,SOC-3398,PROD-508,2026-03-24,250.0,Efectivo
TRX-96044,SOC-2538,PROD-507,2024-03-21,750.0,Transferencia SPEI
TRX-96045,SOC-2689,PROD-509,2024-02-18,400.0,Tarjeta de Débito
TRX-96046,SOC-3640,PROD-503,2025-09-28,6999.0,Tarjeta de Crédito
TRX-96047,SOC-2868,PROD-508,2025-03-14,250.0,Transferencia SPEI
TRX-96048,SOC-3208,PROD-509,2025-06-21,400.0,Transferencia SPEI
TRX-96049,SOC-2678,PROD-505,2024-10-12,480.0,Tarjeta de Débito
TRX-96050,SOC-2926,PROD-505,2024-03-11,480.0,Efectivo
TRX-96051,SOC-2237,PROD-510,2024-05-19,75.0,Tarjeta de Crédito
TRX-96052,SOC-2852,PROD-501,2025-12-08,650.0,Transferencia SPEI
TRX-96053,SOC-2373,PROD-512,2025-04-09,35.0,Efectivo
TRX-96054,SOC-3431,PROD-510,2024-08-01,75.0,Tarjeta de Crédito
TRX-96055,SOC-3057,PROD-510,2024-01-28,61.8,Tarjeta de Débito
TRX-96056,SOC-3614,PROD-505,2025-05-05,480.0,Transferencia SPEI
TRX-96057,SOC-3473,PROD-511,2024-12-23,50.0,Efectivo
TRX-96058,SOC-2738,PROD-507,2025-07-21,750.0,Tarjeta de Crédito
TRX-96059,SOC-3445,PROD-503,2025-12-19,6999.0,Efectivo
TRX-96060,SOC-3662,PROD-508,2024-01-29,250.0,Tarjeta de Débito
TRX-96061,SOC-3257,PROD-505,2025-06-14,433.24,Tarjeta de Crédito
TRX-96062,SOC-2210,PROD-507,2024-02-05,697.81,Tarjeta de Débito
TRX-96063,SOC-2495,PROD-504,2024-02-24,950.0,Transferencia SPEI
TRX-96064,SOC-3383,PROD-503,2026-04-07,6999.0,Transferencia SPEI
TRX-96065,SOC-2139,PROD-509,2025-02-27,400.0,Tarjeta de Crédito
TRX-96066,SOC-2583,PROD-505,2025-04-12,480.0,Tarjeta de Débito
TRX-96067,SOC-2857,PROD-504,2024-03-05,950.0,Efectivo
TRX-96068,SOC-2267,PROD-511,2024-03-19,50.0,Efectivo
TRX-96069,SOC-3007,PROD-509,2024-07-09,400.0,Transferencia SPEI
TRX-96070,SOC-3106,PROD-501,2025-02-08,650.0,Tarjeta de Débito
TRX-96071,SOC-3428,PROD-505,2024-12-21,480.0,Tarjeta de Débito
TRX-96072,SOC-3052,PROD-507,2025-01-20,750.0,Transferencia SPEI
TRX-96073,SOC-2668,PROD-512,2024-10-30,28.37,Tarjeta de Crédito
TRX-96074,SOC-3288,PROD-509,2025-11-27,400.0,Tarjeta de Débito
TRX-96075,SOC-2286,PROD-502,2024-06-24,1300.0,Transferencia SPEI
TRX-96076,SOC-2887,PROD-510,2024-02-12,75.0,Tarjeta de Débito
TRX-96077,SOC-3709,PROD-510,2024-10-06,75.0,Tarjeta de Débito
TRX-96078,SOC-2360,PROD-509,2025-05-28,400.0,Tarjeta de Débito
TRX-96079,SOC-2920,PROD-501,2024-12-02,650.0,Tarjeta de Crédito
TRX-96080,SOC-2163,PROD-511,2024-08-13,50.0,Tarjeta de Crédito
TRX-96081,SOC-3669,PROD-510,2025-07-07,75.0,Transferencia SPEI
TRX-96082,SOC-2187,PROD-512,2026-02-11,35.0,Tarjeta de Crédito
TRX-96083,SOC-3528,PROD-503,2024-01-18,6999.0,Transferencia SPEI
TRX-96084,SOC-2782,PROD-509,2025-03-22,400.0,Tarjeta de Crédito
TRX-96085,SOC-3614,PROD-508,2026-02-05,250.0,Transferencia SPEI
TRX-96086,SOC-2279,PROD-507,2025-07-08,750.0,Tarjeta de Débito
TRX-96087,SOC-2382,PROD-508,2024-05-27,250.0,Transferencia SPEI
TRX-96088,SOC-2060,PROD-512,2024-09-06,30.59,Transferencia SPEI
TRX-96089,SOC-2920,PROD-509,2024-08-19,400.0,Transferencia SPEI
TRX-96090,SOC-2164,PROD-512,2024-01-08,35.0,Tarjeta de Crédito
TRX-96091,SOC-3688,PROD-504,2024-09-29,950.0,Tarjeta de Débito
TRX-96092,SOC-3666,PROD-511,2025-12-22,50.0,Tarjeta de Crédito
TRX-96093,SOC-2701,PROD-507,2024-06-26,750.0,Tarjeta de Crédito
TRX-96094,SOC-3759,PROD-508,2025-05-26,250.0,Efectivo
TRX-96095,SOC-2115,PROD-505,2024-12-04,480.0,Tarjeta de Débito
TRX-96096,SOC-3446,PROD-510,2025-04-26,75.0,Tarjeta de Crédito
TRX-96097,SOC-3590,PROD-508,2024-08-13,250.0,Tarjeta de Crédito
TRX-96098,SOC-2349,PROD-509,2024-12-18,400.0,Transferencia SPEI
TRX-96099,SOC-2047,PROD-505,2025-12-27,480.0,Tarjeta de Débito
TRX-96100,SOC-2086,PROD-512,2024-06-05,35.0,Tarjeta de Débito
TRX-96101,SOC-2595,PROD-507,2025-06-17,750.0,Tarjeta de Crédito
TRX-96102,SOC-3186,PROD-508,2025-04-14,250.0,Tarjeta de Débito
TRX-96103,SOC-2214,PROD-502,2025-03-01,1300.0,Efectivo
TRX-96104,SOC-2737,PROD-510,2025-03-07,75.0,Tarjeta de Débito
TRX-96105,SOC-2819,PROD-511,2025-04-16,50.0,Transferencia SPEI
TRX-96106,SOC-3724,PROD-506,2025-01-24,550.0,Tarjeta de Débito
TRX-96107,SOC-2571,PROD-509,2025-11-18,400.0,Tarjeta de Débito
TRX-96108,SOC-3529,PROD-511,2025-03-17,50.0,Tarjeta de Crédito
TRX-96109,SOC-2425,PROD-503,2025-12-29,6999.0,Efectivo
TRX-96110,SOC-3413,PROD-503,2024-10-17,6999.0,Tarjeta de Débito
TRX-96111,SOC-2722,PROD-509,2025-04-21,400.0,Transferencia SPEI
TRX-96112,SOC-2060,PROD-501,2025-11-06,650.0,Tarjeta de Crédito
TRX-96113,SOC-2490,PROD-511,2025-09-21,50.0,Tarjeta de Débito
TRX-96114,SOC-3194,PROD-510,2025-11-24,75.0,Tarjeta de Crédito
TRX-96115,SOC-2864,PROD-505,2024-02-02,480.0,Efectivo
TRX-96116,SOC-3303,PROD-509,2025-08-31,400.0,Efectivo
TRX-96117,SOC-2175,PROD-503,2026-01-05,5746.75,Tarjeta de Crédito
TRX-96118,SOC-3180,PROD-509,2024-01-30,400.0,Tarjeta de Crédito
TRX-96119,SOC-3478,PROD-509,2025-05-25,334.45,Tarjeta de Crédito
TRX-96120,SOC-3115,PROD-504,2024-09-10,950.0,Efectivo
TRX-96121,SOC-2657,PROD-509,2026-03-04,400.0,Efectivo
TRX-96122,SOC-3108,PROD-511,2024-01-18,50.0,Tarjeta de Débito
TRX-96123,SOC-3677,PROD-504,2024-07-30,950.0,Tarjeta de Crédito
TRX-96124,SOC-2668,PROD-507,2025-04-14,640.96,Transferencia SPEI
TRX-96125,SOC-3006,PROD-503,2025-06-07,6999.0,Efectivo
TRX-96126,SOC-2653,PROD-507,2025-01-09,750.0,Tarjeta de Débito
TRX-96127,SOC-2948,PROD-512,2025-08-18,35.0,Tarjeta de Débito
TRX-96128,SOC-2724,PROD-508,2024-12-14,250.0,Tarjeta de Débito
TRX-96129,SOC-2754,PROD-501,2024-12-16,650.0,Tarjeta de Crédito
TRX-96130,SOC-3410,PROD-511,2025-01-31,42.17,Efectivo
TRX-96131,SOC-2908,PROD-502,2024-11-03,1300.0,Tarjeta de Débito
TRX-96132,SOC-2153,PROD-509,2024-08-17,400.0,Tarjeta de Crédito
TRX-96133,SOC-3413,PROD-506,2024-05-14,550.0,Tarjeta de Débito
TRX-96134,SOC-2294,PROD-501,2025-04-09,650.0,Tarjeta de Crédito
TRX-96135,SOC-3587,PROD-502,2025-02-07,1300.0,Efectivo
TRX-96136,SOC-3790,PROD-502,2025-09-16,1300.0,Tarjeta de Crédito
TRX-96137,SOC-2190,PROD-505,2025-01-18,480.0,Tarjeta de Débito
TRX-96138,SOC-2655,PROD-503,2024-03-02,6999.0,Efectivo
TRX-96139,SOC-3617,PROD-511,2024-05-18,50.0,Transferencia SPEI
TRX-96140,SOC-3567,PROD-510,2024-09-25,75.0,Efectivo
TRX-96141,SOC-3051,PROD-512,2026-03-04,35.0,Tarjeta de Débito
TRX-96142,SOC-2117,PROD-504,2026-04-22,950.0,Tarjeta de Crédito
TRX-96143,SOC-2353,PROD-512,2024-04-03,35.0,Tarjeta de Débito
TRX-96144,SOC-3799,PROD-505,2024-01-10,480.0,Tarjeta de Crédito
TRX-96145,SOC-3194,PROD-504,2026-03-02,950.0,Tarjeta de Débito
TRX-96146,SOC-3319,PROD-501,2025-08-12,650.0,Tarjeta de Crédito
TRX-96147,SOC-3633,PROD-512,2024-03-31,35.0,Efectivo
TRX-96148,SOC-2741,PROD-512,2026-04-30,35.0,Tarjeta de Débito
TRX-96149,SOC-2980,PROD-510,2024-11-20,75.0,Efectivo
TRX-96150,SOC-3449,PROD-501,2024-10-16,650.0,Transferencia SPEI
TRX-96151,SOC-3245,PROD-505,2024-03-31,390.42,Tarjeta de Crédito
TRX-96152,SOC-2316,PROD-506,2024-11-05,550.0,Efectivo
TRX-96153,SOC-3134,PROD-510,2024-03-30,75.0,Efectivo
TRX-96154,SOC-2418,PROD-505,2026-01-28,480.0,Tarjeta de Crédito
TRX-96155,SOC-2537,PROD-509,2025-12-28,400.0,Efectivo
TRX-96156,SOC-2414,PROD-504,2025-09-07,950.0,Transferencia SPEI
TRX-96157,SOC-3418,PROD-503,2025-04-17,6999.0,Transferencia SPEI
TRX-96158,SOC-2179,PROD-503,2025-05-20,6999.0,Tarjeta de Crédito
TRX-96159,SOC-2238,PROD-502,2024-06-03,1202.74,Efectivo
TRX-96160,SOC-3426,PROD-512,2024-07-27,35.0,Tarjeta de Crédito
TRX-96161,SOC-2081,PROD-502,2024-10-23,1300.0,Tarjeta de Débito
TRX-96162,SOC-3148,PROD-501,2024-06-15,650.0,Efectivo
TRX-96163,SOC-3139,PROD-509,2025-10-22,400.0,Efectivo
TRX-96164,SOC-3185,PROD-507,2025-11-24,750.0,Tarjeta de Débito
TRX-96165,SOC-2324,PROD-504,2024-04-29,950.0,Efectivo
TRX-96166,SOC-3385,PROD-510,2025-08-27,69.52,Tarjeta de Crédito
TRX-96167,SOC-2394,PROD-506,2025-02-05,550.0,Tarjeta de Crédito
TRX-96168,SOC-2193,PROD-508,2024-06-04,250.0,Transferencia SPEI
TRX-96169,SOC-3767,PROD-511,2025-02-12,50.0,Tarjeta de Débito
TRX-96170,SOC-3458,PROD-512,2024-03-11,35.0,Efectivo
TRX-96171,SOC-2024,PROD-511,2024-08-10,50.0,Efectivo
TRX-96172,SOC-3267,PROD-502,2025-06-02,1300.0,Transferencia SPEI
TRX-96173,SOC-2596,PROD-501,2024-11-24,650.0,Efectivo
TRX-96174,SOC-2230,PROD-504,2026-01-09,950.0,Tarjeta de Crédito
TRX-96175,SOC-2047,PROD-504,2024-10-05,950.0,Tarjeta de Débito
TRX-96176,SOC-3214,PROD-506,2025-03-16,481.82,Tarjeta de Débito
TRX-96177,SOC-3064,PROD-508,2026-02-27,250.0,Efectivo
TRX-96178,SOC-3693,PROD-512,2025-05-22,35.0,Tarjeta de Crédito
TRX-96179,SOC-2734,PROD-512,2025-10-30,35.0,Tarjeta de Crédito
TRX-96180,SOC-2155,PROD-507,2026-02-13,750.0,Efectivo
TRX-96181,SOC-2808,PROD-501,2024-07-19,650.0,Efectivo
TRX-96182,SOC-2191,PROD-511,2025-11-18,50.0,Efectivo
TRX-96183,SOC-2647,PROD-512,2026-02-12,35.0,Efectivo
TRX-96184,SOC-2385,PROD-510,2025-09-18,75.0,Tarjeta de Crédito
TRX-96185,SOC-2124,PROD-507,2025-02-12,750.0,Efectivo
TRX-96186,SOC-2028,PROD-506,2025-08-31,550.0,Transferencia SPEI
TRX-96187,SOC-3224,PROD-507,2025-02-10,750.0,Tarjeta de Crédito
TRX-96188,SOC-3764,PROD-512,2024-05-20,35.0,Tarjeta de Crédito
TRX-96189,SOC-2447,PROD-512,2025-04-17,30.66,Tarjeta de Débito
TRX-96190,SOC-3071,PROD-501,2026-03-11,569.19,Efectivo
TRX-96191,SOC-2562,PROD-511,2024-02-19,50.0,Tarjeta de Crédito
TRX-96192,SOC-2512,PROD-503,2024-08-09,6999.0,Efectivo
TRX-96193,SOC-3637,PROD-507,2024-12-11,750.0,Transferencia SPEI
TRX-96194,SOC-2601,PROD-505,2025-12-13,480.0,Tarjeta de Crédito
TRX-96195,SOC-3277,PROD-511,2024-06-24,50.0,Tarjeta de Débito
TRX-96196,SOC-3229,PROD-512,2024-01-06,35.0,Transferencia SPEI
TRX-96197,SOC-2382,PROD-503,2025-06-21,6999.0,Tarjeta de Débito
TRX-96198,SOC-3110,PROD-512,2024-05-24,35.0,Tarjeta de Débito
TRX-96199,SOC-3522,PROD-505,2024-12-30,480.0,Efectivo
TRX-96200,SOC-2434,PROD-510,2026-02-26,64.77,Transferencia SPEI
TRX-96201,SOC-3601,PROD-501,2024-08-07,650.0,Tarjeta de Crédito
TRX-96202,SOC-3594,PROD-504,2025-03-14,950.0,Tarjeta de Crédito
TRX-96203,SOC-3122,PROD-512,2025-05-15,35.0,Tarjeta de Crédito
TRX-96204,SOC-2298,PROD-504,2025-06-28,865.72,Tarjeta de Crédito
TRX-96205,SOC-2843,PROD-505,2025-03-25,480.0,Tarjeta de Débito
TRX-96206,SOC-2847,PROD-507,2026-03-29,750.0,Transferencia SPEI
TRX-96207,SOC-3512,PROD-508,2025-12-29,250.0,Transferencia SPEI
TRX-96208,SOC-2473,PROD-508,2026-02-24,236.05,Tarjeta de Crédito
TRX-96209,SOC-2217,PROD-508,2024-12-06,250.0,Tarjeta de Crédito
TRX-96210,SOC-3178,PROD-508,2025-05-07,250.0,Efectivo
TRX-96211,SOC-2533,PROD-506,2025-06-09,550.0,Efectivo
TRX-96212,SOC-2228,PROD-512,2026-03-05,35.0,Efectivo
TRX-96213,SOC-2758,PROD-508,2024-07-01,250.0,Tarjeta de Débito
TRX-96214,SOC-3457,PROD-504,2025-12-20,950.0,Efectivo
TRX-96215,SOC-2149,PROD-507,2025-07-05,750.0,Efectivo
TRX-96216,SOC-2629,PROD-507,2024-02-01,750.0,Transferencia SPEI
TRX-96217,SOC-2156,PROD-502,2025-06-12,1300.0,Transferencia SPEI
TRX-96218,SOC-3533,PROD-512,2024-01-23,35.0,Tarjeta de Débito
TRX-96219,SOC-2696,PROD-512,2025-10-07,35.0,Tarjeta de Débito
TRX-96220,SOC-2529,PROD-503,2026-01-29,6999.0,Tarjeta de Crédito
TRX-96221,SOC-2778,PROD-509,2026-02-10,400.0,Tarjeta de Crédito
TRX-96222,SOC-3024,PROD-508,2024-04-01,250.0,Efectivo
TRX-96223,SOC-2407,PROD-505,2026-03-29,480.0,Tarjeta de Débito
TRX-96224,SOC-2576,PROD-506,2025-08-03,550.0,Transferencia SPEI
TRX-96225,SOC-3614,PROD-507,2024-01-30,600.85,Efectivo
TRX-96226,SOC-2190,PROD-510,2025-02-27,75.0,Tarjeta de Crédito
TRX-96227,SOC-2312,PROD-508,2026-03-05,229.23,Transferencia SPEI
TRX-96228,SOC-3639,PROD-510,2025-04-27,75.0,Tarjeta de Crédito
TRX-96229,SOC-3415,PROD-502,2025-10-29,1300.0,Transferencia SPEI
TRX-96230,SOC-3524,PROD-504,2025-02-03,950.0,Tarjeta de Crédito
TRX-96231,SOC-3096,PROD-506,2025-11-04,550.0,Efectivo
TRX-96232,SOC-3190,PROD-506,2025-11-26,550.0,Efectivo
TRX-96233,SOC-3618,PROD-510,2024-07-17,75.0,Efectivo
TRX-96234,SOC-2833,PROD-511,2025-01-04,46.65,Tarjeta de Crédito
TRX-96235,SOC-2844,PROD-512,2026-03-20,35.0,Efectivo
TRX-96236,SOC-2493,PROD-505,2026-04-15,480.0,Tarjeta de Débito
TRX-96237,SOC-3151,PROD-505,2024-07-12,480.0,Transferencia SPEI
TRX-96238,SOC-3665,PROD-508,2024-02-04,221.75,Transferencia SPEI
TRX-96239,SOC-3169,PROD-506,2025-12-30,550.0,Tarjeta de Débito
TRX-96240,SOC-3795,PROD-512,2024-05-07,35.0,Tarjeta de Crédito
TRX-96241,SOC-3217,PROD-506,2024-09-18,550.0,Transferencia SPEI
TRX-96242,SOC-2877,PROD-510,2024-12-03,75.0,Efectivo
TRX-96243,SOC-3520,PROD-512,2025-05-02,35.0,Tarjeta de Débito
TRX-96244,SOC-3731,PROD-507,2024-05-13,750.0,Tarjeta de Crédito
TRX-96245,SOC-3026,PROD-501,2024-01-13,523.23,Efectivo
TRX-96246,SOC-3328,PROD-508,2024-07-28,250.0,Transferencia SPEI
TRX-96247,SOC-3188,PROD-511,2026-03-12,50.0,Tarjeta de Débito
TRX-96248,SOC-3199,PROD-503,2024-08-27,6999.0,Efectivo
TRX-96249,SOC-3672,PROD-507,2025-12-29,750.0,Tarjeta de Crédito
TRX-96250,SOC-3687,PROD-503,2025-03-08,6999.0,Transferencia SPEI
TRX-96251,SOC-3472,PROD-502,2025-12-04,1300.0,Efectivo
TRX-96252,SOC-2109,PROD-502,2025-03-31,1126.54,Efectivo
TRX-96253,SOC-2257,PROD-511,2025-12-30,50.0,Tarjeta de Débito
TRX-96254,SOC-2919,PROD-507,2024-03-17,750.0,Tarjeta de Crédito
TRX-96255,SOC-2084,PROD-505,2026-03-07,480.0,Tarjeta de Débito
TRX-96256,SOC-3146,PROD-505,2024-04-02,480.0,Tarjeta de Débito
TRX-96257,SOC-2356,PROD-511,2025-12-23,50.0,Tarjeta de Crédito
TRX-96258,SOC-2642,PROD-512,2024-12-25,35.0,Tarjeta de Crédito
TRX-96259,SOC-3311,PROD-504,2025-05-09,950.0,Transferencia SPEI
TRX-96260,SOC-3461,PROD-506,2025-02-19,550.0,Efectivo
TRX-96261,SOC-3351,PROD-504,2024-02-19,950.0,Transferencia SPEI
TRX-96262,SOC-2668,PROD-507,2024-10-07,750.0,Transferencia SPEI
TRX-96263,SOC-2197,PROD-502,2024-12-15,1300.0,Tarjeta de Crédito
TRX-96264,SOC-3493,PROD-512,2024-03-07,35.0,Transferencia SPEI
TRX-96265,SOC-2077,PROD-511,2025-06-18,50.0,Tarjeta de Débito
TRX-96266,SOC-2150,PROD-512,2024-01-03,35.0,Efectivo
TRX-96267,SOC-2238,PROD-507,2024-05-02,607.53,Tarjeta de Débito
TRX-96268,SOC-2522,PROD-507,2025-12-30,750.0,Efectivo
TRX-96269,SOC-3194,PROD-509,2024-09-03,345.40999999999997,Tarjeta de Débito
TRX-96270,SOC-3639,PROD-505,2024-06-25,480.0,Tarjeta de Débito
TRX-96271,SOC-3789,PROD-508,2024-08-05,250.0,Tarjeta de Débito
TRX-96272,SOC-3455,PROD-503,2024-09-03,6999.0,Transferencia SPEI
TRX-96273,SOC-2599,PROD-509,2025-11-21,400.0,Transferencia SPEI
TRX-96274,SOC-2939,PROD-501,2024-02-27,650.0,Efectivo
TRX-96275,SOC-3296,PROD-503,2024-12-14,6999.0,Tarjeta de Débito
TRX-96276,SOC-2195,PROD-503,2024-03-29,6999.0,Efectivo
TRX-96277,SOC-3128,PROD-503,2026-02-12,6999.0,Transferencia SPEI
TRX-96278,SOC-3171,PROD-510,2024-03-02,75.0,Transferencia SPEI
TRX-96279,SOC-2844,PROD-512,2024-01-20,30.990000000000002,Tarjeta de Crédito
TRX-96280,SOC-3125,PROD-504,2026-04-28,950.0,Tarjeta de Débito
TRX-96281,SOC-2941,PROD-502,2025-02-23,1300.0,Tarjeta de Crédito
TRX-96282,SOC-2223,PROD-512,2024-01-02,35.0,Tarjeta de Crédito
TRX-96283,SOC-3399,PROD-512,2025-04-28,29.28,Efectivo
TRX-96284,SOC-2916,PROD-501,2026-04-10,650.0,Efectivo
TRX-96285,SOC-3081,PROD-511,2025-06-08,50.0,Transferencia SPEI
TRX-96286,SOC-3462,PROD-512,2026-02-21,35.0,Tarjeta de Crédito
TRX-96287,SOC-2337,PROD-501,2025-05-25,650.0,Efectivo
TRX-96288,SOC-3169,PROD-509,2024-08-28,400.0,Tarjeta de Débito
TRX-96289,SOC-3217,PROD-503,2025-11-19,6999.0,Transferencia SPEI
TRX-96290,SOC-3008,PROD-512,2024-11-07,35.0,Transferencia SPEI
TRX-96291,SOC-3402,PROD-503,2025-09-22,6999.0,Efectivo
TRX-96292,SOC-3746,PROD-508,2026-03-28,250.0,Tarjeta de Débito
TRX-96293,SOC-3664,PROD-506,2025-02-08,550.0,Tarjeta de Crédito
TRX-96294,SOC-2875,PROD-508,2025-02-08,250.0,Tarjeta de Débito
TRX-96295,SOC-2184,PROD-510,2025-06-06,75.0,Efectivo
TRX-96296,SOC-2915,PROD-510,2024-10-04,75.0,Tarjeta de Débito
TRX-96297,SOC-2008,PROD-501,2024-07-17,650.0,Tarjeta de Crédito
TRX-96298,SOC-3546,PROD-503,2024-03-03,6999.0,Tarjeta de Crédito
TRX-96299,SOC-2814,PROD-510,2024-08-19,69.84,Transferencia SPEI
TRX-96300,SOC-3359,PROD-505,2024-12-19,480.0,Tarjeta de Débito
TRX-96301,SOC-2908,PROD-504,2024-09-04,772.75,Efectivo
TRX-96302,SOC-2946,PROD-505,2026-03-05,480.0,Transferencia SPEI
TRX-96303,SOC-2466,PROD-506,2024-03-29,550.0,Tarjeta de Débito
TRX-96304,SOC-2301,PROD-511,2024-06-01,50.0,Transferencia SPEI
TRX-96305,SOC-3526,PROD-508,2025-01-11,224.65,Tarjeta de Crédito
TRX-96306,SOC-2988,PROD-511,2025-08-11,50.0,Efectivo
TRX-96307,SOC-2127,PROD-512,2026-03-28,35.0,Tarjeta de Crédito
TRX-96308,SOC-2819,PROD-512,2026-02-24,35.0,Tarjeta de Crédito
TRX-96309,SOC-2398,PROD-503,2025-05-19,6999.0,Tarjeta de Crédito
TRX-96310,SOC-2529,PROD-503,2024-06-02,6999.0,Tarjeta de Débito
TRX-96311,SOC-3428,PROD-507,2024-06-12,750.0,Tarjeta de Crédito
TRX-96312,SOC-2954,PROD-503,2026-03-16,6999.0,Tarjeta de Crédito
TRX-96313,SOC-3019,PROD-511,2024-06-29,50.0,Tarjeta de Crédito
TRX-96314,SOC-2209,PROD-501,2024-08-26,650.0,Transferencia SPEI
TRX-96315,SOC-3689,PROD-512,2025-12-16,35.0,Efectivo
TRX-96316,SOC-2015,PROD-509,2025-12-10,400.0,Tarjeta de Crédito
TRX-96317,SOC-3342,PROD-504,2024-09-14,950.0,Efectivo
TRX-96318,SOC-2419,PROD-512,2025-04-01,32.21,Tarjeta de Crédito
TRX-96319,SOC-3560,PROD-504,2025-11-30,813.19,Tarjeta de Crédito
TRX-96320,SOC-3093,PROD-505,2025-01-10,480.0,Efectivo
TRX-96321,SOC-2262,PROD-506,2025-10-23,550.0,Efectivo
TRX-96322,SOC-2552,PROD-508,2024-08-12,250.0,Tarjeta de Débito
TRX-96323,SOC-3542,PROD-511,2025-11-24,40.38,Transferencia SPEI
TRX-96324,SOC-3107,PROD-501,2025-10-30,650.0,Tarjeta de Débito
TRX-96325,SOC-2757,PROD-512,2024-12-31,35.0,Tarjeta de Crédito
TRX-96326,SOC-2197,PROD-506,2025-05-16,550.0,Tarjeta de Crédito
TRX-96327,SOC-2950,PROD-510,2025-11-15,75.0,Tarjeta de Débito
TRX-96328,SOC-2062,PROD-506,2024-07-30,550.0,Transferencia SPEI
TRX-96329,SOC-2406,PROD-511,2025-09-08,50.0,Tarjeta de Débito
TRX-96330,SOC-3264,PROD-504,2024-09-26,950.0,Tarjeta de Crédito
TRX-96331,SOC-3078,PROD-509,2024-08-06,400.0,Efectivo
TRX-96332,SOC-2453,PROD-510,2025-04-12,75.0,Transferencia SPEI
TRX-96333,SOC-3387,PROD-511,2025-06-14,50.0,Tarjeta de Crédito
TRX-96334,SOC-2165,PROD-512,2025-01-16,32.38,Tarjeta de Débito
TRX-96335,SOC-3552,PROD-510,2026-04-24,75.0,Tarjeta de Débito
TRX-96336,SOC-3635,PROD-506,2026-03-09,465.99,Efectivo
TRX-96337,SOC-2262,PROD-506,2024-01-12,550.0,Transferencia SPEI
TRX-96338,SOC-3796,PROD-512,2025-10-26,35.0,Efectivo
TRX-96339,SOC-2826,PROD-511,2025-04-13,50.0,Tarjeta de Débito
TRX-96340,SOC-3013,PROD-507,2025-04-27,678.99,Transferencia SPEI
TRX-96341,SOC-2506,PROD-503,2025-07-26,6999.0,Efectivo
TRX-96342,SOC-3497,PROD-501,2024-08-24,650.0,Tarjeta de Crédito
TRX-96343,SOC-2636,PROD-503,2025-04-25,6999.0,Tarjeta de Crédito
TRX-96344,SOC-2212,PROD-506,2024-12-26,550.0,Transferencia SPEI
TRX-96345,SOC-2496,PROD-511,2025-03-28,50.0,Transferencia SPEI
TRX-96346,SOC-2467,PROD-510,2025-09-10,75.0,Tarjeta de Débito
TRX-96347,SOC-3222,PROD-505,2024-01-08,480.0,Tarjeta de Débito
TRX-96348,SOC-2657,PROD-512,2024-10-19,35.0,Transferencia SPEI
TRX-96349,SOC-3595,PROD-511,2025-10-30,50.0,Efectivo
TRX-96350,SOC-2963,PROD-501,2025-06-09,650.0,Efectivo
TRX-96351,SOC-2110,PROD-503,2026-01-26,6999.0,Efectivo
TRX-96352,SOC-3357,PROD-503,2026-01-23,6999.0,Transferencia SPEI
TRX-96353,SOC-2418,PROD-507,2025-11-18,750.0,Tarjeta de Crédito
TRX-96354,SOC-2719,PROD-512,2025-02-03,35.0,Transferencia SPEI
TRX-96355,SOC-2420,PROD-512,2025-12-22,35.0,Tarjeta de Crédito
TRX-96356,SOC-3495,PROD-504,2024-10-18,950.0,Transferencia SPEI
TRX-96357,SOC-2549,PROD-510,2024-08-06,75.0,Efectivo
TRX-96358,SOC-2873,PROD-511,2025-02-04,46.78,Efectivo
TRX-96359,SOC-2069,PROD-510,2024-01-11,75.0,Transferencia SPEI
TRX-96360,SOC-2812,PROD-512,2026-01-14,30.93,Tarjeta de Crédito
TRX-96361,SOC-2847,PROD-505,2024-11-07,480.0,Transferencia SPEI
TRX-96362,SOC-3585,PROD-509,2025-08-07,400.0,Tarjeta de Crédito
TRX-96363,SOC-3361,PROD-508,2025-06-10,250.0,Tarjeta de Débito
TRX-96364,SOC-3291,PROD-505,2024-04-03,480.0,Transferencia SPEI
TRX-96365,SOC-3629,PROD-501,2026-03-16,650.0,Efectivo
TRX-96366,SOC-3228,PROD-504,2025-05-22,843.39,Tarjeta de Débito
TRX-96367,SOC-3308,PROD-509,2024-04-20,359.0,Transferencia SPEI
TRX-96368,SOC-3669,PROD-504,2026-01-02,950.0,Transferencia SPEI
TRX-96369,SOC-3177,PROD-505,2024-09-18,480.0,Tarjeta de Crédito
TRX-96370,SOC-3411,PROD-504,2025-07-06,950.0,Efectivo
TRX-96371,SOC-3525,PROD-512,2024-11-29,28.3,Efectivo
TRX-96372,SOC-3351,PROD-506,2025-02-02,550.0,Efectivo
TRX-96373,SOC-3133,PROD-504,2025-03-29,950.0,Tarjeta de Débito
TRX-96374,SOC-3516,PROD-508,2025-03-29,217.68,Tarjeta de Crédito
TRX-96375,SOC-2912,PROD-505,2024-09-08,480.0,Tarjeta de Débito
TRX-96376,SOC-2089,PROD-510,2026-04-19,75.0,Tarjeta de Débito
TRX-96377,SOC-3268,PROD-504,2025-05-30,880.02,Tarjeta de Débito
TRX-96378,SOC-2119,PROD-503,2024-09-02,5745.58,Transferencia SPEI
TRX-96379,SOC-2575,PROD-507,2026-04-01,750.0,Tarjeta de Crédito
TRX-96380,SOC-2544,PROD-504,2024-11-01,950.0,Tarjeta de Crédito
TRX-96381,SOC-2734,PROD-505,2025-06-25,480.0,Tarjeta de Débito
TRX-96382,SOC-2363,PROD-502,2024-07-10,1300.0,Tarjeta de Débito
TRX-96383,SOC-2797,PROD-501,2026-04-22,650.0,Transferencia SPEI
TRX-96384,SOC-2131,PROD-501,2025-06-17,650.0,Tarjeta de Crédito
TRX-96385,SOC-2677,PROD-505,2025-03-05,480.0,Transferencia SPEI
TRX-96386,SOC-2875,PROD-501,2024-11-02,650.0,Efectivo
TRX-96387,SOC-2435,PROD-508,2025-02-16,250.0,Tarjeta de Débito
TRX-96388,SOC-2942,PROD-507,2026-01-22,750.0,Efectivo
TRX-96389,SOC-3346,PROD-512,2024-03-24,35.0,Tarjeta de Crédito
TRX-96390,SOC-2364,PROD-502,2026-04-11,1300.0,Tarjeta de Crédito
TRX-96391,SOC-3489,PROD-510,2026-04-15,75.0,Tarjeta de Débito
TRX-96392,SOC-2720,PROD-509,2026-03-18,400.0,Efectivo
TRX-96393,SOC-3308,PROD-510,2025-10-16,62.39,Tarjeta de Débito
TRX-96394,SOC-2252,PROD-506,2025-06-17,550.0,Tarjeta de Crédito
TRX-96395,SOC-2444,PROD-506,2024-05-14,550.0,Transferencia SPEI
TRX-96396,SOC-3464,PROD-512,2025-11-08,35.0,Efectivo
TRX-96397,SOC-3669,PROD-504,2025-06-11,950.0,Efectivo
TRX-96398,SOC-3570,PROD-501,2024-06-20,650.0,Transferencia SPEI
TRX-96399,SOC-2396,PROD-509,2024-01-12,327.44,Efectivo
TRX-96400,SOC-2141,PROD-503,2024-10-28,6999.0,Transferencia SPEI
TRX-96401,SOC-2194,PROD-509,2024-04-04,400.0,Efectivo
TRX-96402,SOC-2789,PROD-512,2025-10-31,35.0,Tarjeta de Débito
TRX-96403,SOC-3245,PROD-510,2026-02-28,75.0,Tarjeta de Crédito
TRX-96404,SOC-2822,PROD-511,2026-03-14,50.0,Efectivo
TRX-96405,SOC-3797,PROD-506,2024-12-10,514.67,Tarjeta de Crédito
TRX-96406,SOC-3707,PROD-510,2025-02-25,75.0,Efectivo
TRX-96407,SOC-3028,PROD-507,2026-03-25,750.0,Efectivo
TRX-96408,SOC-2990,PROD-501,2025-07-03,587.16,Tarjeta de Crédito
TRX-96409,SOC-3224,PROD-504,2025-12-25,950.0,Tarjeta de Débito
TRX-96410,SOC-2036,PROD-508,2025-12-19,221.65,Tarjeta de Crédito
TRX-96411,SOC-3211,PROD-504,2024-07-31,950.0,Efectivo
TRX-96412,SOC-3562,PROD-504,2024-10-13,950.0,Tarjeta de Crédito
TRX-96413,SOC-2277,PROD-501,2025-07-30,650.0,Tarjeta de Débito
TRX-96414,SOC-2085,PROD-511,2024-02-23,50.0,Tarjeta de Crédito
TRX-96415,SOC-2979,PROD-511,2024-03-15,50.0,Transferencia SPEI
TRX-96416,SOC-3016,PROD-506,2025-06-18,550.0,Transferencia SPEI
TRX-96417,SOC-2317,PROD-512,2025-04-04,35.0,Efectivo
TRX-96418,SOC-2796,PROD-507,2024-04-18,609.21,Tarjeta de Crédito
TRX-96419,SOC-2849,PROD-512,2024-05-14,35.0,Tarjeta de Crédito
TRX-96420,SOC-2122,PROD-507,2025-08-29,750.0,Tarjeta de Débito
TRX-96421,SOC-2151,PROD-507,2024-11-21,750.0,Efectivo
TRX-96422,SOC-2345,PROD-502,2024-04-30,1300.0,Efectivo
TRX-96423,SOC-3703,PROD-511,2024-03-05,50.0,Efectivo
TRX-96424,SOC-3367,PROD-512,2024-05-14,35.0,Tarjeta de Crédito
TRX-96425,SOC-3792,PROD-511,2025-09-21,50.0,Tarjeta de Crédito
TRX-96426,SOC-2401,PROD-501,2024-07-05,650.0,Transferencia SPEI
TRX-96427,SOC-3190,PROD-512,2024-05-18,29.11,Tarjeta de Crédito
TRX-96428,SOC-2236,PROD-505,2026-04-15,480.0,Transferencia SPEI
TRX-96429,SOC-3137,PROD-511,2025-12-05,50.0,Efectivo
TRX-96430,SOC-3733,PROD-501,2025-08-19,650.0,Efectivo
TRX-96431,SOC-3169,PROD-507,2025-07-14,680.08,Efectivo
TRX-96432,SOC-2705,PROD-503,2024-04-01,5856.9,Tarjeta de Crédito
TRX-96433,SOC-3624,PROD-507,2024-01-07,750.0,Transferencia SPEI
TRX-96434,SOC-3610,PROD-505,2026-03-05,406.39,Efectivo
TRX-96435,SOC-2519,PROD-505,2026-02-04,480.0,Transferencia SPEI
TRX-96436,SOC-3720,PROD-501,2025-07-08,650.0,Transferencia SPEI
TRX-96437,SOC-2210,PROD-505,2024-02-09,480.0,Tarjeta de Crédito
TRX-96438,SOC-2560,PROD-507,2025-07-31,750.0,Tarjeta de Débito
TRX-96439,SOC-3160,PROD-506,2024-01-31,550.0,Efectivo
TRX-96440,SOC-3210,PROD-511,2026-04-11,50.0,Tarjeta de Débito
TRX-96441,SOC-3698,PROD-509,2024-02-05,400.0,Tarjeta de Crédito
TRX-96442,SOC-3418,PROD-508,2024-09-25,250.0,Transferencia SPEI
TRX-96443,SOC-3217,PROD-509,2024-08-13,400.0,Tarjeta de Débito
TRX-96444,SOC-3171,PROD-511,2024-02-11,50.0,Tarjeta de Crédito
TRX-96445,SOC-3246,PROD-505,2024-03-21,480.0,Efectivo
TRX-96446,SOC-2595,PROD-510,2025-01-02,75.0,Transferencia SPEI
TRX-96447,SOC-2883,PROD-503,2024-11-19,6999.0,Tarjeta de Débito
TRX-96448,SOC-2931,PROD-507,2026-02-09,750.0,Efectivo
TRX-96449,SOC-3799,PROD-510,2026-04-05,75.0,Efectivo
TRX-96450,SOC-2197,PROD-507,2024-10-19,750.0,Transferencia SPEI
TRX-96451,SOC-2253,PROD-508,2024-10-27,250.0,Transferencia SPEI
TRX-96452,SOC-3063,PROD-506,2025-08-19,550.0,Tarjeta de Crédito
TRX-96453,SOC-3603,PROD-511,2025-01-31,41.45,Transferencia SPEI
TRX-96454,SOC-2174,PROD-502,2026-02-15,1300.0,Tarjeta de Crédito
TRX-96455,SOC-3575,PROD-512,2025-07-07,35.0,Efectivo
TRX-96456,SOC-3573,PROD-504,2024-11-11,950.0,Tarjeta de Crédito
TRX-96457,SOC-2554,PROD-507,2025-07-15,750.0,Transferencia SPEI
TRX-96458,SOC-2990,PROD-511,2024-02-17,44.730000000000004,Tarjeta de Crédito
TRX-96459,SOC-3719,PROD-508,2026-02-02,250.0,Tarjeta de Débito
TRX-96460,SOC-2092,PROD-503,2024-03-05,6999.0,Transferencia SPEI
TRX-96461,SOC-2271,PROD-504,2024-03-29,950.0,Tarjeta de Crédito
TRX-96462,SOC-2661,PROD-503,2024-10-07,6999.0,Tarjeta de Crédito
TRX-96463,SOC-2697,PROD-503,2024-12-15,6999.0,Transferencia SPEI
TRX-96464,SOC-3703,PROD-501,2024-01-01,650.0,Tarjeta de Débito
TRX-96465,SOC-3230,PROD-507,2024-03-05,750.0,Efectivo
TRX-96466,SOC-2742,PROD-501,2024-12-13,650.0,Efectivo
TRX-96467,SOC-3282,PROD-506,2026-01-19,550.0,Tarjeta de Débito
TRX-96468,SOC-2408,PROD-502,2024-07-11,1300.0,Tarjeta de Débito
TRX-96469,SOC-2761,PROD-507,2024-01-18,750.0,Tarjeta de Crédito
TRX-96470,SOC-2591,PROD-511,2024-06-01,50.0,Tarjeta de Crédito
TRX-96471,SOC-3487,PROD-512,2025-12-29,30.08,Tarjeta de Crédito
TRX-96472,SOC-3799,PROD-510,2024-10-04,75.0,Tarjeta de Crédito
TRX-96473,SOC-3486,PROD-502,2026-03-22,1300.0,Efectivo
TRX-96474,SOC-2576,PROD-501,2026-04-06,650.0,Transferencia SPEI
TRX-96475,SOC-3049,PROD-504,2024-09-28,950.0,Tarjeta de Crédito
TRX-96476,SOC-3395,PROD-511,2025-04-21,50.0,Transferencia SPEI
TRX-96477,SOC-3212,PROD-509,2024-06-03,400.0,Tarjeta de Débito
TRX-96478,SOC-2093,PROD-503,2024-04-08,6999.0,Transferencia SPEI
TRX-96479,SOC-3088,PROD-503,2024-08-21,6132.43,Efectivo
TRX-96480,SOC-3029,PROD-502,2025-10-30,1226.69,Transferencia SPEI
TRX-96481,SOC-2309,PROD-505,2024-06-15,480.0,Tarjeta de Débito
TRX-96482,SOC-2949,PROD-509,2026-03-01,400.0,Transferencia SPEI
TRX-96483,SOC-3661,PROD-504,2025-11-26,950.0,Transferencia SPEI
TRX-96484,SOC-2925,PROD-505,2026-03-05,480.0,Tarjeta de Débito
TRX-96485,SOC-3776,PROD-503,2025-03-03,6999.0,Tarjeta de Débito
TRX-96486,SOC-3029,PROD-509,2025-06-29,335.06,Transferencia SPEI
TRX-96487,SOC-3688,PROD-511,2024-06-01,50.0,Tarjeta de Débito
TRX-96488,SOC-3532,PROD-503,2024-05-11,6999.0,Tarjeta de Crédito
TRX-96489,SOC-2670,PROD-502,2024-03-10,1300.0,Tarjeta de Crédito
TRX-96490,SOC-3134,PROD-501,2024-12-05,593.17,Tarjeta de Débito
TRX-96491,SOC-2749,PROD-504,2025-07-21,950.0,Tarjeta de Crédito
TRX-96492,SOC-3047,PROD-508,2024-06-11,227.68,Transferencia SPEI
TRX-96493,SOC-2969,PROD-507,2025-01-23,750.0,Efectivo
TRX-96494,SOC-3091,PROD-503,2025-07-07,6999.0,Transferencia SPEI
TRX-96495,SOC-2613,PROD-506,2025-12-24,550.0,Transferencia SPEI
TRX-96496,SOC-2162,PROD-512,2025-11-12,29.96,Tarjeta de Débito
TRX-96497,SOC-2426,PROD-502,2025-12-01,1300.0,Tarjeta de Crédito
TRX-96498,SOC-3468,PROD-507,2025-07-22,750.0,Tarjeta de Crédito
TRX-96499,SOC-2211,PROD-506,2026-03-06,550.0,Tarjeta de Crédito
TRX-96500,SOC-2812,PROD-503,2024-04-07,6999.0,Efectivo
TRX-96501,SOC-2985,PROD-505,2025-12-29,480.0,Efectivo
TRX-96502,SOC-2527,PROD-505,2024-08-13,397.03,Efectivo
TRX-96503,SOC-3650,PROD-507,2024-03-24,750.0,Tarjeta de Débito
TRX-96504,SOC-2729,PROD-503,2025-08-28,6999.0,Transferencia SPEI
TRX-96505,SOC-2627,PROD-506,2025-12-25,550.0,Tarjeta de Débito
TRX-96506,SOC-2420,PROD-504,2024-03-11,950.0,Transferencia SPEI
TRX-96507,SOC-2199,PROD-502,2025-11-30,1300.0,Tarjeta de Crédito
TRX-96508,SOC-2466,PROD-504,2024-10-10,950.0,Transferencia SPEI
TRX-96509,SOC-2338,PROD-510,2025-03-18,75.0,Transferencia SPEI
TRX-96510,SOC-2059,PROD-502,2024-01-26,1300.0,Tarjeta de Crédito
TRX-96511,SOC-3622,PROD-511,2024-11-05,50.0,Tarjeta de Débito
TRX-96512,SOC-3229,PROD-510,2025-05-23,75.0,Tarjeta de Débito
TRX-96513,SOC-3667,PROD-509,2026-01-04,400.0,Efectivo
TRX-96514,SOC-3503,PROD-509,2025-06-20,400.0,Transferencia SPEI
TRX-96515,SOC-3049,PROD-507,2024-02-24,750.0,Tarjeta de Crédito
TRX-96516,SOC-2237,PROD-506,2025-08-09,550.0,Transferencia SPEI
TRX-96517,SOC-3244,PROD-505,2024-08-10,480.0,Tarjeta de Crédito
TRX-96518,SOC-3055,PROD-503,2025-05-17,6999.0,Efectivo
TRX-96519,SOC-2432,PROD-504,2024-04-30,950.0,Tarjeta de Crédito
TRX-96520,SOC-2470,PROD-510,2024-11-25,75.0,Efectivo
TRX-96521,SOC-2900,PROD-501,2024-10-23,650.0,Efectivo
TRX-96522,SOC-2640,PROD-512,2026-01-25,35.0,Tarjeta de Crédito
TRX-96523,SOC-3634,PROD-507,2025-07-22,750.0,Transferencia SPEI
TRX-96524,SOC-2966,PROD-512,2025-05-23,35.0,Transferencia SPEI
TRX-96525,SOC-2037,PROD-504,2025-02-16,950.0,Tarjeta de Débito
TRX-96526,SOC-2824,PROD-501,2024-01-04,650.0,Transferencia SPEI
TRX-96527,SOC-2774,PROD-512,2024-05-22,35.0,Tarjeta de Crédito
TRX-96528,SOC-2247,PROD-503,2026-03-17,6999.0,Tarjeta de Crédito
TRX-96529,SOC-2248,PROD-510,2026-04-28,75.0,Transferencia SPEI
TRX-96530,SOC-3772,PROD-509,2024-06-17,400.0,Tarjeta de Débito
TRX-96531,SOC-3562,PROD-508,2024-05-16,250.0,Tarjeta de Crédito
TRX-96532,SOC-3227,PROD-504,2024-07-21,950.0,Tarjeta de Débito
TRX-96533,SOC-3479,PROD-506,2025-10-21,550.0,Transferencia SPEI
TRX-96534,SOC-3168,PROD-503,2025-11-09,6999.0,Transferencia SPEI
TRX-96535,SOC-2822,PROD-511,2025-02-10,45.45,Tarjeta de Débito
TRX-96536,SOC-2475,PROD-502,2024-07-05,1300.0,Tarjeta de Débito
TRX-96537,SOC-2422,PROD-506,2025-06-17,550.0,Tarjeta de Débito
TRX-96538,SOC-3185,PROD-509,2024-04-03,348.75,Tarjeta de Débito
TRX-96539,SOC-3762,PROD-507,2024-12-25,603.73,Tarjeta de Crédito
TRX-96540,SOC-2243,PROD-501,2025-02-02,650.0,Transferencia SPEI
TRX-96541,SOC-3142,PROD-511,2024-03-31,50.0,Efectivo
TRX-96542,SOC-2629,PROD-509,2025-12-28,400.0,Tarjeta de Crédito
TRX-96543,SOC-3617,PROD-507,2024-09-15,750.0,Efectivo
TRX-96544,SOC-2171,PROD-512,2025-02-24,35.0,Tarjeta de Débito
TRX-96545,SOC-2741,PROD-512,2026-04-19,35.0,Tarjeta de Débito
TRX-96546,SOC-3173,PROD-505,2024-06-19,438.23,Tarjeta de Crédito
TRX-96547,SOC-2214,PROD-504,2026-02-20,950.0,Tarjeta de Crédito
TRX-96548,SOC-3412,PROD-507,2024-12-10,750.0,Tarjeta de Crédito
TRX-96549,SOC-3002,PROD-507,2025-04-17,750.0,Transferencia SPEI
TRX-96550,SOC-2976,PROD-508,2025-01-09,250.0,Tarjeta de Débito
TRX-96551,SOC-3615,PROD-509,2025-03-11,329.99,Tarjeta de Débito
TRX-96552,SOC-2183,PROD-508,2024-09-20,250.0,Efectivo
TRX-96553,SOC-3198,PROD-506,2024-08-13,550.0,Efectivo
TRX-96554,SOC-3122,PROD-511,2025-07-11,50.0,Tarjeta de Crédito
TRX-96555,SOC-2886,PROD-508,2024-05-13,250.0,Efectivo
TRX-96556,SOC-3392,PROD-508,2025-02-19,205.03,Efectivo
TRX-96557,SOC-2193,PROD-502,2024-03-24,1300.0,Efectivo
TRX-96558,SOC-2685,PROD-505,2025-06-22,480.0,Tarjeta de Débito
TRX-96559,SOC-2580,PROD-503,2026-02-06,6999.0,Tarjeta de Débito
TRX-96560,SOC-3023,PROD-510,2024-06-09,75.0,Tarjeta de Débito
TRX-96561,SOC-3199,PROD-510,2024-01-14,61.53,Transferencia SPEI
TRX-96562,SOC-2200,PROD-507,2026-03-06,750.0,Tarjeta de Débito
TRX-96563,SOC-3691,PROD-508,2025-12-21,250.0,Tarjeta de Débito
TRX-96564,SOC-3719,PROD-511,2026-03-30,50.0,Efectivo
TRX-96565,SOC-2702,PROD-508,2024-08-17,250.0,Efectivo
TRX-96566,SOC-2782,PROD-508,2025-09-19,250.0,Transferencia SPEI
TRX-96567,SOC-2946,PROD-511,2024-08-24,50.0,Tarjeta de Crédito
TRX-96568,SOC-2075,PROD-510,2025-11-22,75.0,Efectivo
TRX-96569,SOC-3641,PROD-503,2026-02-18,6999.0,Tarjeta de Crédito
TRX-96570,SOC-2886,PROD-505,2024-08-17,480.0,Efectivo
TRX-96571,SOC-2746,PROD-509,2026-03-28,400.0,Transferencia SPEI
TRX-96572,SOC-2325,PROD-505,2025-01-06,480.0,Transferencia SPEI
TRX-96573,SOC-2213,PROD-511,2026-02-09,50.0,Tarjeta de Débito
TRX-96574,SOC-3397,PROD-508,2025-09-24,250.0,Transferencia SPEI
TRX-96575,SOC-2957,PROD-501,2024-05-01,584.77,Efectivo
TRX-96576,SOC-3708,PROD-508,2025-11-23,250.0,Tarjeta de Crédito
TRX-96577,SOC-3496,PROD-507,2024-01-05,750.0,Transferencia SPEI
TRX-96578,SOC-3041,PROD-506,2025-02-20,550.0,Transferencia SPEI
TRX-96579,SOC-3545,PROD-502,2024-02-05,1300.0,Tarjeta de Débito
TRX-96580,SOC-3380,PROD-510,2025-04-30,75.0,Tarjeta de Débito
TRX-96581,SOC-3026,PROD-507,2025-05-05,750.0,Tarjeta de Débito
TRX-96582,SOC-3699,PROD-504,2025-12-14,950.0,Transferencia SPEI
TRX-96583,SOC-2561,PROD-505,2025-05-23,428.45,Tarjeta de Crédito
TRX-96584,SOC-3004,PROD-507,2025-05-19,750.0,Tarjeta de Débito
TRX-96585,SOC-3218,PROD-507,2026-04-07,750.0,Tarjeta de Débito
TRX-96586,SOC-3507,PROD-506,2025-06-14,550.0,Transferencia SPEI
TRX-96587,SOC-2789,PROD-510,2024-09-22,75.0,Tarjeta de Débito
TRX-96588,SOC-2907,PROD-512,2024-03-21,35.0,Tarjeta de Crédito
TRX-96589,SOC-2564,PROD-508,2024-09-15,250.0,Efectivo
TRX-96590,SOC-3469,PROD-511,2024-05-12,50.0,Tarjeta de Débito
TRX-96591,SOC-2495,PROD-508,2025-05-22,250.0,Efectivo
TRX-96592,SOC-3146,PROD-512,2024-10-06,35.0,Transferencia SPEI
TRX-96593,SOC-2645,PROD-504,2025-10-19,950.0,Tarjeta de Débito
TRX-96594,SOC-3798,PROD-501,2024-08-30,650.0,Tarjeta de Débito
TRX-96595,SOC-2573,PROD-509,2024-02-03,400.0,Transferencia SPEI
TRX-96596,SOC-3076,PROD-501,2025-01-18,650.0,Tarjeta de Crédito
TRX-96597,SOC-2407,PROD-512,2025-06-30,35.0,Transferencia SPEI
TRX-96598,SOC-3189,PROD-504,2024-07-10,950.0,Efectivo
TRX-96599,SOC-2508,PROD-507,2025-09-07,750.0,Efectivo
TRX-96600,SOC-3427,PROD-505,2026-04-10,480.0,Transferencia SPEI
TRX-96601,SOC-2454,PROD-508,2024-08-02,207.39,Tarjeta de Débito
TRX-96602,SOC-2179,PROD-506,2024-01-02,550.0,Transferencia SPEI
TRX-96603,SOC-2448,PROD-503,2026-04-10,6999.0,Tarjeta de Débito
TRX-96604,SOC-3718,PROD-501,2024-11-17,539.29,Tarjeta de Crédito
TRX-96605,SOC-2835,PROD-506,2025-06-12,550.0,Transferencia SPEI
TRX-96606,SOC-3294,PROD-510,2025-03-18,75.0,Tarjeta de Débito
TRX-96607,SOC-2809,PROD-508,2024-10-14,250.0,Tarjeta de Débito
TRX-96608,SOC-3417,PROD-507,2025-03-18,750.0,Tarjeta de Crédito
TRX-96609,SOC-2448,PROD-503,2025-05-12,6999.0,Transferencia SPEI
TRX-96610,SOC-2542,PROD-502,2024-12-09,1300.0,Efectivo
TRX-96611,SOC-3452,PROD-510,2024-10-17,75.0,Efectivo
TRX-96612,SOC-2110,PROD-502,2024-01-22,1300.0,Transferencia SPEI
TRX-96613,SOC-2894,PROD-501,2025-05-09,650.0,Efectivo
TRX-96614,SOC-3397,PROD-510,2024-12-01,67.89,Tarjeta de Débito
TRX-96615,SOC-3213,PROD-508,2025-05-02,250.0,Transferencia SPEI
TRX-96616,SOC-2415,PROD-509,2024-07-20,400.0,Efectivo
TRX-96617,SOC-2875,PROD-502,2024-09-26,1300.0,Tarjeta de Débito
TRX-96618,SOC-2916,PROD-511,2025-01-15,50.0,Transferencia SPEI
TRX-96619,SOC-3082,PROD-510,2024-08-03,75.0,Efectivo
TRX-96620,SOC-3656,PROD-506,2025-11-15,550.0,Tarjeta de Crédito
TRX-96621,SOC-2840,PROD-501,2024-07-09,650.0,Efectivo
TRX-96622,SOC-3488,PROD-507,2025-06-24,750.0,Transferencia SPEI
TRX-96623,SOC-3549,PROD-508,2024-03-02,250.0,Efectivo
TRX-96624,SOC-2328,PROD-510,2024-07-05,75.0,Transferencia SPEI
TRX-96625,SOC-2195,PROD-504,2025-08-06,875.77,Transferencia SPEI
TRX-96626,SOC-2520,PROD-506,2025-09-04,550.0,Tarjeta de Débito
TRX-96627,SOC-3377,PROD-502,2025-12-17,1300.0,Tarjeta de Crédito
TRX-96628,SOC-2509,PROD-508,2025-02-25,250.0,Transferencia SPEI
TRX-96629,SOC-2019,PROD-506,2025-12-11,550.0,Efectivo
TRX-96630,SOC-3003,PROD-510,2024-03-08,75.0,Transferencia SPEI
TRX-96631,SOC-3731,PROD-511,2025-01-07,47.28,Transferencia SPEI
TRX-96632,SOC-2548,PROD-501,2025-05-22,573.13,Tarjeta de Crédito
TRX-96633,SOC-3560,PROD-509,2025-11-28,400.0,Transferencia SPEI
TRX-96634,SOC-3088,PROD-512,2024-10-02,35.0,Tarjeta de Crédito
TRX-96635,SOC-3650,PROD-501,2024-08-21,650.0,Tarjeta de Débito
TRX-96636,SOC-2948,PROD-504,2025-03-19,950.0,Tarjeta de Débito
TRX-96637,SOC-3352,PROD-505,2025-12-07,480.0,Tarjeta de Débito
TRX-96638,SOC-3798,PROD-505,2025-09-27,442.7,Efectivo
TRX-96639,SOC-3259,PROD-501,2024-07-12,573.46,Tarjeta de Crédito
TRX-96640,SOC-3622,PROD-511,2026-03-15,50.0,Tarjeta de Débito
TRX-96641,SOC-2504,PROD-512,2024-03-25,35.0,Tarjeta de Débito
TRX-96642,SOC-3529,PROD-510,2025-05-29,75.0,Tarjeta de Débito
TRX-96643,SOC-2548,PROD-501,2025-07-18,650.0,Tarjeta de Débito
TRX-96644,SOC-3521,PROD-510,2024-08-08,60.05,Efectivo
TRX-96645,SOC-2945,PROD-511,2025-01-15,50.0,Tarjeta de Débito
TRX-96646,SOC-2317,PROD-507,2025-09-26,750.0,Efectivo
TRX-96647,SOC-2255,PROD-512,2025-01-05,35.0,Efectivo
TRX-96648,SOC-2267,PROD-510,2025-09-04,75.0,Transferencia SPEI
TRX-96649,SOC-2781,PROD-504,2024-08-12,816.94,Tarjeta de Crédito
TRX-96650,SOC-2504,PROD-506,2025-02-13,550.0,Efectivo
TRX-96651,SOC-2502,PROD-501,2025-03-26,650.0,Efectivo
TRX-96652,SOC-3646,PROD-506,2024-10-08,550.0,Efectivo
TRX-96653,SOC-3648,PROD-503,2025-11-30,6999.0,Tarjeta de Crédito
TRX-96654,SOC-2053,PROD-502,2024-05-29,1300.0,Tarjeta de Débito
TRX-96655,SOC-2441,PROD-502,2025-07-25,1300.0,Tarjeta de Débito
TRX-96656,SOC-2009,PROD-501,2024-10-26,609.86,Tarjeta de Crédito
TRX-96657,SOC-3434,PROD-501,2026-02-15,650.0,Transferencia SPEI
TRX-96658,SOC-3060,PROD-503,2026-04-07,6999.0,Tarjeta de Débito
TRX-96659,SOC-3083,PROD-502,2026-03-11,1300.0,Tarjeta de Crédito
TRX-96660,SOC-2115,PROD-506,2024-10-31,550.0,Transferencia SPEI
TRX-96661,SOC-2446,PROD-509,2025-01-02,400.0,Transferencia SPEI
TRX-96662,SOC-3229,PROD-508,2024-07-28,250.0,Tarjeta de Crédito
TRX-96663,SOC-2555,PROD-512,2024-12-03,35.0,Tarjeta de Débito
TRX-96664,SOC-2485,PROD-509,2026-04-29,328.52,Tarjeta de Crédito
TRX-96665,SOC-2996,PROD-503,2025-11-25,6999.0,Tarjeta de Crédito
TRX-96666,SOC-2895,PROD-505,2024-05-14,480.0,Efectivo
TRX-96667,SOC-3034,PROD-506,2024-07-08,550.0,Tarjeta de Débito
TRX-96668,SOC-3325,PROD-508,2025-12-03,250.0,Efectivo
TRX-96669,SOC-2690,PROD-506,2025-08-28,518.07,Efectivo
TRX-96670,SOC-3178,PROD-507,2026-01-15,750.0,Tarjeta de Débito
TRX-96671,SOC-3731,PROD-505,2024-09-25,480.0,Transferencia SPEI
TRX-96672,SOC-2794,PROD-502,2025-11-22,1300.0,Efectivo
TRX-96673,SOC-3689,PROD-512,2026-02-19,35.0,Tarjeta de Débito
TRX-96674,SOC-3199,PROD-512,2024-04-27,35.0,Tarjeta de Débito
TRX-96675,SOC-3510,PROD-501,2025-06-06,650.0,Tarjeta de Débito
TRX-96676,SOC-2591,PROD-507,2025-12-29,750.0,Tarjeta de Crédito
TRX-96677,SOC-2681,PROD-501,2025-03-30,650.0,Transferencia SPEI
TRX-96678,SOC-3220,PROD-506,2024-12-20,550.0,Tarjeta de Crédito
TRX-96679,SOC-2755,PROD-506,2025-06-04,550.0,Efectivo
TRX-96680,SOC-3040,PROD-512,2024-05-17,35.0,Transferencia SPEI
TRX-96681,SOC-2899,PROD-506,2024-11-03,550.0,Transferencia SPEI
TRX-96682,SOC-3286,PROD-508,2025-05-19,250.0,Tarjeta de Crédito
TRX-96683,SOC-2758,PROD-505,2025-12-26,440.39,Transferencia SPEI
TRX-96684,SOC-2304,PROD-505,2026-01-24,480.0,Tarjeta de Crédito
TRX-96685,SOC-2989,PROD-510,2025-04-26,75.0,Efectivo
TRX-96686,SOC-3011,PROD-501,2025-12-28,650.0,Tarjeta de Débito
TRX-96687,SOC-2746,PROD-510,2024-10-18,75.0,Tarjeta de Débito
TRX-96688,SOC-3166,PROD-512,2026-01-24,35.0,Tarjeta de Débito
TRX-96689,SOC-3474,PROD-502,2025-03-22,1300.0,Tarjeta de Crédito
TRX-96690,SOC-3389,PROD-510,2024-12-15,75.0,Transferencia SPEI
TRX-96691,SOC-2241,PROD-503,2024-12-03,6999.0,Tarjeta de Crédito
TRX-96692,SOC-2704,PROD-501,2024-06-21,650.0,Transferencia SPEI
TRX-96693,SOC-2915,PROD-505,2025-10-01,480.0,Efectivo
TRX-96694,SOC-2770,PROD-505,2024-05-06,480.0,Tarjeta de Crédito
TRX-96695,SOC-3006,PROD-503,2025-11-26,6999.0,Tarjeta de Débito
TRX-96696,SOC-2405,PROD-502,2024-10-16,1300.0,Efectivo
TRX-96697,SOC-3421,PROD-511,2024-07-25,50.0,Transferencia SPEI
TRX-96698,SOC-3305,PROD-501,2024-02-27,650.0,Tarjeta de Débito
TRX-96699,SOC-2689,PROD-509,2024-09-03,400.0,Tarjeta de Débito
TRX-96700,SOC-2729,PROD-510,2024-12-10,75.0,Tarjeta de Débito
TRX-96701,SOC-2892,PROD-503,2024-05-05,6999.0,Tarjeta de Crédito
TRX-96702,SOC-2417,PROD-506,2026-03-24,550.0,Transferencia SPEI
TRX-96703,SOC-3433,PROD-507,2025-02-28,750.0,Tarjeta de Débito
TRX-96704,SOC-3554,PROD-501,2024-11-04,650.0,Efectivo
TRX-96705,SOC-2062,PROD-509,2025-03-03,400.0,Efectivo
TRX-96706,SOC-2602,PROD-504,2024-03-22,950.0,Tarjeta de Débito
TRX-96707,SOC-2676,PROD-511,2025-04-27,50.0,Tarjeta de Crédito
TRX-96708,SOC-2192,PROD-511,2026-01-05,50.0,Tarjeta de Crédito
TRX-96709,SOC-2457,PROD-507,2025-07-23,750.0,Efectivo
TRX-96710,SOC-3595,PROD-510,2025-11-29,75.0,Efectivo
TRX-96711,SOC-3369,PROD-511,2025-03-06,43.18,Tarjeta de Débito
TRX-96712,SOC-3324,PROD-511,2024-01-26,50.0,Efectivo
TRX-96713,SOC-2755,PROD-506,2026-03-20,550.0,Tarjeta de Crédito
TRX-96714,SOC-3224,PROD-502,2024-04-05,1070.96,Tarjeta de Crédito
TRX-96715,SOC-2090,PROD-503,2025-02-19,6999.0,Efectivo
TRX-96716,SOC-3252,PROD-512,2024-07-13,35.0,Tarjeta de Crédito
TRX-96717,SOC-3450,PROD-504,2025-08-07,950.0,Transferencia SPEI
TRX-96718,SOC-3204,PROD-501,2024-07-08,650.0,Tarjeta de Crédito
TRX-96719,SOC-3113,PROD-509,2025-10-13,400.0,Tarjeta de Crédito
TRX-96720,SOC-3342,PROD-502,2025-07-27,1300.0,Tarjeta de Crédito
TRX-96721,SOC-3082,PROD-505,2024-10-17,480.0,Transferencia SPEI
TRX-96722,SOC-3065,PROD-502,2026-02-09,1300.0,Transferencia SPEI
TRX-96723,SOC-2886,PROD-507,2024-09-11,750.0,Tarjeta de Débito
TRX-96724,SOC-3728,PROD-503,2026-01-26,6404.87,Efectivo
TRX-96725,SOC-2381,PROD-505,2024-07-09,480.0,Transferencia SPEI
TRX-96726,SOC-2891,PROD-505,2025-05-07,480.0,Transferencia SPEI
TRX-96727,SOC-2629,PROD-505,2024-01-31,480.0,Tarjeta de Crédito
TRX-96728,SOC-3570,PROD-511,2026-02-22,50.0,Transferencia SPEI
TRX-96729,SOC-3228,PROD-507,2025-02-20,750.0,Tarjeta de Débito
TRX-96730,SOC-3062,PROD-502,2025-11-30,1300.0,Transferencia SPEI
TRX-96731,SOC-2909,PROD-505,2024-10-06,480.0,Tarjeta de Crédito
TRX-96732,SOC-2638,PROD-507,2025-06-23,750.0,Efectivo
TRX-96733,SOC-2627,PROD-505,2025-01-28,480.0,Tarjeta de Crédito
TRX-96734,SOC-3625,PROD-510,2025-09-23,75.0,Tarjeta de Crédito
TRX-96735,SOC-2189,PROD-506,2024-12-04,550.0,Transferencia SPEI
TRX-96736,SOC-2637,PROD-511,2024-05-27,50.0,Tarjeta de Débito
TRX-96737,SOC-2021,PROD-503,2025-10-03,6999.0,Efectivo
TRX-96738,SOC-3735,PROD-509,2025-08-01,400.0,Tarjeta de Débito
TRX-96739,SOC-3569,PROD-510,2025-02-01,75.0,Efectivo
TRX-96740,SOC-2250,PROD-511,2025-07-04,50.0,Tarjeta de Crédito
TRX-96741,SOC-3181,PROD-503,2024-09-05,6999.0,Tarjeta de Crédito
TRX-96742,SOC-2546,PROD-507,2025-07-27,750.0,Tarjeta de Crédito
TRX-96743,SOC-2108,PROD-504,2025-04-23,950.0,Transferencia SPEI
TRX-96744,SOC-3448,PROD-509,2026-03-03,400.0,Transferencia SPEI
TRX-96745,SOC-3384,PROD-512,2024-03-06,35.0,Transferencia SPEI
TRX-96746,SOC-3008,PROD-505,2025-12-24,480.0,Tarjeta de Débito
TRX-96747,SOC-3016,PROD-509,2024-09-07,364.07,Tarjeta de Débito
TRX-96748,SOC-2672,PROD-510,2025-01-29,75.0,Tarjeta de Débito
TRX-96749,SOC-3384,PROD-508,2025-11-09,250.0,Tarjeta de Débito
TRX-96750,SOC-3691,PROD-508,2025-05-29,250.0,Efectivo
TRX-96751,SOC-2111,PROD-506,2024-12-11,461.88,Transferencia SPEI
TRX-96752,SOC-3305,PROD-512,2025-05-05,35.0,Tarjeta de Débito
TRX-96753,SOC-3309,PROD-505,2025-09-08,480.0,Transferencia SPEI
TRX-96754,SOC-2460,PROD-503,2025-04-23,6217.47,Tarjeta de Débito
TRX-96755,SOC-2890,PROD-506,2024-07-16,550.0,Tarjeta de Débito
TRX-96756,SOC-2364,PROD-501,2024-03-03,650.0,Efectivo
TRX-96757,SOC-3403,PROD-509,2025-03-17,400.0,Transferencia SPEI
TRX-96758,SOC-3466,PROD-502,2025-01-12,1186.34,Efectivo
TRX-96759,SOC-3294,PROD-510,2024-04-04,75.0,Tarjeta de Débito
TRX-96760,SOC-3374,PROD-511,2024-01-23,50.0,Transferencia SPEI
TRX-96761,SOC-2767,PROD-511,2024-04-13,50.0,Tarjeta de Débito
TRX-96762,SOC-3746,PROD-509,2024-11-23,374.74,Tarjeta de Débito
TRX-96763,SOC-2385,PROD-503,2024-07-09,6999.0,Transferencia SPEI
TRX-96764,SOC-2867,PROD-507,2025-12-28,750.0,Tarjeta de Crédito
TRX-96765,SOC-3750,PROD-508,2025-11-18,250.0,Efectivo
TRX-96766,SOC-3597,PROD-505,2024-05-11,480.0,Efectivo
TRX-96767,SOC-2004,PROD-507,2024-02-11,750.0,Efectivo
TRX-96768,SOC-3509,PROD-508,2024-02-14,231.82999999999998,Efectivo
TRX-96769,SOC-3083,PROD-505,2024-12-23,480.0,Tarjeta de Débito
TRX-96770,SOC-3189,PROD-507,2025-01-05,750.0,Efectivo
TRX-96771,SOC-2684,PROD-503,2025-04-29,6459.88,Transferencia SPEI
TRX-96772,SOC-2196,PROD-502,2026-04-01,1300.0,Tarjeta de Débito
TRX-96773,SOC-3032,PROD-504,2024-02-15,950.0,Efectivo
TRX-96774,SOC-3286,PROD-508,2025-05-05,250.0,Tarjeta de Débito
TRX-96775,SOC-2253,PROD-504,2024-02-11,950.0,Efectivo
TRX-96776,SOC-3220,PROD-503,2024-05-23,6071.88,Transferencia SPEI
TRX-96777,SOC-2589,PROD-506,2026-04-02,550.0,Transferencia SPEI
TRX-96778,SOC-2226,PROD-505,2025-04-02,480.0,Tarjeta de Crédito
TRX-96779,SOC-2090,PROD-505,2024-09-08,446.90999999999997,Tarjeta de Débito
TRX-96780,SOC-2510,PROD-502,2024-07-02,1300.0,Transferencia SPEI
TRX-96781,SOC-2720,PROD-507,2024-02-14,750.0,Tarjeta de Crédito
TRX-96782,SOC-2823,PROD-502,2025-02-27,1300.0,Tarjeta de Débito
TRX-96783,SOC-3045,PROD-501,2025-03-04,650.0,Tarjeta de Débito
TRX-96784,SOC-2930,PROD-506,2024-12-05,550.0,Transferencia SPEI
TRX-96785,SOC-2936,PROD-503,2024-02-25,6999.0,Transferencia SPEI
TRX-96786,SOC-3289,PROD-508,2026-02-04,220.45,Tarjeta de Débito
TRX-96787,SOC-2231,PROD-501,2024-01-08,650.0,Tarjeta de Débito
TRX-96788,SOC-3533,PROD-511,2025-03-23,50.0,Efectivo
TRX-96789,SOC-2873,PROD-510,2024-01-03,75.0,Efectivo
TRX-96790,SOC-3583,PROD-502,2024-07-01,1133.1,Transferencia SPEI
TRX-96791,SOC-2930,PROD-512,2025-09-05,35.0,Tarjeta de Crédito
TRX-96792,SOC-2494,PROD-506,2026-03-29,550.0,Tarjeta de Crédito
TRX-96793,SOC-3557,PROD-512,2024-08-24,28.71,Tarjeta de Débito
TRX-96794,SOC-3085,PROD-505,2026-01-21,480.0,Tarjeta de Débito
TRX-96795,SOC-2168,PROD-507,2024-12-04,750.0,Efectivo
TRX-96796,SOC-2906,PROD-510,2024-10-30,75.0,Efectivo
TRX-96797,SOC-3447,PROD-509,2024-08-20,363.72,Transferencia SPEI
TRX-96798,SOC-3400,PROD-505,2025-02-26,480.0,Tarjeta de Débito
TRX-96799,SOC-3287,PROD-511,2024-12-04,50.0,Efectivo
TRX-96800,SOC-2293,PROD-512,2024-02-05,35.0,Efectivo
TRX-96801,SOC-2662,PROD-512,2024-11-08,35.0,Efectivo
TRX-96802,SOC-3596,PROD-506,2024-04-10,504.24,Tarjeta de Débito
TRX-96803,SOC-2802,PROD-506,2026-01-10,550.0,Transferencia SPEI
TRX-96804,SOC-2416,PROD-504,2024-01-07,950.0,Tarjeta de Débito
TRX-96805,SOC-3434,PROD-505,2024-07-17,480.0,Efectivo
TRX-96806,SOC-2006,PROD-510,2026-04-19,75.0,Tarjeta de Débito
TRX-96807,SOC-2245,PROD-507,2026-02-28,750.0,Tarjeta de Crédito
TRX-96808,SOC-2924,PROD-508,2024-02-03,250.0,Tarjeta de Crédito
TRX-96809,SOC-2197,PROD-508,2024-01-11,250.0,Tarjeta de Débito
TRX-96810,SOC-2903,PROD-501,2024-04-23,650.0,Tarjeta de Débito
TRX-96811,SOC-3442,PROD-512,2025-09-29,35.0,Tarjeta de Crédito
TRX-96812,SOC-3767,PROD-504,2025-10-04,950.0,Transferencia SPEI
TRX-96813,SOC-2190,PROD-508,2025-10-19,250.0,Tarjeta de Débito
TRX-96814,SOC-2780,PROD-509,2024-04-21,400.0,Transferencia SPEI
TRX-96815,SOC-2768,PROD-501,2024-12-29,650.0,Transferencia SPEI
TRX-96816,SOC-3515,PROD-504,2025-12-06,950.0,Tarjeta de Crédito
TRX-96817,SOC-2063,PROD-512,2024-03-11,35.0,Tarjeta de Débito
TRX-96818,SOC-3477,PROD-506,2026-04-25,550.0,Transferencia SPEI
TRX-96819,SOC-3243,PROD-509,2024-07-12,400.0,Efectivo
TRX-96820,SOC-3000,PROD-510,2024-08-04,75.0,Transferencia SPEI
TRX-96821,SOC-2589,PROD-511,2025-05-26,42.980000000000004,Tarjeta de Débito
TRX-96822,SOC-3481,PROD-505,2024-02-14,480.0,Tarjeta de Débito
TRX-96823,SOC-3782,PROD-506,2026-04-27,461.45,Tarjeta de Crédito
TRX-96824,SOC-3723,PROD-506,2025-04-23,481.46,Transferencia SPEI
TRX-96825,SOC-3772,PROD-506,2024-01-07,550.0,Transferencia SPEI
TRX-96826,SOC-2369,PROD-501,2025-04-25,650.0,Tarjeta de Débito
TRX-96827,SOC-2872,PROD-503,2025-10-30,6999.0,Tarjeta de Crédito
TRX-96828,SOC-2922,PROD-502,2025-08-17,1300.0,Tarjeta de Crédito
TRX-96829,SOC-2842,PROD-501,2026-02-17,526.6,Transferencia SPEI
TRX-96830,SOC-3614,PROD-512,2026-04-18,35.0,Efectivo
TRX-96831,SOC-3150,PROD-507,2025-06-08,750.0,Efectivo
TRX-96832,SOC-3515,PROD-502,2024-01-28,1300.0,Tarjeta de Crédito
TRX-96833,SOC-2893,PROD-501,2025-08-24,650.0,Tarjeta de Débito
TRX-96834,SOC-3730,PROD-510,2024-01-04,75.0,Efectivo
TRX-96835,SOC-3339,PROD-508,2024-02-20,230.14,Tarjeta de Crédito
TRX-96836,SOC-3024,PROD-512,2025-02-19,35.0,Efectivo
TRX-96837,SOC-2706,PROD-511,2025-11-13,50.0,Transferencia SPEI
TRX-96838,SOC-2953,PROD-508,2025-05-22,250.0,Efectivo
TRX-96839,SOC-2569,PROD-511,2025-08-25,50.0,Transferencia SPEI
TRX-96840,SOC-3038,PROD-503,2024-04-12,6296.46,Transferencia SPEI
TRX-96841,SOC-2627,PROD-507,2024-01-29,750.0,Transferencia SPEI
TRX-96842,SOC-2415,PROD-511,2024-11-21,50.0,Tarjeta de Débito
TRX-96843,SOC-2800,PROD-512,2026-03-28,35.0,Efectivo
TRX-96844,SOC-3215,PROD-503,2024-06-01,5740.59,Efectivo
TRX-96845,SOC-2420,PROD-506,2025-02-14,550.0,Transferencia SPEI
TRX-96846,SOC-3633,PROD-505,2026-01-18,480.0,Tarjeta de Crédito
TRX-96847,SOC-2721,PROD-501,2024-02-19,650.0,Efectivo
TRX-96848,SOC-2870,PROD-508,2026-02-03,250.0,Transferencia SPEI
TRX-96849,SOC-3309,PROD-508,2024-07-12,250.0,Efectivo
TRX-96850,SOC-3129,PROD-503,2026-01-18,5885.87,Tarjeta de Débito
TRX-96851,SOC-3044,PROD-508,2024-10-15,250.0,Tarjeta de Crédito
TRX-96852,SOC-2766,PROD-510,2025-09-29,75.0,Tarjeta de Débito
TRX-96853,SOC-3341,PROD-509,2024-11-10,400.0,Tarjeta de Crédito
TRX-96854,SOC-2764,PROD-507,2025-09-10,750.0,Transferencia SPEI
TRX-96855,SOC-3540,PROD-502,2024-06-30,1300.0,Efectivo
TRX-96856,SOC-3726,PROD-502,2025-09-18,1300.0,Transferencia SPEI
TRX-96857,SOC-2521,PROD-507,2025-10-17,750.0,Tarjeta de Crédito
TRX-96858,SOC-2782,PROD-508,2024-04-24,250.0,Transferencia SPEI
TRX-96859,SOC-3199,PROD-510,2024-07-12,75.0,Tarjeta de Crédito
TRX-96860,SOC-3390,PROD-501,2024-08-05,650.0,Tarjeta de Crédito
TRX-96861,SOC-3567,PROD-509,2025-05-04,400.0,Efectivo
TRX-96862,SOC-2658,PROD-511,2025-02-06,50.0,Transferencia SPEI
TRX-96863,SOC-2766,PROD-504,2024-08-29,950.0,Tarjeta de Débito
TRX-96864,SOC-2365,PROD-507,2025-12-07,750.0,Tarjeta de Crédito
TRX-96865,SOC-3226,PROD-511,2024-10-10,50.0,Transferencia SPEI
TRX-96866,SOC-2520,PROD-508,2025-05-31,230.51,Tarjeta de Crédito
TRX-96867,SOC-2826,PROD-510,2025-11-11,75.0,Tarjeta de Débito
TRX-96868,SOC-3528,PROD-506,2024-05-05,550.0,Tarjeta de Crédito
TRX-96869,SOC-3640,PROD-503,2024-05-20,6999.0,Efectivo
TRX-96870,SOC-2903,PROD-511,2025-04-16,50.0,Tarjeta de Débito
TRX-96871,SOC-2017,PROD-504,2025-08-04,950.0,Transferencia SPEI
TRX-96872,SOC-2765,PROD-511,2025-10-25,45.06,Transferencia SPEI
TRX-96873,SOC-3419,PROD-511,2025-05-21,50.0,Efectivo
TRX-96874,SOC-2940,PROD-505,2024-07-27,446.96,Tarjeta de Débito
TRX-96875,SOC-2434,PROD-505,2025-10-18,480.0,Tarjeta de Débito
TRX-96876,SOC-2508,PROD-509,2025-12-13,338.6,Transferencia SPEI
TRX-96877,SOC-2721,PROD-501,2025-08-24,523.05,Tarjeta de Crédito
TRX-96878,SOC-2103,PROD-510,2024-10-05,75.0,Tarjeta de Crédito
TRX-96879,SOC-2780,PROD-510,2025-12-19,75.0,Transferencia SPEI
TRX-96880,SOC-3319,PROD-506,2025-03-03,550.0,Tarjeta de Débito
TRX-96881,SOC-2404,PROD-504,2025-08-13,826.14,Transferencia SPEI
TRX-96882,SOC-2010,PROD-509,2025-07-03,400.0,Efectivo
TRX-96883,SOC-2819,PROD-510,2026-02-16,75.0,Tarjeta de Débito
TRX-96884,SOC-2545,PROD-502,2024-03-02,1300.0,Efectivo
TRX-96885,SOC-2033,PROD-505,2024-05-29,480.0,Transferencia SPEI
TRX-96886,SOC-2534,PROD-510,2024-07-16,75.0,Tarjeta de Crédito
TRX-96887,SOC-2235,PROD-501,2024-04-19,650.0,Efectivo
TRX-96888,SOC-3035,PROD-509,2025-10-17,400.0,Efectivo
TRX-96889,SOC-2439,PROD-503,2026-02-19,6999.0,Tarjeta de Crédito
TRX-96890,SOC-2758,PROD-508,2024-11-24,250.0,Tarjeta de Débito
TRX-96891,SOC-3632,PROD-509,2025-10-11,374.65,Transferencia SPEI
TRX-96892,SOC-2077,PROD-504,2024-11-02,950.0,Transferencia SPEI
TRX-96893,SOC-2109,PROD-511,2024-04-04,50.0,Transferencia SPEI
TRX-96894,SOC-2587,PROD-511,2024-06-14,50.0,Tarjeta de Débito
TRX-96895,SOC-3705,PROD-506,2024-11-27,550.0,Tarjeta de Crédito
TRX-96896,SOC-2007,PROD-503,2024-05-06,6999.0,Tarjeta de Débito
TRX-96897,SOC-3453,PROD-505,2026-03-23,480.0,Tarjeta de Crédito
TRX-96898,SOC-2296,PROD-511,2024-09-12,50.0,Efectivo
TRX-96899,SOC-3004,PROD-502,2026-02-07,1300.0,Tarjeta de Débito
TRX-96900,SOC-2470,PROD-505,2025-01-29,480.0,Efectivo
TRX-96901,SOC-3642,PROD-510,2024-12-14,75.0,Tarjeta de Débito
TRX-96902,SOC-2968,PROD-511,2024-02-20,50.0,Efectivo
TRX-96903,SOC-2855,PROD-501,2026-03-26,650.0,Efectivo
TRX-96904,SOC-2106,PROD-508,2025-08-14,250.0,Tarjeta de Débito
TRX-96905,SOC-2222,PROD-507,2024-07-13,750.0,Efectivo
TRX-96906,SOC-2532,PROD-511,2026-02-19,50.0,Tarjeta de Crédito
TRX-96907,SOC-2001,PROD-503,2024-06-18,6999.0,Efectivo
TRX-96908,SOC-2999,PROD-506,2025-02-12,480.05,Tarjeta de Débito
TRX-96909,SOC-2894,PROD-505,2025-11-11,480.0,Tarjeta de Débito
TRX-96910,SOC-2553,PROD-502,2024-07-15,1300.0,Tarjeta de Crédito
TRX-96911,SOC-2891,PROD-507,2025-01-03,750.0,Efectivo
TRX-96912,SOC-2288,PROD-509,2024-12-14,400.0,Efectivo
TRX-96913,SOC-2674,PROD-507,2025-12-14,750.0,Tarjeta de Débito
TRX-96914,SOC-3131,PROD-502,2025-03-25,1300.0,Efectivo
TRX-96915,SOC-3366,PROD-506,2026-01-14,550.0,Tarjeta de Crédito
TRX-96916,SOC-3159,PROD-501,2025-12-21,650.0,Tarjeta de Débito
TRX-96917,SOC-3214,PROD-503,2024-06-23,6035.0,Efectivo
TRX-96918,SOC-3318,PROD-511,2024-04-15,50.0,Tarjeta de Crédito
TRX-96919,SOC-3169,PROD-510,2025-09-14,75.0,Efectivo
TRX-96920,SOC-2595,PROD-502,2024-10-18,1218.6,Tarjeta de Débito
TRX-96921,SOC-3421,PROD-512,2025-02-10,35.0,Tarjeta de Crédito
TRX-96922,SOC-3189,PROD-502,2024-10-18,1300.0,Transferencia SPEI
TRX-96923,SOC-2659,PROD-503,2024-01-06,6999.0,Tarjeta de Crédito
TRX-96924,SOC-3681,PROD-512,2024-02-01,31.66,Efectivo
TRX-96925,SOC-2312,PROD-501,2025-09-26,650.0,Tarjeta de Débito
TRX-96926,SOC-3438,PROD-505,2025-03-22,480.0,Transferencia SPEI
TRX-96927,SOC-2826,PROD-506,2025-10-01,550.0,Efectivo
TRX-96928,SOC-3416,PROD-509,2024-05-30,400.0,Efectivo
TRX-96929,SOC-2507,PROD-511,2025-01-29,50.0,Tarjeta de Débito
TRX-96930,SOC-3243,PROD-502,2025-03-02,1300.0,Tarjeta de Débito
TRX-96931,SOC-3422,PROD-511,2025-08-13,40.68,Tarjeta de Débito
TRX-96932,SOC-2392,PROD-503,2026-01-06,5961.79,Efectivo
TRX-96933,SOC-2202,PROD-504,2024-03-04,950.0,Tarjeta de Crédito
TRX-96934,SOC-2446,PROD-502,2025-01-02,1300.0,Tarjeta de Crédito
TRX-96935,SOC-2483,PROD-505,2024-07-06,480.0,Efectivo
TRX-96936,SOC-3490,PROD-503,2024-05-31,6999.0,Tarjeta de Débito
TRX-96937,SOC-2809,PROD-503,2025-02-06,6999.0,Efectivo
TRX-96938,SOC-3290,PROD-504,2026-03-10,950.0,Tarjeta de Crédito
TRX-96939,SOC-2642,PROD-504,2026-02-14,950.0,Tarjeta de Crédito
TRX-96940,SOC-2496,PROD-509,2025-03-10,400.0,Efectivo
TRX-96941,SOC-3667,PROD-508,2025-04-30,250.0,Tarjeta de Débito
TRX-96942,SOC-3583,PROD-503,2025-09-25,6999.0,Tarjeta de Crédito
TRX-96943,SOC-3335,PROD-511,2025-11-07,50.0,Transferencia SPEI
TRX-96944,SOC-3311,PROD-512,2025-03-12,35.0,Transferencia SPEI
TRX-96945,SOC-2620,PROD-501,2025-07-06,650.0,Transferencia SPEI
TRX-96946,SOC-2997,PROD-503,2024-03-17,5966.34,Tarjeta de Crédito
TRX-96947,SOC-3626,PROD-505,2025-12-05,438.64,Tarjeta de Crédito
TRX-96948,SOC-3432,PROD-501,2026-03-21,650.0,Efectivo
TRX-96949,SOC-2039,PROD-512,2025-11-20,35.0,Transferencia SPEI
TRX-96950,SOC-2297,PROD-505,2026-03-28,480.0,Tarjeta de Crédito
TRX-96951,SOC-2706,PROD-505,2024-07-06,480.0,Tarjeta de Débito
TRX-96952,SOC-2133,PROD-507,2026-02-01,750.0,Tarjeta de Crédito
TRX-96953,SOC-3216,PROD-503,2025-05-12,6999.0,Transferencia SPEI
TRX-96954,SOC-3542,PROD-512,2026-02-10,35.0,Tarjeta de Crédito
TRX-96955,SOC-3190,PROD-509,2024-11-22,400.0,Tarjeta de Crédito
TRX-96956,SOC-3138,PROD-511,2024-04-15,50.0,Tarjeta de Crédito
TRX-96957,SOC-3629,PROD-509,2025-08-13,400.0,Transferencia SPEI
TRX-96958,SOC-3328,PROD-504,2025-11-17,950.0,Transferencia SPEI
TRX-96959,SOC-3125,PROD-511,2025-03-12,50.0,Transferencia SPEI
TRX-96960,SOC-3511,PROD-501,2024-10-07,650.0,Tarjeta de Crédito
TRX-96961,SOC-2722,PROD-508,2026-03-02,250.0,Efectivo
TRX-96962,SOC-3068,PROD-510,2025-09-08,75.0,Tarjeta de Crédito
TRX-96963,SOC-2145,PROD-502,2026-01-12,1300.0,Tarjeta de Crédito
TRX-96964,SOC-3382,PROD-502,2025-10-28,1300.0,Tarjeta de Crédito
TRX-96965,SOC-2640,PROD-512,2025-04-23,35.0,Tarjeta de Débito
TRX-96966,SOC-2015,PROD-508,2025-11-02,219.52,Efectivo
TRX-96967,SOC-3482,PROD-509,2025-07-18,400.0,Tarjeta de Débito
TRX-96968,SOC-3160,PROD-505,2025-11-05,480.0,Transferencia SPEI
TRX-96969,SOC-2406,PROD-506,2025-04-12,550.0,Transferencia SPEI
TRX-96970,SOC-3443,PROD-507,2024-05-08,750.0,Tarjeta de Crédito
TRX-96971,SOC-3120,PROD-501,2026-04-11,650.0,Tarjeta de Débito
TRX-96972,SOC-2150,PROD-510,2026-03-10,75.0,Tarjeta de Débito
TRX-96973,SOC-3516,PROD-506,2024-10-11,550.0,Tarjeta de Crédito
TRX-96974,SOC-2760,PROD-510,2024-12-06,75.0,Tarjeta de Crédito
TRX-96975,SOC-3674,PROD-504,2025-12-25,855.84,Efectivo
TRX-96976,SOC-2719,PROD-505,2024-04-08,480.0,Tarjeta de Crédito
TRX-96977,SOC-3351,PROD-512,2024-12-28,29.32,Efectivo
TRX-96978,SOC-2054,PROD-510,2025-02-24,75.0,Tarjeta de Débito
TRX-96979,SOC-2220,PROD-511,2024-08-23,50.0,Transferencia SPEI
TRX-96980,SOC-2470,PROD-507,2026-02-13,750.0,Efectivo
TRX-96981,SOC-3748,PROD-506,2026-01-21,517.15,Tarjeta de Crédito
TRX-96982,SOC-3018,PROD-503,2024-05-24,6999.0,Tarjeta de Crédito
TRX-96983,SOC-2860,PROD-512,2025-05-13,35.0,Transferencia SPEI
TRX-96984,SOC-3779,PROD-501,2025-12-27,650.0,Tarjeta de Crédito
TRX-96985,SOC-2444,PROD-511,2026-04-25,50.0,Tarjeta de Crédito
TRX-96986,SOC-3057,PROD-502,2025-03-27,1080.47,Tarjeta de Crédito
TRX-96987,SOC-2724,PROD-505,2025-11-21,480.0,Tarjeta de Débito
TRX-96988,SOC-3797,PROD-503,2026-04-20,5700.87,Transferencia SPEI
TRX-96989,SOC-3535,PROD-506,2025-08-18,550.0,Transferencia SPEI
TRX-96990,SOC-3673,PROD-504,2024-03-13,816.1,Tarjeta de Crédito
TRX-96991,SOC-2489,PROD-502,2024-01-17,1300.0,Transferencia SPEI
TRX-96992,SOC-2332,PROD-504,2024-02-25,950.0,Tarjeta de Débito
TRX-96993,SOC-3601,PROD-510,2024-09-22,75.0,Efectivo
TRX-96994,SOC-2055,PROD-504,2026-04-13,950.0,Efectivo
TRX-96995,SOC-3044,PROD-501,2024-09-06,650.0,Tarjeta de Débito
TRX-96996,SOC-3121,PROD-506,2026-01-02,519.41,Efectivo
TRX-96997,SOC-2265,PROD-502,2025-05-27,1300.0,Efectivo
TRX-96998,SOC-3447,PROD-505,2024-01-25,480.0,Transferencia SPEI
TRX-96999,SOC-2094,PROD-503,2025-06-14,6999.0,Transferencia SPEI
TRX-97000,SOC-2129,PROD-507,2025-10-11,750.0,Transferencia SPEI
TRX-97001,SOC-3314,PROD-511,2024-07-15,50.0,Efectivo
TRX-97002,SOC-2577,PROD-510,2025-09-13,75.0,Efectivo
TRX-97003,SOC-2430,PROD-511,2024-05-11,50.0,Tarjeta de Débito
TRX-97004,SOC-2385,PROD-511,2024-11-14,50.0,Tarjeta de Débito
TRX-97005,SOC-2437,PROD-512,2024-07-28,35.0,Tarjeta de Crédito
TRX-97006,SOC-2214,PROD-501,2025-02-25,650.0,Efectivo
TRX-97007,SOC-3649,PROD-501,2024-10-28,650.0,Efectivo
TRX-97008,SOC-2135,PROD-501,2025-10-06,650.0,Tarjeta de Crédito
TRX-97009,SOC-2250,PROD-504,2024-12-10,950.0,Transferencia SPEI
TRX-97010,SOC-3170,PROD-505,2024-05-16,421.99,Tarjeta de Crédito
TRX-97011,SOC-3403,PROD-511,2024-05-10,50.0,Tarjeta de Débito
TRX-97012,SOC-2867,PROD-512,2025-04-20,32.8,Transferencia SPEI
TRX-97013,SOC-3628,PROD-502,2025-12-28,1300.0,Transferencia SPEI
TRX-97014,SOC-3465,PROD-509,2026-04-22,400.0,Transferencia SPEI
TRX-97015,SOC-2976,PROD-512,2025-03-24,35.0,Efectivo
TRX-97016,SOC-2446,PROD-509,2025-05-06,400.0,Efectivo
TRX-97017,SOC-2264,PROD-504,2025-09-13,950.0,Tarjeta de Crédito
TRX-97018,SOC-3259,PROD-508,2025-10-20,250.0,Tarjeta de Crédito
TRX-97019,SOC-2086,PROD-505,2025-06-02,480.0,Efectivo
TRX-97020,SOC-2564,PROD-506,2024-04-29,550.0,Tarjeta de Débito
TRX-97021,SOC-2700,PROD-512,2025-05-28,35.0,Efectivo
TRX-97022,SOC-3322,PROD-512,2026-03-20,35.0,Tarjeta de Crédito
TRX-97023,SOC-2575,PROD-502,2025-07-05,1300.0,Efectivo
TRX-97024,SOC-3022,PROD-510,2025-11-04,75.0,Tarjeta de Débito
TRX-97025,SOC-3491,PROD-511,2024-02-11,50.0,Efectivo
TRX-97026,SOC-2713,PROD-508,2026-04-04,250.0,Tarjeta de Débito
TRX-97027,SOC-3270,PROD-504,2025-08-05,762.21,Tarjeta de Débito
TRX-97028,SOC-2489,PROD-511,2025-02-04,50.0,Efectivo
TRX-97029,SOC-2741,PROD-505,2026-04-27,480.0,Tarjeta de Crédito
TRX-97030,SOC-3572,PROD-504,2025-08-20,950.0,Efectivo
TRX-97031,SOC-3381,PROD-510,2024-11-19,75.0,Transferencia SPEI
TRX-97032,SOC-2467,PROD-509,2024-11-17,400.0,Transferencia SPEI
TRX-97033,SOC-2018,PROD-503,2024-02-25,6999.0,Efectivo
TRX-97034,SOC-3573,PROD-506,2024-07-20,550.0,Tarjeta de Débito
TRX-97035,SOC-2381,PROD-501,2025-12-04,650.0,Tarjeta de Débito
TRX-97036,SOC-3398,PROD-511,2024-12-22,50.0,Tarjeta de Crédito
TRX-97037,SOC-3380,PROD-506,2024-09-30,550.0,Efectivo
TRX-97038,SOC-2922,PROD-509,2025-12-26,400.0,Transferencia SPEI
TRX-97039,SOC-2934,PROD-508,2025-12-16,250.0,Tarjeta de Crédito
TRX-97040,SOC-3320,PROD-512,2026-01-17,28.14,Efectivo
TRX-97041,SOC-3562,PROD-501,2026-01-28,541.49,Efectivo
TRX-97042,SOC-2568,PROD-501,2026-02-26,650.0,Tarjeta de Débito
TRX-97043,SOC-3013,PROD-502,2024-05-07,1300.0,Tarjeta de Débito
TRX-97044,SOC-2825,PROD-502,2025-12-05,1300.0,Transferencia SPEI
TRX-97045,SOC-3101,PROD-512,2024-01-16,35.0,Tarjeta de Débito
TRX-97046,SOC-2195,PROD-501,2025-12-11,650.0,Transferencia SPEI
TRX-97047,SOC-2838,PROD-508,2024-03-24,250.0,Tarjeta de Débito
TRX-97048,SOC-2560,PROD-503,2025-03-19,6342.13,Transferencia SPEI
TRX-97049,SOC-2122,PROD-512,2024-09-21,35.0,Transferencia SPEI
TRX-97050,SOC-2963,PROD-502,2024-04-27,1300.0,Efectivo
TRX-97051,SOC-3029,PROD-508,2025-04-22,250.0,Tarjeta de Crédito
TRX-97052,SOC-2497,PROD-503,2024-11-30,6999.0,Efectivo
TRX-97053,SOC-3420,PROD-505,2025-11-06,480.0,Efectivo
TRX-97054,SOC-2950,PROD-504,2024-05-17,950.0,Transferencia SPEI
TRX-97055,SOC-3351,PROD-507,2026-03-02,750.0,Transferencia SPEI
TRX-97056,SOC-3347,PROD-505,2025-09-07,480.0,Efectivo
TRX-97057,SOC-3546,PROD-504,2025-10-16,950.0,Tarjeta de Débito
TRX-97058,SOC-3635,PROD-504,2025-06-09,950.0,Transferencia SPEI
TRX-97059,SOC-2906,PROD-510,2025-09-01,75.0,Tarjeta de Crédito
TRX-97060,SOC-2535,PROD-507,2025-08-10,750.0,Transferencia SPEI
TRX-97061,SOC-2046,PROD-505,2025-06-24,389.11,Tarjeta de Crédito
TRX-97062,SOC-2122,PROD-502,2025-06-07,1300.0,Tarjeta de Débito
TRX-97063,SOC-2502,PROD-503,2024-09-10,6371.59,Tarjeta de Débito
TRX-97064,SOC-3412,PROD-507,2026-04-15,750.0,Efectivo
TRX-97065,SOC-2341,PROD-508,2025-01-11,250.0,Transferencia SPEI
TRX-97066,SOC-2117,PROD-501,2024-09-08,650.0,Transferencia SPEI
TRX-97067,SOC-2555,PROD-504,2026-01-16,950.0,Tarjeta de Débito
TRX-97068,SOC-2781,PROD-511,2025-04-25,50.0,Tarjeta de Débito
TRX-97069,SOC-2431,PROD-507,2024-05-21,750.0,Tarjeta de Crédito
TRX-97070,SOC-2421,PROD-502,2024-03-15,1300.0,Tarjeta de Débito
TRX-97071,SOC-2224,PROD-511,2024-03-09,41.230000000000004,Efectivo
TRX-97072,SOC-3311,PROD-503,2024-01-29,6999.0,Transferencia SPEI
TRX-97073,SOC-2210,PROD-504,2026-01-24,950.0,Tarjeta de Crédito
TRX-97074,SOC-2109,PROD-501,2025-01-04,650.0,Tarjeta de Crédito
TRX-97075,SOC-2155,PROD-511,2024-11-12,50.0,Transferencia SPEI
TRX-97076,SOC-3606,PROD-508,2025-10-31,250.0,Tarjeta de Crédito
TRX-97077,SOC-3533,PROD-506,2026-04-15,550.0,Tarjeta de Débito
TRX-97078,SOC-3372,PROD-503,2024-11-19,6999.0,Efectivo
TRX-97079,SOC-2254,PROD-507,2024-04-21,750.0,Tarjeta de Débito
TRX-97080,SOC-3369,PROD-510,2025-08-07,75.0,Tarjeta de Débito
TRX-97081,SOC-2554,PROD-512,2024-05-25,35.0,Efectivo
TRX-97082,SOC-3094,PROD-505,2026-04-26,480.0,Tarjeta de Crédito
TRX-97083,SOC-2899,PROD-506,2025-07-02,550.0,Transferencia SPEI
TRX-97084,SOC-3086,PROD-503,2026-01-07,6999.0,Tarjeta de Débito
TRX-97085,SOC-2123,PROD-509,2024-04-19,400.0,Tarjeta de Débito
TRX-97086,SOC-2065,PROD-503,2026-03-29,6999.0,Tarjeta de Crédito
TRX-97087,SOC-2712,PROD-509,2025-01-14,400.0,Tarjeta de Débito
TRX-97088,SOC-3047,PROD-501,2025-12-11,650.0,Tarjeta de Débito
TRX-97089,SOC-3794,PROD-511,2024-06-24,50.0,Efectivo
TRX-97090,SOC-2689,PROD-501,2026-04-05,650.0,Efectivo
TRX-97091,SOC-3788,PROD-508,2026-01-03,250.0,Efectivo
TRX-97092,SOC-3200,PROD-511,2025-10-07,50.0,Tarjeta de Crédito
TRX-97093,SOC-2739,PROD-505,2026-03-18,480.0,Tarjeta de Débito
TRX-97094,SOC-2270,PROD-506,2024-07-04,550.0,Transferencia SPEI
TRX-97095,SOC-3009,PROD-508,2025-05-09,250.0,Tarjeta de Débito
TRX-97096,SOC-3159,PROD-507,2024-09-27,750.0,Tarjeta de Crédito
TRX-97097,SOC-2070,PROD-505,2025-03-13,480.0,Efectivo
TRX-97098,SOC-2100,PROD-507,2024-01-09,750.0,Tarjeta de Crédito
TRX-97099,SOC-2800,PROD-505,2025-07-13,480.0,Transferencia SPEI
TRX-97100,SOC-2746,PROD-506,2026-04-01,550.0,Transferencia SPEI
TRX-97101,SOC-3216,PROD-504,2026-03-15,950.0,Tarjeta de Débito
TRX-97102,SOC-3335,PROD-505,2025-10-30,480.0,Efectivo
TRX-97103,SOC-3194,PROD-502,2024-05-23,1062.24,Tarjeta de Débito
TRX-97104,SOC-2050,PROD-508,2024-06-09,250.0,Tarjeta de Débito
TRX-97105,SOC-3659,PROD-506,2026-01-18,550.0,Transferencia SPEI
TRX-97106,SOC-2090,PROD-502,2026-02-12,1300.0,Tarjeta de Crédito
TRX-97107,SOC-2290,PROD-511,2026-01-31,50.0,Efectivo
TRX-97108,SOC-2902,PROD-510,2024-05-26,75.0,Tarjeta de Crédito
TRX-97109,SOC-2739,PROD-511,2026-03-24,43.92,Tarjeta de Crédito
TRX-97110,SOC-2255,PROD-511,2025-02-07,50.0,Tarjeta de Crédito
TRX-97111,SOC-2270,PROD-506,2024-03-01,550.0,Tarjeta de Crédito
TRX-97112,SOC-3536,PROD-511,2025-12-10,50.0,Tarjeta de Débito
TRX-97113,SOC-2505,PROD-511,2025-10-11,50.0,Tarjeta de Débito
TRX-97114,SOC-2548,PROD-503,2025-04-15,6999.0,Tarjeta de Débito
TRX-97115,SOC-2319,PROD-511,2024-09-05,50.0,Transferencia SPEI
TRX-97116,SOC-3212,PROD-505,2025-08-06,480.0,Tarjeta de Débito
TRX-97117,SOC-2689,PROD-505,2025-09-11,480.0,Tarjeta de Débito
TRX-97118,SOC-3457,PROD-510,2024-12-28,75.0,Efectivo
TRX-97119,SOC-2355,PROD-508,2026-01-12,250.0,Efectivo
TRX-97120,SOC-3010,PROD-512,2024-10-21,35.0,Tarjeta de Crédito
TRX-97121,SOC-2900,PROD-512,2024-04-19,35.0,Tarjeta de Crédito
TRX-97122,SOC-3741,PROD-503,2025-11-30,6999.0,Efectivo
TRX-97123,SOC-2331,PROD-504,2025-09-06,950.0,Transferencia SPEI
TRX-97124,SOC-3767,PROD-511,2024-05-12,50.0,Efectivo
TRX-97125,SOC-2946,PROD-507,2026-04-15,750.0,Efectivo
TRX-97126,SOC-3570,PROD-511,2024-10-10,50.0,Tarjeta de Débito
TRX-97127,SOC-3492,PROD-507,2024-12-10,750.0,Efectivo
TRX-97128,SOC-2166,PROD-503,2025-07-19,6999.0,Efectivo
TRX-97129,SOC-2252,PROD-501,2024-12-24,604.25,Tarjeta de Crédito
TRX-97130,SOC-3090,PROD-512,2025-09-09,35.0,Transferencia SPEI
TRX-97131,SOC-3588,PROD-511,2024-10-25,50.0,Tarjeta de Débito
TRX-97132,SOC-3204,PROD-506,2024-06-22,550.0,Tarjeta de Crédito
TRX-97133,SOC-2906,PROD-507,2025-05-17,750.0,Tarjeta de Débito
TRX-97134,SOC-2374,PROD-504,2025-10-01,950.0,Tarjeta de Débito
TRX-97135,SOC-2445,PROD-504,2026-04-19,950.0,Transferencia SPEI
TRX-97136,SOC-2397,PROD-512,2026-03-17,30.94,Tarjeta de Crédito
TRX-97137,SOC-3246,PROD-507,2026-02-27,750.0,Tarjeta de Crédito
TRX-97138,SOC-2164,PROD-506,2024-05-02,511.12,Efectivo
TRX-97139,SOC-3003,PROD-508,2026-02-13,250.0,Tarjeta de Débito
TRX-97140,SOC-2397,PROD-511,2025-10-03,50.0,Transferencia SPEI
TRX-97141,SOC-3797,PROD-510,2025-11-13,75.0,Tarjeta de Débito
TRX-97142,SOC-2444,PROD-508,2024-03-10,250.0,Tarjeta de Débito
TRX-97143,SOC-2976,PROD-504,2024-04-24,950.0,Tarjeta de Débito
TRX-97144,SOC-2372,PROD-501,2025-07-27,650.0,Tarjeta de Crédito
TRX-97145,SOC-2135,PROD-509,2025-04-09,400.0,Tarjeta de Débito
TRX-97146,SOC-2106,PROD-508,2025-09-29,250.0,Tarjeta de Crédito
TRX-97147,SOC-2957,PROD-508,2026-04-29,250.0,Efectivo
TRX-97148,SOC-2267,PROD-510,2025-05-02,75.0,Tarjeta de Débito
TRX-97149,SOC-2176,PROD-512,2024-11-14,35.0,Efectivo
TRX-97150,SOC-3572,PROD-503,2025-12-01,6999.0,Tarjeta de Débito
TRX-97151,SOC-3243,PROD-511,2026-04-29,50.0,Efectivo
TRX-97152,SOC-3077,PROD-503,2025-02-25,6999.0,Efectivo
TRX-97153,SOC-2001,PROD-510,2024-03-01,75.0,Tarjeta de Crédito
TRX-97154,SOC-2057,PROD-509,2025-11-01,400.0,Efectivo
TRX-97155,SOC-3785,PROD-503,2026-02-10,6035.58,Tarjeta de Débito
TRX-97156,SOC-2712,PROD-503,2024-09-08,6999.0,Tarjeta de Débito
TRX-97157,SOC-3168,PROD-507,2026-03-01,686.11,Efectivo
TRX-97158,SOC-3665,PROD-506,2026-04-10,550.0,Transferencia SPEI
TRX-97159,SOC-2719,PROD-502,2025-04-16,1300.0,Efectivo
TRX-97160,SOC-2405,PROD-503,2024-07-20,5666.45,Efectivo
TRX-97161,SOC-3627,PROD-507,2024-01-04,750.0,Tarjeta de Débito
TRX-97162,SOC-2138,PROD-508,2024-12-10,201.7,Tarjeta de Débito
TRX-97163,SOC-2250,PROD-504,2024-01-25,829.36,Transferencia SPEI
TRX-97164,SOC-3011,PROD-511,2024-12-23,50.0,Transferencia SPEI
TRX-97165,SOC-2665,PROD-506,2025-11-30,550.0,Efectivo
TRX-97166,SOC-3204,PROD-506,2025-08-11,550.0,Tarjeta de Débito
TRX-97167,SOC-2687,PROD-501,2024-10-30,650.0,Transferencia SPEI
TRX-97168,SOC-2361,PROD-504,2025-02-04,950.0,Tarjeta de Débito
TRX-97169,SOC-3387,PROD-507,2024-05-11,750.0,Transferencia SPEI
TRX-97170,SOC-2695,PROD-502,2025-07-07,1300.0,Tarjeta de Débito
TRX-97171,SOC-3572,PROD-512,2024-05-17,29.09,Tarjeta de Crédito
TRX-97172,SOC-3334,PROD-509,2024-10-03,400.0,Tarjeta de Débito
TRX-97173,SOC-2095,PROD-511,2025-12-06,50.0,Transferencia SPEI
TRX-97174,SOC-2300,PROD-502,2025-05-13,1300.0,Tarjeta de Débito
TRX-97175,SOC-3357,PROD-504,2024-10-29,950.0,Tarjeta de Crédito
TRX-97176,SOC-3758,PROD-510,2024-10-20,62.43,Transferencia SPEI
TRX-97177,SOC-2920,PROD-505,2024-02-04,480.0,Transferencia SPEI
TRX-97178,SOC-3155,PROD-509,2026-01-23,400.0,Tarjeta de Débito
TRX-97179,SOC-3092,PROD-506,2025-04-02,550.0,Efectivo
TRX-97180,SOC-3539,PROD-502,2024-02-25,1300.0,Transferencia SPEI
TRX-97181,SOC-2938,PROD-511,2024-06-03,50.0,Tarjeta de Débito
TRX-97182,SOC-2188,PROD-509,2025-04-03,400.0,Transferencia SPEI
TRX-97183,SOC-3102,PROD-510,2024-11-20,75.0,Transferencia SPEI
TRX-97184,SOC-2108,PROD-502,2024-06-12,1300.0,Tarjeta de Crédito
TRX-97185,SOC-3800,PROD-502,2025-03-17,1300.0,Tarjeta de Débito
TRX-97186,SOC-3385,PROD-511,2025-09-03,50.0,Tarjeta de Crédito
TRX-97187,SOC-2530,PROD-504,2025-03-25,950.0,Tarjeta de Débito
TRX-97188,SOC-2902,PROD-501,2024-10-26,556.24,Tarjeta de Crédito
TRX-97189,SOC-2797,PROD-506,2024-03-10,550.0,Transferencia SPEI
TRX-97190,SOC-2765,PROD-507,2026-03-16,750.0,Transferencia SPEI
TRX-97191,SOC-3428,PROD-510,2024-05-22,75.0,Tarjeta de Crédito
TRX-97192,SOC-3369,PROD-512,2024-06-11,35.0,Tarjeta de Crédito
TRX-97193,SOC-2702,PROD-508,2024-04-30,222.9,Transferencia SPEI
TRX-97194,SOC-2379,PROD-502,2024-06-07,1300.0,Efectivo
TRX-97195,SOC-2056,PROD-509,2026-03-10,400.0,Tarjeta de Débito
TRX-97196,SOC-3614,PROD-510,2024-04-27,75.0,Tarjeta de Crédito
TRX-97197,SOC-3446,PROD-505,2024-07-04,480.0,Transferencia SPEI
TRX-97198,SOC-2780,PROD-501,2024-01-08,650.0,Efectivo
TRX-97199,SOC-3793,PROD-506,2025-05-17,550.0,Tarjeta de Crédito
TRX-97200,SOC-2835,PROD-511,2025-09-12,40.35,Efectivo
TRX-97201,SOC-2415,PROD-505,2024-03-15,480.0,Tarjeta de Crédito
TRX-97202,SOC-3684,PROD-511,2025-02-19,50.0,Tarjeta de Crédito
TRX-97203,SOC-2257,PROD-510,2025-06-11,75.0,Tarjeta de Débito
TRX-97204,SOC-3263,PROD-511,2025-09-08,50.0,Transferencia SPEI
TRX-97205,SOC-3774,PROD-512,2026-04-01,35.0,Efectivo
TRX-97206,SOC-3509,PROD-508,2026-03-31,235.85,Transferencia SPEI
TRX-97207,SOC-2558,PROD-507,2024-04-11,750.0,Tarjeta de Crédito
TRX-97208,SOC-2507,PROD-508,2024-02-02,250.0,Tarjeta de Débito
TRX-97209,SOC-3502,PROD-510,2024-03-22,75.0,Transferencia SPEI
TRX-97210,SOC-2633,PROD-505,2024-07-20,480.0,Transferencia SPEI
TRX-97211,SOC-2169,PROD-511,2026-01-15,50.0,Transferencia SPEI
TRX-97212,SOC-2489,PROD-509,2025-12-20,400.0,Tarjeta de Crédito
TRX-97213,SOC-3792,PROD-502,2025-01-01,1300.0,Transferencia SPEI
TRX-97214,SOC-3639,PROD-505,2024-01-07,480.0,Tarjeta de Débito
TRX-97215,SOC-2768,PROD-509,2025-03-23,400.0,Tarjeta de Crédito
TRX-97216,SOC-2595,PROD-509,2026-01-11,400.0,Efectivo
TRX-97217,SOC-2562,PROD-503,2025-05-15,6999.0,Tarjeta de Crédito
TRX-97218,SOC-3286,PROD-502,2024-09-13,1091.87,Transferencia SPEI
TRX-97219,SOC-2355,PROD-507,2024-07-31,750.0,Tarjeta de Crédito
TRX-97220,SOC-2169,PROD-511,2024-06-13,42.15,Tarjeta de Crédito
TRX-97221,SOC-2252,PROD-506,2025-07-30,550.0,Efectivo
TRX-97222,SOC-2945,PROD-512,2026-04-21,28.73,Tarjeta de Crédito
TRX-97223,SOC-3356,PROD-512,2024-01-07,35.0,Tarjeta de Débito
TRX-97224,SOC-3048,PROD-505,2026-03-10,480.0,Transferencia SPEI
TRX-97225,SOC-3629,PROD-508,2024-03-13,250.0,Tarjeta de Débito
TRX-97226,SOC-2227,PROD-512,2025-04-20,35.0,Transferencia SPEI
TRX-97227,SOC-2800,PROD-501,2024-10-30,650.0,Tarjeta de Crédito
TRX-97228,SOC-3182,PROD-502,2024-04-11,1300.0,Tarjeta de Débito
TRX-97229,SOC-2759,PROD-508,2025-10-30,250.0,Transferencia SPEI
TRX-97230,SOC-3540,PROD-507,2025-01-16,750.0,Transferencia SPEI
TRX-97231,SOC-2789,PROD-507,2024-09-14,750.0,Transferencia SPEI
TRX-97232,SOC-2096,PROD-509,2024-12-27,349.99,Tarjeta de Débito
TRX-97233,SOC-3741,PROD-511,2024-05-23,50.0,Tarjeta de Débito
TRX-97234,SOC-2675,PROD-506,2024-07-08,492.49,Tarjeta de Débito
TRX-97235,SOC-3174,PROD-510,2025-07-04,75.0,Tarjeta de Crédito
TRX-97236,SOC-3216,PROD-509,2025-05-28,400.0,Tarjeta de Crédito
TRX-97237,SOC-2959,PROD-506,2024-11-02,550.0,Tarjeta de Crédito
TRX-97238,SOC-2342,PROD-501,2025-03-17,549.27,Tarjeta de Débito
TRX-97239,SOC-3418,PROD-501,2025-02-28,650.0,Tarjeta de Crédito
TRX-97240,SOC-3219,PROD-509,2025-04-23,400.0,Tarjeta de Crédito
TRX-97241,SOC-3322,PROD-509,2025-03-18,400.0,Tarjeta de Débito
TRX-97242,SOC-2072,PROD-501,2025-01-24,650.0,Tarjeta de Crédito
TRX-97243,SOC-2626,PROD-507,2025-03-18,750.0,Efectivo
TRX-97244,SOC-2504,PROD-503,2026-03-30,6999.0,Tarjeta de Débito
TRX-97245,SOC-2507,PROD-501,2024-07-17,549.61,Tarjeta de Crédito
TRX-97246,SOC-2496,PROD-501,2024-03-21,606.58,Tarjeta de Débito
TRX-97247,SOC-3370,PROD-501,2025-02-14,650.0,Tarjeta de Débito
TRX-97248,SOC-2703,PROD-509,2025-05-25,400.0,Tarjeta de Crédito
TRX-97249,SOC-3427,PROD-505,2024-12-30,480.0,Transferencia SPEI
TRX-97250,SOC-2214,PROD-506,2024-03-17,550.0,Transferencia SPEI
TRX-97251,SOC-3247,PROD-508,2024-09-16,250.0,Tarjeta de Crédito
TRX-97252,SOC-2650,PROD-502,2025-04-08,1300.0,Tarjeta de Crédito
TRX-97253,SOC-3332,PROD-509,2025-04-12,400.0,Efectivo
TRX-97254,SOC-3345,PROD-504,2024-12-02,950.0,Transferencia SPEI
TRX-97255,SOC-2869,PROD-510,2025-03-18,75.0,Tarjeta de Crédito
TRX-97256,SOC-3346,PROD-504,2026-04-07,950.0,Tarjeta de Débito
TRX-97257,SOC-3456,PROD-512,2025-07-04,35.0,Tarjeta de Débito
TRX-97258,SOC-2140,PROD-508,2025-10-31,250.0,Tarjeta de Crédito
TRX-97259,SOC-2670,PROD-511,2025-01-31,50.0,Efectivo
TRX-97260,SOC-3229,PROD-510,2026-02-06,75.0,Efectivo
TRX-97261,SOC-3588,PROD-512,2025-03-18,28.73,Tarjeta de Débito
TRX-97262,SOC-3299,PROD-508,2025-03-07,250.0,Tarjeta de Crédito
TRX-97263,SOC-3213,PROD-504,2025-02-06,950.0,Tarjeta de Débito
TRX-97264,SOC-2282,PROD-507,2025-06-21,750.0,Efectivo
TRX-97265,SOC-2994,PROD-510,2025-04-13,75.0,Transferencia SPEI
TRX-97266,SOC-3157,PROD-512,2025-09-12,35.0,Efectivo
TRX-97267,SOC-2186,PROD-501,2024-05-14,650.0,Transferencia SPEI
TRX-97268,SOC-3666,PROD-502,2025-09-13,1300.0,Tarjeta de Débito
TRX-97269,SOC-3754,PROD-512,2026-01-28,35.0,Tarjeta de Crédito
TRX-97270,SOC-3714,PROD-501,2024-07-11,650.0,Transferencia SPEI
TRX-97271,SOC-2326,PROD-502,2024-05-11,1067.21,Tarjeta de Débito
TRX-97272,SOC-3305,PROD-502,2025-08-08,1181.57,Tarjeta de Débito
TRX-97273,SOC-3498,PROD-507,2024-06-24,750.0,Tarjeta de Débito
TRX-97274,SOC-2855,PROD-512,2024-07-06,35.0,Efectivo
TRX-97275,SOC-2801,PROD-506,2025-03-11,550.0,Tarjeta de Crédito
TRX-97276,SOC-3233,PROD-504,2025-11-25,950.0,Tarjeta de Crédito
TRX-97277,SOC-2590,PROD-504,2026-01-19,884.23,Tarjeta de Crédito
TRX-97278,SOC-3380,PROD-509,2024-04-03,400.0,Efectivo
TRX-97279,SOC-2482,PROD-501,2025-10-20,650.0,Tarjeta de Débito
TRX-97280,SOC-3752,PROD-510,2026-02-13,75.0,Tarjeta de Débito
TRX-97281,SOC-2135,PROD-511,2024-10-07,50.0,Efectivo
TRX-97282,SOC-2290,PROD-505,2025-06-25,480.0,Tarjeta de Débito
TRX-97283,SOC-2101,PROD-508,2024-10-13,250.0,Tarjeta de Crédito
TRX-97284,SOC-3511,PROD-504,2024-07-07,950.0,Transferencia SPEI
TRX-97285,SOC-2051,PROD-503,2024-09-28,6999.0,Tarjeta de Débito
TRX-97286,SOC-3614,PROD-504,2024-03-29,814.19,Transferencia SPEI
TRX-97287,SOC-2992,PROD-502,2025-11-16,1300.0,Tarjeta de Crédito
TRX-97288,SOC-3388,PROD-506,2025-12-20,550.0,Tarjeta de Crédito
TRX-97289,SOC-3550,PROD-508,2025-05-01,250.0,Tarjeta de Crédito
TRX-97290,SOC-3003,PROD-507,2024-12-29,750.0,Transferencia SPEI
TRX-97291,SOC-2815,PROD-502,2025-03-24,1165.3899999999999,Tarjeta de Crédito
TRX-97292,SOC-2692,PROD-506,2024-11-13,550.0,Efectivo
TRX-97293,SOC-2591,PROD-508,2024-04-09,250.0,Transferencia SPEI
TRX-97294,SOC-2833,PROD-507,2024-04-18,750.0,Tarjeta de Crédito
TRX-97295,SOC-3189,PROD-504,2026-03-28,950.0,Tarjeta de Crédito
TRX-97296,SOC-3244,PROD-505,2024-07-02,480.0,Efectivo
TRX-97297,SOC-3705,PROD-503,2024-03-11,6999.0,Efectivo
TRX-97298,SOC-2426,PROD-505,2026-04-30,480.0,Tarjeta de Crédito
TRX-97299,SOC-3167,PROD-501,2025-03-23,650.0,Tarjeta de Débito
TRX-97300,SOC-3033,PROD-503,2024-10-21,6999.0,Transferencia SPEI
TRX-97301,SOC-2387,PROD-504,2025-12-22,950.0,Efectivo
TRX-97302,SOC-3703,PROD-503,2025-09-09,6999.0,Efectivo
TRX-97303,SOC-2453,PROD-508,2024-04-24,250.0,Efectivo
TRX-97304,SOC-2304,PROD-508,2024-12-20,250.0,Tarjeta de Débito
TRX-97305,SOC-2646,PROD-508,2025-11-14,250.0,Tarjeta de Débito
TRX-97306,SOC-3643,PROD-503,2024-03-27,6999.0,Efectivo
TRX-97307,SOC-2864,PROD-511,2024-07-10,50.0,Efectivo
TRX-97308,SOC-3707,PROD-512,2025-02-04,35.0,Tarjeta de Débito
TRX-97309,SOC-3225,PROD-502,2024-02-16,1181.16,Tarjeta de Débito
TRX-97310,SOC-2389,PROD-507,2024-09-14,750.0,Transferencia SPEI
TRX-97311,SOC-2547,PROD-505,2024-09-14,480.0,Tarjeta de Crédito
TRX-97312,SOC-3534,PROD-510,2026-04-07,75.0,Efectivo
TRX-97313,SOC-2518,PROD-503,2024-06-09,6999.0,Efectivo
TRX-97314,SOC-3294,PROD-501,2025-04-19,650.0,Tarjeta de Crédito
TRX-97315,SOC-2905,PROD-507,2026-01-05,750.0,Tarjeta de Débito
TRX-97316,SOC-2322,PROD-508,2025-06-04,213.98,Transferencia SPEI
TRX-97317,SOC-3117,PROD-506,2025-11-15,550.0,Efectivo
TRX-97318,SOC-3233,PROD-504,2024-07-11,950.0,Tarjeta de Débito
TRX-97319,SOC-2447,PROD-501,2024-01-15,613.27,Efectivo
TRX-97320,SOC-3364,PROD-507,2024-08-04,750.0,Tarjeta de Crédito
TRX-97321,SOC-2701,PROD-509,2026-01-18,400.0,Transferencia SPEI
TRX-97322,SOC-2914,PROD-506,2024-10-17,550.0,Transferencia SPEI
TRX-97323,SOC-2247,PROD-508,2024-06-18,250.0,Tarjeta de Débito
TRX-97324,SOC-2948,PROD-511,2024-01-29,50.0,Tarjeta de Débito
TRX-97325,SOC-3646,PROD-507,2025-10-15,750.0,Tarjeta de Crédito
TRX-97326,SOC-3458,PROD-505,2026-04-19,480.0,Transferencia SPEI
TRX-97327,SOC-3753,PROD-509,2024-10-18,400.0,Efectivo
TRX-97328,SOC-2685,PROD-505,2026-02-05,480.0,Tarjeta de Crédito
TRX-97329,SOC-2682,PROD-502,2025-04-21,1300.0,Tarjeta de Crédito
TRX-97330,SOC-2643,PROD-502,2026-04-17,1300.0,Tarjeta de Débito
TRX-97331,SOC-2222,PROD-512,2025-05-26,35.0,Transferencia SPEI
TRX-97332,SOC-2736,PROD-512,2026-04-16,35.0,Transferencia SPEI
TRX-97333,SOC-2671,PROD-507,2024-01-13,608.03,Tarjeta de Crédito
TRX-97334,SOC-3445,PROD-504,2025-04-03,950.0,Tarjeta de Crédito
TRX-97335,SOC-2374,PROD-510,2025-02-08,75.0,Tarjeta de Débito
TRX-97336,SOC-3306,PROD-503,2024-03-31,6481.33,Tarjeta de Crédito
TRX-97337,SOC-2668,PROD-502,2026-01-19,1300.0,Tarjeta de Débito
TRX-97338,SOC-2983,PROD-510,2025-10-11,75.0,Tarjeta de Crédito
TRX-97339,SOC-2929,PROD-511,2024-05-13,50.0,Transferencia SPEI
TRX-97340,SOC-2847,PROD-501,2024-10-06,603.47,Transferencia SPEI
TRX-97341,SOC-2629,PROD-504,2024-02-28,950.0,Transferencia SPEI
TRX-97342,SOC-2095,PROD-509,2024-03-20,400.0,Transferencia SPEI
TRX-97343,SOC-2318,PROD-503,2025-08-27,6999.0,Efectivo
TRX-97344,SOC-2034,PROD-510,2026-03-08,75.0,Tarjeta de Crédito
TRX-97345,SOC-2638,PROD-511,2024-07-13,50.0,Tarjeta de Crédito
TRX-97346,SOC-3244,PROD-511,2025-01-13,42.13,Tarjeta de Débito
TRX-97347,SOC-3163,PROD-507,2024-05-16,750.0,Efectivo
TRX-97348,SOC-2944,PROD-507,2025-11-24,750.0,Tarjeta de Débito
TRX-97349,SOC-2406,PROD-510,2024-02-25,75.0,Transferencia SPEI
TRX-97350,SOC-3103,PROD-504,2025-11-06,950.0,Tarjeta de Débito
TRX-97351,SOC-3540,PROD-508,2025-02-16,250.0,Efectivo
TRX-97352,SOC-2104,PROD-508,2025-06-01,250.0,Tarjeta de Débito
TRX-97353,SOC-2818,PROD-507,2025-02-05,750.0,Tarjeta de Débito
TRX-97354,SOC-3409,PROD-509,2024-08-15,400.0,Efectivo
TRX-97355,SOC-3393,PROD-510,2025-10-10,75.0,Transferencia SPEI
TRX-97356,SOC-3036,PROD-503,2025-11-29,6999.0,Efectivo
TRX-97357,SOC-3085,PROD-506,2024-12-09,550.0,Tarjeta de Débito
TRX-97358,SOC-3613,PROD-511,2025-03-13,50.0,Transferencia SPEI
TRX-97359,SOC-3624,PROD-503,2025-01-21,6999.0,Tarjeta de Crédito
TRX-97360,SOC-2432,PROD-503,2024-12-01,6999.0,Tarjeta de Crédito
TRX-97361,SOC-3000,PROD-504,2025-10-09,950.0,Transferencia SPEI
TRX-97362,SOC-3107,PROD-512,2025-09-12,35.0,Transferencia SPEI
TRX-97363,SOC-2113,PROD-512,2025-11-29,35.0,Tarjeta de Crédito
TRX-97364,SOC-2395,PROD-511,2025-11-27,50.0,Tarjeta de Débito
TRX-97365,SOC-3793,PROD-507,2025-03-02,750.0,Efectivo
TRX-97366,SOC-2724,PROD-502,2024-11-01,1300.0,Transferencia SPEI
TRX-97367,SOC-2179,PROD-509,2024-02-19,400.0,Transferencia SPEI
TRX-97368,SOC-2346,PROD-509,2026-04-13,400.0,Transferencia SPEI
TRX-97369,SOC-3262,PROD-503,2024-10-05,6999.0,Tarjeta de Débito
TRX-97370,SOC-2039,PROD-504,2025-11-27,950.0,Tarjeta de Débito
TRX-97371,SOC-2171,PROD-509,2025-03-13,400.0,Tarjeta de Débito
TRX-97372,SOC-2855,PROD-502,2024-08-23,1300.0,Tarjeta de Débito
TRX-97373,SOC-2097,PROD-509,2025-07-07,400.0,Tarjeta de Crédito
TRX-97374,SOC-3780,PROD-502,2025-07-11,1300.0,Efectivo
TRX-97375,SOC-2249,PROD-507,2025-08-16,750.0,Tarjeta de Débito
TRX-97376,SOC-2961,PROD-507,2025-08-22,697.29,Tarjeta de Crédito
TRX-97377,SOC-3012,PROD-508,2025-09-08,250.0,Tarjeta de Crédito
TRX-97378,SOC-3294,PROD-510,2025-07-18,75.0,Efectivo
TRX-97379,SOC-3590,PROD-511,2024-06-10,50.0,Efectivo
TRX-97380,SOC-2158,PROD-507,2024-08-08,626.51,Tarjeta de Crédito
TRX-97381,SOC-2064,PROD-501,2025-10-04,650.0,Efectivo
TRX-97382,SOC-2746,PROD-503,2024-08-09,6444.49,Transferencia SPEI
TRX-97383,SOC-3305,PROD-511,2024-08-10,50.0,Tarjeta de Débito
TRX-97384,SOC-3573,PROD-501,2025-08-30,650.0,Efectivo
TRX-97385,SOC-2344,PROD-508,2024-02-16,250.0,Efectivo
TRX-97386,SOC-3125,PROD-510,2025-03-12,75.0,Efectivo
TRX-97387,SOC-3708,PROD-502,2024-07-06,1300.0,Efectivo
TRX-97388,SOC-3738,PROD-504,2024-04-10,950.0,Transferencia SPEI
TRX-97389,SOC-2996,PROD-511,2024-11-23,50.0,Efectivo
TRX-97390,SOC-2016,PROD-512,2024-01-06,35.0,Efectivo
TRX-97391,SOC-2949,PROD-507,2024-12-16,750.0,Tarjeta de Crédito
TRX-97392,SOC-3682,PROD-503,2024-10-28,6999.0,Tarjeta de Crédito
TRX-97393,SOC-2527,PROD-504,2026-03-13,950.0,Transferencia SPEI
TRX-97394,SOC-2233,PROD-506,2024-03-15,550.0,Transferencia SPEI
TRX-97395,SOC-2624,PROD-507,2025-09-25,660.17,Efectivo
TRX-97396,SOC-3466,PROD-512,2025-07-19,35.0,Tarjeta de Crédito
TRX-97397,SOC-2989,PROD-503,2025-06-29,6999.0,Efectivo
TRX-97398,SOC-3729,PROD-505,2024-02-24,438.90999999999997,Efectivo
TRX-97399,SOC-3764,PROD-509,2026-01-14,400.0,Efectivo
TRX-97400,SOC-2367,PROD-504,2024-06-20,807.59,Efectivo
TRX-97401,SOC-2052,PROD-506,2025-09-06,550.0,Tarjeta de Crédito
TRX-97402,SOC-2365,PROD-505,2025-12-15,439.19,Tarjeta de Débito
TRX-97403,SOC-2383,PROD-512,2025-04-06,35.0,Tarjeta de Débito
TRX-97404,SOC-2303,PROD-511,2024-02-13,50.0,Efectivo
TRX-97405,SOC-2452,PROD-502,2024-04-11,1300.0,Tarjeta de Débito
TRX-97406,SOC-3486,PROD-505,2024-06-18,480.0,Tarjeta de Crédito
TRX-97407,SOC-2343,PROD-507,2025-05-20,750.0,Efectivo
TRX-97408,SOC-3535,PROD-502,2025-02-14,1300.0,Efectivo
TRX-97409,SOC-2232,PROD-507,2025-04-24,750.0,Transferencia SPEI
TRX-97410,SOC-3510,PROD-503,2025-09-04,6313.25,Tarjeta de Débito
TRX-97411,SOC-2387,PROD-509,2025-02-10,400.0,Tarjeta de Crédito
TRX-97412,SOC-2886,PROD-508,2024-08-27,250.0,Tarjeta de Crédito
TRX-97413,SOC-2351,PROD-501,2025-09-21,650.0,Efectivo
TRX-97414,SOC-2990,PROD-511,2026-04-06,50.0,Tarjeta de Débito
TRX-97415,SOC-2428,PROD-511,2024-01-24,50.0,Efectivo
TRX-97416,SOC-2740,PROD-504,2024-03-20,950.0,Tarjeta de Débito
TRX-97417,SOC-3597,PROD-502,2024-03-03,1300.0,Efectivo
TRX-97418,SOC-2917,PROD-506,2026-03-25,550.0,Tarjeta de Débito
TRX-97419,SOC-3028,PROD-506,2024-06-16,550.0,Transferencia SPEI
TRX-97420,SOC-3003,PROD-508,2024-03-04,250.0,Transferencia SPEI
TRX-97421,SOC-3033,PROD-505,2025-03-22,480.0,Transferencia SPEI
TRX-97422,SOC-2102,PROD-512,2024-01-08,35.0,Tarjeta de Crédito
TRX-97423,SOC-2049,PROD-511,2025-04-05,50.0,Tarjeta de Débito
TRX-97424,SOC-3702,PROD-501,2024-12-13,650.0,Tarjeta de Crédito
TRX-97425,SOC-2660,PROD-506,2026-01-05,550.0,Efectivo
TRX-97426,SOC-3019,PROD-503,2025-03-28,6999.0,Transferencia SPEI
TRX-97427,SOC-2497,PROD-512,2024-05-20,35.0,Efectivo
TRX-97428,SOC-2242,PROD-512,2025-07-14,35.0,Tarjeta de Crédito
TRX-97429,SOC-2023,PROD-506,2024-04-20,509.49,Tarjeta de Crédito
TRX-97430,SOC-2524,PROD-501,2025-03-13,650.0,Transferencia SPEI
TRX-97431,SOC-3094,PROD-501,2024-03-15,650.0,Efectivo
TRX-97432,SOC-2746,PROD-501,2024-07-02,650.0,Transferencia SPEI
TRX-97433,SOC-2645,PROD-502,2024-03-08,1300.0,Tarjeta de Débito
TRX-97434,SOC-3753,PROD-508,2026-04-01,234.17,Efectivo
TRX-97435,SOC-3369,PROD-507,2024-10-05,750.0,Transferencia SPEI
TRX-97436,SOC-3161,PROD-507,2025-06-06,750.0,Tarjeta de Crédito
TRX-97437,SOC-3292,PROD-511,2024-04-01,50.0,Tarjeta de Débito
TRX-97438,SOC-3699,PROD-501,2025-04-03,650.0,Efectivo
TRX-97439,SOC-2631,PROD-511,2024-10-31,50.0,Efectivo
TRX-97440,SOC-2505,PROD-509,2025-11-04,400.0,Efectivo
TRX-97441,SOC-2255,PROD-502,2026-02-10,1300.0,Tarjeta de Débito
TRX-97442,SOC-3682,PROD-506,2025-12-16,550.0,Transferencia SPEI
TRX-97443,SOC-2952,PROD-508,2025-03-02,250.0,Tarjeta de Débito
TRX-97444,SOC-2265,PROD-505,2025-08-01,480.0,Efectivo
TRX-97445,SOC-2198,PROD-508,2024-02-09,250.0,Efectivo
TRX-97446,SOC-2922,PROD-507,2024-11-09,750.0,Transferencia SPEI
TRX-97447,SOC-3782,PROD-508,2026-02-15,250.0,Tarjeta de Crédito
TRX-97448,SOC-2313,PROD-511,2024-07-29,50.0,Tarjeta de Débito
TRX-97449,SOC-3442,PROD-506,2024-08-23,550.0,Tarjeta de Crédito
TRX-97450,SOC-2902,PROD-508,2025-11-03,205.17000000000002,Tarjeta de Crédito
TRX-97451,SOC-2122,PROD-510,2024-12-27,75.0,Tarjeta de Crédito
TRX-97452,SOC-3090,PROD-505,2025-06-20,480.0,Transferencia SPEI
TRX-97453,SOC-3606,PROD-504,2025-01-04,950.0,Transferencia SPEI
TRX-97454,SOC-2358,PROD-508,2024-06-24,250.0,Tarjeta de Crédito
TRX-97455,SOC-2441,PROD-511,2026-01-12,50.0,Transferencia SPEI
TRX-97456,SOC-3402,PROD-511,2024-01-17,50.0,Tarjeta de Débito
TRX-97457,SOC-2062,PROD-510,2024-09-05,75.0,Transferencia SPEI
TRX-97458,SOC-3364,PROD-507,2024-07-19,750.0,Tarjeta de Débito
TRX-97459,SOC-3569,PROD-507,2024-10-20,750.0,Tarjeta de Débito
TRX-97460,SOC-2278,PROD-511,2025-04-10,50.0,Tarjeta de Crédito
TRX-97461,SOC-2654,PROD-512,2026-02-16,35.0,Tarjeta de Débito
TRX-97462,SOC-2269,PROD-512,2024-09-02,35.0,Transferencia SPEI
TRX-97463,SOC-3355,PROD-508,2025-02-18,250.0,Tarjeta de Crédito
TRX-97464,SOC-2970,PROD-504,2024-12-07,950.0,Tarjeta de Crédito
TRX-97465,SOC-3701,PROD-504,2024-11-15,950.0,Transferencia SPEI
TRX-97466,SOC-3292,PROD-503,2024-02-27,6999.0,Transferencia SPEI
TRX-97467,SOC-2869,PROD-504,2024-09-08,950.0,Efectivo
TRX-97468,SOC-2239,PROD-505,2025-12-08,480.0,Efectivo
TRX-97469,SOC-2767,PROD-507,2025-12-07,750.0,Tarjeta de Débito
TRX-97470,SOC-2363,PROD-507,2024-08-04,750.0,Transferencia SPEI
TRX-97471,SOC-2373,PROD-504,2024-07-18,950.0,Efectivo
TRX-97472,SOC-2581,PROD-505,2024-09-29,480.0,Efectivo
TRX-97473,SOC-3516,PROD-511,2024-11-09,50.0,Tarjeta de Débito
TRX-97474,SOC-2302,PROD-502,2024-03-20,1168.79,Tarjeta de Débito
TRX-97475,SOC-2601,PROD-510,2024-12-06,75.0,Tarjeta de Débito
TRX-97476,SOC-2342,PROD-502,2025-10-08,1300.0,Tarjeta de Débito
TRX-97477,SOC-2368,PROD-511,2026-02-25,50.0,Tarjeta de Crédito
TRX-97478,SOC-3036,PROD-502,2025-01-10,1113.31,Efectivo
TRX-97479,SOC-2836,PROD-505,2026-02-09,480.0,Tarjeta de Crédito
TRX-97480,SOC-2516,PROD-511,2025-01-31,50.0,Transferencia SPEI
TRX-97481,SOC-2356,PROD-505,2025-03-27,480.0,Tarjeta de Débito
TRX-97482,SOC-2440,PROD-511,2025-09-28,50.0,Transferencia SPEI
TRX-97483,SOC-2768,PROD-511,2025-08-06,50.0,Tarjeta de Débito
TRX-97484,SOC-2492,PROD-501,2024-03-03,650.0,Efectivo
TRX-97485,SOC-2535,PROD-506,2025-10-28,478.85,Tarjeta de Débito
TRX-97486,SOC-2984,PROD-510,2024-06-30,75.0,Tarjeta de Crédito
TRX-97487,SOC-2100,PROD-506,2025-04-21,550.0,Tarjeta de Crédito
TRX-97488,SOC-2533,PROD-506,2026-01-27,550.0,Efectivo
TRX-97489,SOC-2053,PROD-512,2025-05-30,31.93,Tarjeta de Débito
TRX-97490,SOC-2489,PROD-512,2025-05-04,35.0,Transferencia SPEI
TRX-97491,SOC-2345,PROD-505,2024-07-29,480.0,Efectivo
TRX-97492,SOC-2551,PROD-511,2025-03-01,44.34,Transferencia SPEI
TRX-97493,SOC-2234,PROD-512,2024-01-28,35.0,Transferencia SPEI
TRX-97494,SOC-2497,PROD-512,2025-04-01,35.0,Efectivo
TRX-97495,SOC-3664,PROD-503,2026-03-29,6999.0,Efectivo
TRX-97496,SOC-3063,PROD-508,2025-09-04,250.0,Efectivo
TRX-97497,SOC-2791,PROD-506,2024-01-10,550.0,Tarjeta de Débito
TRX-97498,SOC-2897,PROD-502,2024-12-24,1300.0,Efectivo
TRX-97499,SOC-2221,PROD-503,2024-11-22,5885.65,Tarjeta de Crédito
TRX-97500,SOC-2167,PROD-507,2024-02-15,683.89,Efectivo
TRX-97501,SOC-2384,PROD-508,2024-06-18,250.0,Transferencia SPEI
TRX-97502,SOC-3617,PROD-509,2024-08-20,400.0,Efectivo
TRX-97503,SOC-2354,PROD-501,2025-07-21,650.0,Efectivo
TRX-97504,SOC-2542,PROD-512,2025-12-19,35.0,Tarjeta de Débito
TRX-97505,SOC-2289,PROD-506,2024-02-07,550.0,Transferencia SPEI
TRX-97506,SOC-3563,PROD-507,2025-09-24,750.0,Transferencia SPEI
TRX-97507,SOC-3035,PROD-505,2024-06-16,451.56,Efectivo
TRX-97508,SOC-2586,PROD-502,2024-10-11,1300.0,Tarjeta de Crédito
TRX-97509,SOC-2528,PROD-507,2024-01-15,750.0,Tarjeta de Crédito
TRX-97510,SOC-3725,PROD-508,2024-06-22,250.0,Transferencia SPEI
TRX-97511,SOC-2139,PROD-512,2024-12-28,35.0,Tarjeta de Crédito
TRX-97512,SOC-3063,PROD-512,2024-11-25,35.0,Tarjeta de Débito
TRX-97513,SOC-2936,PROD-506,2025-11-06,550.0,Transferencia SPEI
TRX-97514,SOC-2437,PROD-508,2025-12-20,250.0,Tarjeta de Crédito
TRX-97515,SOC-3215,PROD-504,2024-01-30,950.0,Transferencia SPEI
TRX-97516,SOC-2979,PROD-510,2025-04-25,75.0,Tarjeta de Crédito
TRX-97517,SOC-2799,PROD-508,2025-03-20,225.8,Efectivo
TRX-97518,SOC-2083,PROD-506,2025-08-23,550.0,Tarjeta de Débito
TRX-97519,SOC-3495,PROD-511,2025-07-02,47.47,Tarjeta de Débito
TRX-97520,SOC-3674,PROD-504,2025-08-06,868.8199999999999,Transferencia SPEI
TRX-97521,SOC-3520,PROD-501,2024-05-16,650.0,Transferencia SPEI
TRX-97522,SOC-3268,PROD-511,2025-01-27,50.0,Efectivo
TRX-97523,SOC-3751,PROD-510,2025-03-05,75.0,Tarjeta de Débito
TRX-97524,SOC-3386,PROD-508,2025-02-06,219.27,Efectivo
TRX-97525,SOC-3633,PROD-503,2024-03-30,6123.7,Tarjeta de Crédito
TRX-97526,SOC-2798,PROD-503,2025-11-10,6322.76,Tarjeta de Débito
TRX-97527,SOC-2213,PROD-509,2024-01-24,400.0,Tarjeta de Crédito
TRX-97528,SOC-3751,PROD-505,2024-12-19,480.0,Efectivo
TRX-97529,SOC-3028,PROD-506,2026-03-16,550.0,Tarjeta de Crédito
TRX-97530,SOC-2659,PROD-507,2025-01-17,750.0,Tarjeta de Crédito
TRX-97531,SOC-3641,PROD-505,2025-10-18,480.0,Transferencia SPEI
TRX-97532,SOC-3565,PROD-512,2025-08-27,35.0,Transferencia SPEI
TRX-97533,SOC-3481,PROD-507,2025-11-29,750.0,Tarjeta de Débito
TRX-97534,SOC-2940,PROD-504,2025-05-12,950.0,Tarjeta de Débito
TRX-97535,SOC-3148,PROD-512,2026-03-29,35.0,Tarjeta de Crédito
TRX-97536,SOC-2677,PROD-502,2024-06-23,1300.0,Tarjeta de Débito
TRX-97537,SOC-3675,PROD-512,2025-07-18,35.0,Transferencia SPEI
TRX-97538,SOC-2938,PROD-510,2025-10-17,63.83,Tarjeta de Débito
TRX-97539,SOC-3583,PROD-503,2024-06-10,6999.0,Tarjeta de Crédito
TRX-97540,SOC-3273,PROD-505,2025-07-30,480.0,Transferencia SPEI
TRX-97541,SOC-2672,PROD-503,2024-08-02,6999.0,Transferencia SPEI
TRX-97542,SOC-3017,PROD-505,2025-11-25,480.0,Efectivo
TRX-97543,SOC-2292,PROD-501,2026-04-19,650.0,Tarjeta de Débito
TRX-97544,SOC-2552,PROD-501,2025-03-24,562.87,Efectivo
TRX-97545,SOC-2702,PROD-510,2026-01-01,69.8,Tarjeta de Crédito
TRX-97546,SOC-2850,PROD-510,2026-01-27,75.0,Tarjeta de Débito
TRX-97547,SOC-2454,PROD-512,2025-07-10,35.0,Tarjeta de Crédito
TRX-97548,SOC-3384,PROD-510,2025-05-08,75.0,Tarjeta de Crédito
TRX-97549,SOC-2684,PROD-503,2025-09-21,6999.0,Efectivo
TRX-97550,SOC-2640,PROD-503,2026-01-10,6999.0,Tarjeta de Crédito
TRX-97551,SOC-2045,PROD-505,2024-03-01,480.0,Tarjeta de Crédito
TRX-97552,SOC-2046,PROD-507,2026-03-20,750.0,Tarjeta de Débito
TRX-97553,SOC-2835,PROD-502,2024-03-11,1300.0,Transferencia SPEI
TRX-97554,SOC-3077,PROD-508,2024-07-12,250.0,Tarjeta de Crédito
TRX-97555,SOC-3333,PROD-507,2024-12-23,750.0,Tarjeta de Crédito
TRX-97556,SOC-3350,PROD-504,2025-12-09,950.0,Tarjeta de Débito
TRX-97557,SOC-2210,PROD-512,2025-09-19,32.8,Transferencia SPEI
TRX-97558,SOC-2099,PROD-504,2024-07-26,950.0,Tarjeta de Crédito
TRX-97559,SOC-2126,PROD-509,2026-04-14,400.0,Tarjeta de Débito
TRX-97560,SOC-2178,PROD-509,2025-10-27,400.0,Transferencia SPEI
TRX-97561,SOC-3337,PROD-507,2024-02-25,750.0,Efectivo
TRX-97562,SOC-3292,PROD-510,2024-07-22,65.95,Efectivo
TRX-97563,SOC-3498,PROD-503,2025-12-01,6999.0,Efectivo
TRX-97564,SOC-3189,PROD-504,2025-03-01,950.0,Transferencia SPEI
TRX-97565,SOC-3022,PROD-508,2026-03-12,250.0,Tarjeta de Crédito
TRX-97566,SOC-3748,PROD-507,2024-12-16,750.0,Transferencia SPEI
TRX-97567,SOC-2774,PROD-505,2024-12-31,480.0,Tarjeta de Débito
TRX-97568,SOC-3265,PROD-501,2024-08-01,650.0,Efectivo
TRX-97569,SOC-3257,PROD-506,2026-04-05,550.0,Tarjeta de Débito
TRX-97570,SOC-2414,PROD-506,2026-03-01,550.0,Efectivo
TRX-97571,SOC-2221,PROD-501,2024-05-23,650.0,Tarjeta de Crédito
TRX-97572,SOC-3176,PROD-506,2025-01-15,550.0,Efectivo
TRX-97573,SOC-3101,PROD-510,2026-01-19,75.0,Tarjeta de Crédito
TRX-97574,SOC-3416,PROD-504,2024-07-12,950.0,Efectivo
TRX-97575,SOC-2422,PROD-506,2025-11-26,550.0,Efectivo
TRX-97576,SOC-2638,PROD-511,2025-06-16,50.0,Efectivo
TRX-97577,SOC-2952,PROD-501,2024-05-26,650.0,Efectivo
TRX-97578,SOC-2886,PROD-503,2026-03-30,6999.0,Efectivo
TRX-97579,SOC-2790,PROD-508,2024-10-15,250.0,Tarjeta de Débito
TRX-97580,SOC-3295,PROD-502,2026-02-03,1300.0,Tarjeta de Débito
TRX-97581,SOC-3670,PROD-509,2025-05-03,400.0,Efectivo
TRX-97582,SOC-2861,PROD-505,2025-07-29,480.0,Tarjeta de Débito
TRX-97583,SOC-3354,PROD-503,2025-04-09,6999.0,Transferencia SPEI
TRX-97584,SOC-2511,PROD-501,2024-06-27,650.0,Efectivo
TRX-97585,SOC-2895,PROD-510,2024-12-01,75.0,Tarjeta de Crédito
TRX-97586,SOC-2707,PROD-503,2025-11-13,6408.75,Tarjeta de Débito
TRX-97587,SOC-3039,PROD-510,2024-07-30,75.0,Efectivo
TRX-97588,SOC-2330,PROD-506,2025-07-13,550.0,Tarjeta de Débito
TRX-97589,SOC-3087,PROD-509,2025-09-09,400.0,Tarjeta de Débito
TRX-97590,SOC-3701,PROD-510,2025-01-01,75.0,Transferencia SPEI
TRX-97591,SOC-3390,PROD-512,2024-12-07,35.0,Efectivo
TRX-97592,SOC-3535,PROD-512,2025-12-18,35.0,Tarjeta de Débito
TRX-97593,SOC-3713,PROD-507,2025-11-03,750.0,Tarjeta de Débito
TRX-97594,SOC-2886,PROD-505,2026-02-24,480.0,Tarjeta de Crédito
TRX-97595,SOC-3689,PROD-510,2024-01-07,70.43,Tarjeta de Débito
TRX-97596,SOC-2348,PROD-505,2024-06-08,480.0,Transferencia SPEI
TRX-97597,SOC-3015,PROD-509,2025-01-09,400.0,Transferencia SPEI
TRX-97598,SOC-2020,PROD-502,2025-05-29,1300.0,Transferencia SPEI
TRX-97599,SOC-3227,PROD-511,2024-12-20,50.0,Efectivo
TRX-97600,SOC-3403,PROD-505,2025-01-19,480.0,Efectivo
TRX-97601,SOC-3534,PROD-510,2025-11-26,75.0,Transferencia SPEI
TRX-97602,SOC-3004,PROD-503,2026-02-15,6999.0,Tarjeta de Débito
TRX-97603,SOC-2092,PROD-512,2024-05-11,35.0,Efectivo
TRX-97604,SOC-2118,PROD-512,2024-11-13,35.0,Transferencia SPEI
TRX-97605,SOC-2991,PROD-512,2024-02-03,35.0,Transferencia SPEI
TRX-97606,SOC-2495,PROD-505,2025-12-18,480.0,Efectivo
TRX-97607,SOC-3379,PROD-504,2024-04-18,950.0,Tarjeta de Crédito
TRX-97608,SOC-3360,PROD-505,2024-01-13,480.0,Tarjeta de Crédito
TRX-97609,SOC-3643,PROD-511,2026-02-02,40.86,Tarjeta de Débito
TRX-97610,SOC-2986,PROD-506,2024-06-30,550.0,Tarjeta de Débito
TRX-97611,SOC-3327,PROD-503,2026-01-04,6999.0,Tarjeta de Crédito
TRX-97612,SOC-3781,PROD-503,2026-02-17,6999.0,Transferencia SPEI
TRX-97613,SOC-3004,PROD-511,2025-05-29,50.0,Efectivo
TRX-97614,SOC-2728,PROD-511,2024-02-23,50.0,Transferencia SPEI
TRX-97615,SOC-3068,PROD-509,2024-03-12,400.0,Transferencia SPEI
TRX-97616,SOC-2225,PROD-512,2024-11-28,35.0,Transferencia SPEI
TRX-97617,SOC-3388,PROD-507,2024-03-23,750.0,Transferencia SPEI
TRX-97618,SOC-3147,PROD-510,2024-11-04,75.0,Tarjeta de Crédito
TRX-97619,SOC-2862,PROD-512,2024-09-01,35.0,Transferencia SPEI
TRX-97620,SOC-3310,PROD-501,2024-12-15,650.0,Tarjeta de Débito
TRX-97621,SOC-2643,PROD-502,2025-12-13,1300.0,Efectivo
TRX-97622,SOC-2449,PROD-504,2025-08-24,950.0,Tarjeta de Crédito
TRX-97623,SOC-2384,PROD-503,2024-09-24,6999.0,Efectivo
TRX-97624,SOC-3047,PROD-503,2025-01-17,6999.0,Transferencia SPEI
TRX-97625,SOC-2138,PROD-510,2024-05-11,69.62,Transferencia SPEI
TRX-97626,SOC-3163,PROD-508,2026-01-26,250.0,Transferencia SPEI
TRX-97627,SOC-3188,PROD-508,2025-07-20,250.0,Transferencia SPEI
TRX-97628,SOC-3170,PROD-509,2025-10-04,400.0,Transferencia SPEI
TRX-97629,SOC-3515,PROD-504,2024-03-28,950.0,Tarjeta de Crédito
TRX-97630,SOC-2120,PROD-506,2024-06-14,550.0,Efectivo
TRX-97631,SOC-2533,PROD-512,2024-07-28,35.0,Tarjeta de Crédito
TRX-97632,SOC-2370,PROD-506,2026-04-13,550.0,Efectivo
TRX-97633,SOC-2865,PROD-505,2024-05-16,480.0,Efectivo
TRX-97634,SOC-2275,PROD-508,2024-10-15,250.0,Efectivo
TRX-97635,SOC-2227,PROD-508,2025-02-03,250.0,Efectivo
TRX-97636,SOC-3543,PROD-510,2024-04-02,75.0,Transferencia SPEI
TRX-97637,SOC-2500,PROD-508,2025-11-29,250.0,Tarjeta de Débito
TRX-97638,SOC-3367,PROD-506,2024-08-19,550.0,Efectivo
TRX-97639,SOC-2861,PROD-503,2024-06-26,6999.0,Transferencia SPEI
TRX-97640,SOC-2387,PROD-506,2025-03-03,550.0,Tarjeta de Débito
TRX-97641,SOC-3005,PROD-508,2025-01-17,250.0,Tarjeta de Débito
TRX-97642,SOC-2341,PROD-510,2025-06-17,75.0,Efectivo
TRX-97643,SOC-2004,PROD-505,2024-01-09,480.0,Efectivo
TRX-97644,SOC-2445,PROD-512,2024-06-12,35.0,Efectivo
TRX-97645,SOC-2447,PROD-503,2024-11-11,6999.0,Tarjeta de Crédito
TRX-97646,SOC-3453,PROD-508,2024-11-07,250.0,Transferencia SPEI
TRX-97647,SOC-2424,PROD-512,2026-03-23,35.0,Tarjeta de Crédito
TRX-97648,SOC-3612,PROD-506,2025-02-27,476.56,Tarjeta de Crédito
TRX-97649,SOC-2027,PROD-504,2025-07-07,782.36,Tarjeta de Débito
TRX-97650,SOC-3036,PROD-511,2025-02-26,50.0,Efectivo
TRX-97651,SOC-3152,PROD-506,2024-07-23,550.0,Efectivo
TRX-97652,SOC-3455,PROD-502,2024-04-06,1300.0,Tarjeta de Crédito
TRX-97653,SOC-3030,PROD-502,2025-04-22,1300.0,Efectivo
TRX-97654,SOC-3658,PROD-504,2025-10-14,950.0,Transferencia SPEI
TRX-97655,SOC-2806,PROD-504,2025-02-05,950.0,Tarjeta de Débito
TRX-97656,SOC-2984,PROD-503,2025-06-03,6390.51,Transferencia SPEI
TRX-97657,SOC-3739,PROD-506,2025-08-18,550.0,Tarjeta de Débito
TRX-97658,SOC-2021,PROD-504,2024-07-24,950.0,Transferencia SPEI
TRX-97659,SOC-3252,PROD-501,2026-01-04,650.0,Tarjeta de Débito
TRX-97660,SOC-2064,PROD-504,2025-05-17,950.0,Tarjeta de Débito
TRX-97661,SOC-3297,PROD-512,2024-07-21,35.0,Efectivo
TRX-97662,SOC-3352,PROD-504,2024-06-08,950.0,Tarjeta de Débito
TRX-97663,SOC-2259,PROD-512,2025-04-03,35.0,Tarjeta de Débito
TRX-97664,SOC-2850,PROD-508,2026-04-30,213.82,Efectivo
TRX-97665,SOC-3666,PROD-512,2024-09-12,31.14,Transferencia SPEI
TRX-97666,SOC-3138,PROD-501,2025-04-12,650.0,Tarjeta de Crédito
TRX-97667,SOC-3436,PROD-507,2024-12-03,750.0,Tarjeta de Débito
TRX-97668,SOC-3630,PROD-509,2025-09-10,358.67,Tarjeta de Crédito
TRX-97669,SOC-3040,PROD-509,2024-06-22,400.0,Efectivo
TRX-97670,SOC-2672,PROD-502,2024-10-10,1300.0,Transferencia SPEI
TRX-97671,SOC-3018,PROD-507,2024-10-01,750.0,Tarjeta de Crédito
TRX-97672,SOC-2820,PROD-512,2024-03-27,35.0,Tarjeta de Débito
TRX-97673,SOC-2903,PROD-507,2024-12-20,611.0,Tarjeta de Crédito
TRX-97674,SOC-2275,PROD-512,2026-04-04,35.0,Efectivo
TRX-97675,SOC-3720,PROD-510,2025-11-02,75.0,Tarjeta de Débito
TRX-97676,SOC-3451,PROD-510,2025-11-13,75.0,Tarjeta de Crédito
TRX-97677,SOC-3153,PROD-505,2025-07-29,480.0,Tarjeta de Débito
TRX-97678,SOC-2389,PROD-511,2026-02-01,50.0,Tarjeta de Débito
TRX-97679,SOC-2939,PROD-508,2026-04-08,250.0,Transferencia SPEI
TRX-97680,SOC-2158,PROD-512,2024-08-31,35.0,Transferencia SPEI
TRX-97681,SOC-2703,PROD-511,2024-12-14,41.97,Efectivo
TRX-97682,SOC-3449,PROD-510,2024-04-02,75.0,Tarjeta de Débito
TRX-97683,SOC-3476,PROD-507,2026-02-01,750.0,Tarjeta de Crédito
TRX-97684,SOC-2291,PROD-504,2025-07-31,950.0,Tarjeta de Débito
TRX-97685,SOC-3550,PROD-510,2026-02-13,75.0,Efectivo
TRX-97686,SOC-2240,PROD-510,2026-03-09,75.0,Tarjeta de Crédito
TRX-97687,SOC-3305,PROD-508,2024-02-01,250.0,Efectivo
TRX-97688,SOC-3151,PROD-506,2025-11-18,550.0,Efectivo
TRX-97689,SOC-3445,PROD-509,2025-05-19,400.0,Transferencia SPEI
TRX-97690,SOC-2279,PROD-501,2025-11-15,529.52,Tarjeta de Crédito
TRX-97691,SOC-3299,PROD-512,2024-08-07,35.0,Efectivo
TRX-97692,SOC-2137,PROD-503,2024-01-12,6999.0,Transferencia SPEI
TRX-97693,SOC-2812,PROD-508,2025-03-14,250.0,Transferencia SPEI
TRX-97694,SOC-2336,PROD-501,2024-07-23,650.0,Tarjeta de Crédito
TRX-97695,SOC-2605,PROD-505,2025-05-30,480.0,Transferencia SPEI
TRX-97696,SOC-2741,PROD-507,2025-05-09,640.4300000000001,Efectivo
TRX-97697,SOC-2712,PROD-507,2025-11-06,750.0,Transferencia SPEI
TRX-97698,SOC-3650,PROD-505,2024-07-17,480.0,Transferencia SPEI
TRX-97699,SOC-2980,PROD-501,2024-11-21,650.0,Transferencia SPEI
TRX-97700,SOC-2413,PROD-510,2024-09-06,68.42,Efectivo
TRX-97701,SOC-3210,PROD-512,2024-12-15,35.0,Transferencia SPEI
TRX-97702,SOC-3126,PROD-511,2025-06-29,50.0,Tarjeta de Crédito
TRX-97703,SOC-3472,PROD-511,2024-02-21,50.0,Transferencia SPEI
TRX-97704,SOC-3094,PROD-502,2024-02-29,1300.0,Tarjeta de Débito
TRX-97705,SOC-2435,PROD-502,2024-05-19,1300.0,Tarjeta de Crédito
TRX-97706,SOC-2866,PROD-507,2024-05-10,750.0,Transferencia SPEI
TRX-97707,SOC-3593,PROD-509,2024-02-19,400.0,Tarjeta de Débito
TRX-97708,SOC-3057,PROD-501,2024-11-09,608.66,Tarjeta de Débito
TRX-97709,SOC-2791,PROD-502,2024-11-19,1300.0,Transferencia SPEI
TRX-97710,SOC-3575,PROD-512,2024-01-14,32.88,Efectivo
TRX-97711,SOC-2072,PROD-508,2024-08-02,250.0,Tarjeta de Débito
TRX-97712,SOC-2528,PROD-507,2025-03-27,750.0,Tarjeta de Crédito
TRX-97713,SOC-3292,PROD-505,2026-01-15,480.0,Tarjeta de Crédito
TRX-97714,SOC-3730,PROD-507,2026-02-10,750.0,Efectivo
TRX-97715,SOC-3136,PROD-510,2024-10-09,70.04,Tarjeta de Débito
TRX-97716,SOC-3179,PROD-507,2025-05-24,687.86,Efectivo
TRX-97717,SOC-2412,PROD-501,2024-12-24,650.0,Tarjeta de Débito
TRX-97718,SOC-3341,PROD-512,2024-06-28,35.0,Efectivo
TRX-97719,SOC-2213,PROD-502,2025-08-19,1300.0,Tarjeta de Crédito
TRX-97720,SOC-3548,PROD-506,2025-09-07,550.0,Efectivo
TRX-97721,SOC-3184,PROD-505,2024-06-19,480.0,Tarjeta de Débito
TRX-97722,SOC-2130,PROD-503,2024-11-17,6999.0,Efectivo
TRX-97723,SOC-3493,PROD-511,2024-08-21,50.0,Tarjeta de Crédito
TRX-97724,SOC-2506,PROD-509,2025-07-09,400.0,Transferencia SPEI
TRX-97725,SOC-2959,PROD-507,2025-03-16,641.31,Tarjeta de Crédito
TRX-97726,SOC-3724,PROD-512,2025-06-20,35.0,Tarjeta de Débito
TRX-97727,SOC-3716,PROD-502,2024-07-25,1300.0,Tarjeta de Débito
TRX-97728,SOC-2035,PROD-511,2024-08-05,50.0,Transferencia SPEI
TRX-97729,SOC-3127,PROD-504,2025-06-30,950.0,Tarjeta de Débito
TRX-97730,SOC-3371,PROD-512,2025-10-30,35.0,Efectivo
TRX-97731,SOC-3046,PROD-504,2025-02-21,950.0,Tarjeta de Crédito
TRX-97732,SOC-3298,PROD-510,2025-12-01,75.0,Efectivo
TRX-97733,SOC-2370,PROD-507,2026-02-09,750.0,Tarjeta de Crédito
TRX-97734,SOC-3798,PROD-501,2025-04-28,526.49,Efectivo
TRX-97735,SOC-3129,PROD-506,2024-04-30,550.0,Efectivo
TRX-97736,SOC-2160,PROD-508,2025-06-05,250.0,Tarjeta de Débito
TRX-97737,SOC-2897,PROD-508,2025-02-19,250.0,Transferencia SPEI
TRX-97738,SOC-2147,PROD-510,2024-05-19,75.0,Tarjeta de Crédito
TRX-97739,SOC-3564,PROD-501,2024-08-21,602.28,Transferencia SPEI
TRX-97740,SOC-2655,PROD-508,2024-10-03,218.62,Tarjeta de Crédito
TRX-97741,SOC-2488,PROD-511,2024-01-14,50.0,Efectivo
TRX-97742,SOC-2775,PROD-508,2025-05-15,250.0,Efectivo
TRX-97743,SOC-3218,PROD-511,2024-06-22,50.0,Transferencia SPEI
TRX-97744,SOC-3357,PROD-503,2025-01-22,6999.0,Transferencia SPEI
TRX-97745,SOC-2132,PROD-504,2025-02-18,950.0,Transferencia SPEI
TRX-97746,SOC-2977,PROD-505,2025-12-15,480.0,Tarjeta de Débito
TRX-97747,SOC-2648,PROD-504,2025-04-08,950.0,Tarjeta de Crédito
TRX-97748,SOC-2728,PROD-508,2026-01-06,250.0,Tarjeta de Débito
TRX-97749,SOC-3389,PROD-509,2025-06-28,328.64,Tarjeta de Crédito
TRX-97750,SOC-3476,PROD-507,2025-11-01,750.0,Efectivo
TRX-97751,SOC-3449,PROD-502,2026-04-15,1300.0,Efectivo
TRX-97752,SOC-3561,PROD-502,2026-04-18,1091.52,Transferencia SPEI
TRX-97753,SOC-2512,PROD-504,2025-07-10,950.0,Efectivo
TRX-97754,SOC-2655,PROD-508,2025-03-14,250.0,Transferencia SPEI
TRX-97755,SOC-3013,PROD-501,2025-10-26,650.0,Transferencia SPEI
TRX-97756,SOC-3538,PROD-509,2024-01-10,400.0,Tarjeta de Crédito
TRX-97757,SOC-3033,PROD-512,2024-08-02,35.0,Tarjeta de Crédito
TRX-97758,SOC-2531,PROD-507,2024-11-27,750.0,Tarjeta de Crédito
TRX-97759,SOC-3556,PROD-508,2024-11-23,250.0,Transferencia SPEI
TRX-97760,SOC-2106,PROD-504,2025-10-02,950.0,Tarjeta de Débito
TRX-97761,SOC-2772,PROD-504,2025-12-05,950.0,Tarjeta de Crédito
TRX-97762,SOC-3593,PROD-509,2025-08-14,400.0,Tarjeta de Débito
TRX-97763,SOC-3278,PROD-506,2024-05-21,550.0,Tarjeta de Débito
TRX-97764,SOC-2926,PROD-501,2024-12-13,533.3,Tarjeta de Débito
TRX-97765,SOC-3480,PROD-508,2025-06-27,250.0,Tarjeta de Crédito
TRX-97766,SOC-2825,PROD-504,2025-07-02,950.0,Tarjeta de Crédito
TRX-97767,SOC-3647,PROD-503,2024-10-02,6999.0,Tarjeta de Crédito
TRX-97768,SOC-2951,PROD-502,2025-01-21,1132.56,Transferencia SPEI
TRX-97769,SOC-3583,PROD-503,2026-01-02,6999.0,Transferencia SPEI
TRX-97770,SOC-3188,PROD-508,2026-01-23,250.0,Transferencia SPEI
TRX-97771,SOC-3482,PROD-503,2024-08-08,6999.0,Efectivo
TRX-97772,SOC-2429,PROD-511,2025-07-23,50.0,Tarjeta de Débito
TRX-97773,SOC-2962,PROD-509,2026-02-14,400.0,Tarjeta de Crédito
TRX-97774,SOC-2847,PROD-509,2024-04-08,400.0,Tarjeta de Crédito
TRX-97775,SOC-2252,PROD-510,2024-06-07,75.0,Tarjeta de Débito
TRX-97776,SOC-2185,PROD-512,2024-06-28,35.0,Tarjeta de Crédito
TRX-97777,SOC-2286,PROD-509,2026-02-10,400.0,Transferencia SPEI
TRX-97778,SOC-2380,PROD-506,2024-09-03,550.0,Tarjeta de Débito
TRX-97779,SOC-3777,PROD-512,2024-04-07,35.0,Tarjeta de Débito
TRX-97780,SOC-2563,PROD-506,2025-01-11,550.0,Tarjeta de Crédito
TRX-97781,SOC-2652,PROD-509,2025-06-26,400.0,Tarjeta de Crédito
TRX-97782,SOC-2176,PROD-505,2026-02-23,391.88,Tarjeta de Débito
TRX-97783,SOC-2824,PROD-504,2024-01-29,950.0,Tarjeta de Crédito
TRX-97784,SOC-3035,PROD-503,2025-03-17,6999.0,Tarjeta de Débito
TRX-97785,SOC-3368,PROD-505,2025-09-19,385.15999999999997,Transferencia SPEI
TRX-97786,SOC-2738,PROD-508,2024-04-12,250.0,Transferencia SPEI
TRX-97787,SOC-3340,PROD-503,2024-04-04,6999.0,Tarjeta de Débito
TRX-97788,SOC-2123,PROD-509,2025-03-03,400.0,Transferencia SPEI
TRX-97789,SOC-3099,PROD-506,2025-01-30,550.0,Tarjeta de Crédito
TRX-97790,SOC-2611,PROD-508,2025-01-30,212.0,Tarjeta de Crédito
TRX-97791,SOC-2432,PROD-501,2025-08-13,650.0,Tarjeta de Débito
TRX-97792,SOC-3115,PROD-508,2024-06-30,250.0,Tarjeta de Débito
TRX-97793,SOC-2810,PROD-508,2025-11-11,250.0,Tarjeta de Crédito
TRX-97794,SOC-2160,PROD-507,2024-07-26,750.0,Tarjeta de Débito
TRX-97795,SOC-2794,PROD-501,2024-04-15,650.0,Transferencia SPEI
TRX-97796,SOC-2312,PROD-509,2026-02-26,323.32,Transferencia SPEI
TRX-97797,SOC-2639,PROD-510,2024-02-20,75.0,Tarjeta de Débito
TRX-97798,SOC-3604,PROD-511,2025-05-26,50.0,Efectivo
TRX-97799,SOC-3294,PROD-502,2025-03-19,1300.0,Tarjeta de Crédito
TRX-97800,SOC-2521,PROD-511,2025-12-25,50.0,Efectivo
TRX-97801,SOC-2469,PROD-502,2024-03-03,1300.0,Efectivo
TRX-97802,SOC-2796,PROD-507,2024-08-28,750.0,Transferencia SPEI
TRX-97803,SOC-2367,PROD-503,2025-06-20,6999.0,Tarjeta de Débito
TRX-97804,SOC-2627,PROD-502,2024-10-24,1300.0,Tarjeta de Débito
TRX-97805,SOC-2930,PROD-510,2025-01-22,75.0,Tarjeta de Débito
TRX-97806,SOC-2156,PROD-502,2025-10-11,1174.12,Transferencia SPEI
TRX-97807,SOC-2164,PROD-501,2025-01-26,650.0,Transferencia SPEI
TRX-97808,SOC-3531,PROD-501,2026-01-27,650.0,Efectivo
TRX-97809,SOC-2375,PROD-507,2024-01-07,750.0,Efectivo
TRX-97810,SOC-3305,PROD-502,2025-03-28,1300.0,Tarjeta de Débito
TRX-97811,SOC-2409,PROD-509,2026-04-29,400.0,Efectivo
TRX-97812,SOC-3686,PROD-512,2025-01-23,35.0,Tarjeta de Crédito
TRX-97813,SOC-2640,PROD-505,2024-03-15,480.0,Transferencia SPEI
TRX-97814,SOC-2797,PROD-511,2025-05-18,50.0,Tarjeta de Débito
TRX-97815,SOC-2655,PROD-508,2024-08-14,250.0,Tarjeta de Crédito
TRX-97816,SOC-2156,PROD-507,2024-12-23,692.51,Tarjeta de Débito
TRX-97817,SOC-2314,PROD-504,2026-03-03,950.0,Tarjeta de Crédito
TRX-97818,SOC-2710,PROD-505,2026-01-30,480.0,Efectivo
TRX-97819,SOC-2944,PROD-502,2026-03-30,1054.62,Transferencia SPEI
TRX-97820,SOC-3549,PROD-503,2025-09-23,6999.0,Efectivo
TRX-97821,SOC-2346,PROD-504,2025-11-08,950.0,Tarjeta de Débito
TRX-97822,SOC-3309,PROD-512,2024-02-01,35.0,Transferencia SPEI
TRX-97823,SOC-2911,PROD-502,2024-09-15,1300.0,Tarjeta de Crédito
TRX-97824,SOC-2456,PROD-511,2024-07-22,50.0,Transferencia SPEI
TRX-97825,SOC-3565,PROD-502,2024-09-17,1300.0,Tarjeta de Débito
TRX-97826,SOC-2731,PROD-505,2026-01-23,480.0,Tarjeta de Crédito
TRX-97827,SOC-3153,PROD-509,2025-12-12,400.0,Tarjeta de Crédito
TRX-97828,SOC-2321,PROD-501,2026-04-20,650.0,Efectivo
TRX-97829,SOC-2731,PROD-511,2024-07-04,43.1,Tarjeta de Débito
TRX-97830,SOC-2285,PROD-502,2025-03-27,1300.0,Efectivo
TRX-97831,SOC-2247,PROD-503,2025-03-03,6999.0,Tarjeta de Crédito
TRX-97832,SOC-2685,PROD-501,2024-12-01,650.0,Transferencia SPEI
TRX-97833,SOC-3509,PROD-504,2025-12-30,795.65,Efectivo
TRX-97834,SOC-2475,PROD-510,2024-10-29,75.0,Tarjeta de Crédito
TRX-97835,SOC-3676,PROD-512,2026-02-07,35.0,Efectivo
TRX-97836,SOC-3520,PROD-503,2025-05-13,6999.0,Transferencia SPEI
TRX-97837,SOC-3668,PROD-503,2026-03-18,6999.0,Tarjeta de Crédito
TRX-97838,SOC-3036,PROD-505,2024-10-29,390.29,Tarjeta de Crédito
TRX-97839,SOC-2987,PROD-511,2025-02-06,50.0,Tarjeta de Crédito
TRX-97840,SOC-3221,PROD-510,2025-08-29,75.0,Tarjeta de Débito
TRX-97841,SOC-3511,PROD-509,2024-01-20,400.0,Efectivo
TRX-97842,SOC-3071,PROD-507,2025-10-17,750.0,Efectivo
TRX-97843,SOC-2589,PROD-509,2025-02-25,400.0,Tarjeta de Crédito
TRX-97844,SOC-3210,PROD-511,2024-02-17,50.0,Efectivo
TRX-97845,SOC-2682,PROD-501,2026-02-11,650.0,Transferencia SPEI
TRX-97846,SOC-3354,PROD-502,2024-12-08,1300.0,Tarjeta de Débito
TRX-97847,SOC-2242,PROD-509,2024-05-08,400.0,Transferencia SPEI
TRX-97848,SOC-3000,PROD-503,2024-04-17,6594.47,Tarjeta de Débito
TRX-97849,SOC-2592,PROD-505,2025-04-26,480.0,Tarjeta de Crédito
TRX-97850,SOC-3164,PROD-502,2025-12-09,1210.65,Tarjeta de Débito
TRX-97851,SOC-3750,PROD-512,2024-01-11,29.52,Tarjeta de Débito
TRX-97852,SOC-2808,PROD-509,2025-11-26,400.0,Tarjeta de Débito
TRX-97853,SOC-3086,PROD-507,2024-12-03,750.0,Transferencia SPEI
TRX-97854,SOC-3545,PROD-504,2025-05-05,950.0,Tarjeta de Débito
TRX-97855,SOC-3227,PROD-507,2025-02-18,750.0,Efectivo
TRX-97856,SOC-2907,PROD-503,2024-08-12,6999.0,Efectivo
TRX-97857,SOC-3572,PROD-505,2026-03-25,480.0,Efectivo
TRX-97858,SOC-2304,PROD-501,2025-07-25,617.35,Transferencia SPEI
TRX-97859,SOC-3059,PROD-510,2024-08-03,75.0,Tarjeta de Crédito
TRX-97860,SOC-2729,PROD-503,2026-03-20,6999.0,Tarjeta de Débito
TRX-97861,SOC-2010,PROD-505,2024-08-09,480.0,Tarjeta de Débito
TRX-97862,SOC-2240,PROD-507,2024-01-19,644.13,Tarjeta de Débito
TRX-97863,SOC-2990,PROD-508,2025-01-17,203.07,Transferencia SPEI
TRX-97864,SOC-3149,PROD-505,2025-07-26,480.0,Tarjeta de Crédito
TRX-97865,SOC-3365,PROD-512,2024-04-11,35.0,Transferencia SPEI
TRX-97866,SOC-2963,PROD-509,2024-03-12,400.0,Tarjeta de Crédito
TRX-97867,SOC-2536,PROD-511,2025-07-20,44.96,Transferencia SPEI
TRX-97868,SOC-2790,PROD-505,2024-06-09,480.0,Tarjeta de Crédito
TRX-97869,SOC-3549,PROD-510,2024-08-13,60.49,Tarjeta de Débito
TRX-97870,SOC-2493,PROD-510,2025-01-10,63.4,Transferencia SPEI
TRX-97871,SOC-2086,PROD-509,2025-10-31,400.0,Tarjeta de Débito
TRX-97872,SOC-2386,PROD-503,2025-09-06,6999.0,Transferencia SPEI
TRX-97873,SOC-2485,PROD-505,2025-12-22,480.0,Efectivo
TRX-97874,SOC-2173,PROD-505,2025-09-26,480.0,Transferencia SPEI
TRX-97875,SOC-3712,PROD-512,2024-11-07,35.0,Tarjeta de Débito
TRX-97876,SOC-2558,PROD-512,2025-05-16,35.0,Transferencia SPEI
TRX-97877,SOC-3754,PROD-508,2024-02-07,250.0,Efectivo
TRX-97878,SOC-3180,PROD-507,2025-04-14,750.0,Tarjeta de Débito
TRX-97879,SOC-2747,PROD-507,2024-12-10,750.0,Transferencia SPEI
TRX-97880,SOC-2478,PROD-510,2025-01-29,60.79,Tarjeta de Crédito
TRX-97881,SOC-3584,PROD-511,2024-09-13,43.97,Transferencia SPEI
TRX-97882,SOC-3109,PROD-512,2025-08-17,32.98,Efectivo
TRX-97883,SOC-2601,PROD-502,2025-12-23,1300.0,Tarjeta de Débito
TRX-97884,SOC-2880,PROD-510,2025-10-16,75.0,Tarjeta de Crédito
TRX-97885,SOC-2065,PROD-508,2025-12-31,250.0,Efectivo
TRX-97886,SOC-3403,PROD-509,2025-11-07,400.0,Transferencia SPEI
TRX-97887,SOC-3356,PROD-508,2026-04-01,210.54,Efectivo
TRX-97888,SOC-2793,PROD-506,2025-06-02,550.0,Tarjeta de Crédito
TRX-97889,SOC-2841,PROD-504,2024-11-11,950.0,Efectivo
TRX-97890,SOC-2066,PROD-505,2025-07-04,480.0,Transferencia SPEI
TRX-97891,SOC-3139,PROD-512,2025-03-05,35.0,Efectivo
TRX-97892,SOC-2298,PROD-507,2024-12-01,750.0,Tarjeta de Crédito
TRX-97893,SOC-3125,PROD-502,2025-07-20,1300.0,Efectivo
TRX-97894,SOC-2341,PROD-508,2026-02-15,250.0,Tarjeta de Débito
TRX-97895,SOC-3329,PROD-503,2024-09-21,6999.0,Efectivo
TRX-97896,SOC-3280,PROD-507,2024-01-27,750.0,Tarjeta de Débito
TRX-97897,SOC-2205,PROD-512,2025-12-13,35.0,Tarjeta de Débito
TRX-97898,SOC-3794,PROD-506,2024-07-16,550.0,Tarjeta de Crédito
TRX-97899,SOC-2127,PROD-512,2026-03-24,35.0,Transferencia SPEI
TRX-97900,SOC-2853,PROD-504,2024-05-06,950.0,Tarjeta de Débito
TRX-97901,SOC-3159,PROD-507,2025-05-20,620.0699999999999,Transferencia SPEI
TRX-97902,SOC-3539,PROD-510,2024-09-18,75.0,Efectivo
TRX-97903,SOC-2555,PROD-512,2024-11-08,32.94,Tarjeta de Débito
TRX-97904,SOC-2075,PROD-508,2025-01-13,250.0,Tarjeta de Crédito
TRX-97905,SOC-2489,PROD-502,2024-02-22,1300.0,Tarjeta de Débito
TRX-97906,SOC-3589,PROD-501,2025-03-31,650.0,Transferencia SPEI
TRX-97907,SOC-2326,PROD-510,2025-02-24,75.0,Tarjeta de Crédito
TRX-97908,SOC-2362,PROD-512,2025-07-29,35.0,Tarjeta de Débito
TRX-97909,SOC-3535,PROD-505,2024-06-06,480.0,Tarjeta de Crédito
TRX-97910,SOC-3521,PROD-505,2024-09-21,480.0,Transferencia SPEI
TRX-97911,SOC-3180,PROD-512,2025-09-05,28.72,Efectivo
TRX-97912,SOC-3633,PROD-511,2025-09-02,50.0,Tarjeta de Crédito
TRX-97913,SOC-3664,PROD-507,2025-02-21,750.0,Tarjeta de Débito
TRX-97914,SOC-2565,PROD-508,2026-01-20,250.0,Transferencia SPEI
TRX-97915,SOC-3713,PROD-509,2025-12-20,400.0,Tarjeta de Crédito
TRX-97916,SOC-3366,PROD-508,2024-03-09,250.0,Tarjeta de Débito
TRX-97917,SOC-2385,PROD-510,2026-02-01,75.0,Tarjeta de Débito
TRX-97918,SOC-3327,PROD-512,2025-08-27,30.990000000000002,Transferencia SPEI
TRX-97919,SOC-2942,PROD-502,2025-07-25,1300.0,Transferencia SPEI
TRX-97920,SOC-2005,PROD-511,2024-04-19,50.0,Tarjeta de Crédito
TRX-97921,SOC-3435,PROD-501,2024-09-20,527.34,Tarjeta de Débito
TRX-97922,SOC-2773,PROD-501,2024-02-17,650.0,Tarjeta de Crédito
TRX-97923,SOC-2204,PROD-507,2025-11-29,750.0,Transferencia SPEI
TRX-97924,SOC-2953,PROD-506,2024-05-31,550.0,Efectivo
TRX-97925,SOC-2897,PROD-502,2024-06-08,1300.0,Transferencia SPEI
TRX-97926,SOC-2211,PROD-508,2025-03-16,250.0,Tarjeta de Débito
TRX-97927,SOC-2019,PROD-507,2026-03-26,750.0,Tarjeta de Crédito
TRX-97928,SOC-3427,PROD-508,2024-06-10,250.0,Efectivo
TRX-97929,SOC-3409,PROD-505,2024-08-03,480.0,Efectivo
TRX-97930,SOC-2998,PROD-512,2025-02-20,35.0,Tarjeta de Crédito
TRX-97931,SOC-3771,PROD-503,2025-03-24,5874.01,Tarjeta de Débito
TRX-97932,SOC-2505,PROD-502,2025-02-09,1300.0,Tarjeta de Crédito
TRX-97933,SOC-3177,PROD-502,2024-11-22,1300.0,Transferencia SPEI
TRX-97934,SOC-2559,PROD-508,2024-05-09,250.0,Efectivo
TRX-97935,SOC-3692,PROD-505,2025-01-28,480.0,Tarjeta de Crédito
TRX-97936,SOC-3339,PROD-501,2025-11-29,650.0,Efectivo
TRX-97937,SOC-2801,PROD-512,2024-04-20,35.0,Tarjeta de Débito
TRX-97938,SOC-2068,PROD-511,2026-04-12,50.0,Efectivo
TRX-97939,SOC-2487,PROD-505,2024-01-31,480.0,Transferencia SPEI
TRX-97940,SOC-2464,PROD-502,2024-05-18,1300.0,Efectivo
TRX-97941,SOC-3671,PROD-512,2025-03-18,35.0,Transferencia SPEI
TRX-97942,SOC-2832,PROD-506,2024-10-20,550.0,Tarjeta de Débito
TRX-97943,SOC-2480,PROD-512,2025-10-12,35.0,Tarjeta de Crédito
TRX-97944,SOC-3285,PROD-511,2024-04-26,50.0,Transferencia SPEI
TRX-97945,SOC-3158,PROD-505,2024-08-14,480.0,Tarjeta de Crédito
TRX-97946,SOC-3026,PROD-512,2025-03-20,35.0,Transferencia SPEI
TRX-97947,SOC-3127,PROD-511,2024-01-13,50.0,Efectivo
TRX-97948,SOC-2492,PROD-509,2024-02-02,400.0,Transferencia SPEI
TRX-97949,SOC-2460,PROD-503,2024-04-28,6999.0,Transferencia SPEI
TRX-97950,SOC-3756,PROD-509,2026-02-14,400.0,Transferencia SPEI
TRX-97951,SOC-2608,PROD-506,2024-12-06,550.0,Tarjeta de Crédito
TRX-97952,SOC-2838,PROD-502,2024-11-18,1149.1100000000001,Tarjeta de Débito
TRX-97953,SOC-3364,PROD-506,2025-05-24,442.97,Tarjeta de Crédito
TRX-97954,SOC-3276,PROD-506,2024-02-06,550.0,Transferencia SPEI
TRX-97955,SOC-3634,PROD-505,2024-10-23,400.38,Tarjeta de Débito
TRX-97956,SOC-3380,PROD-510,2025-08-19,75.0,Transferencia SPEI
TRX-97957,SOC-3344,PROD-503,2024-11-21,6999.0,Tarjeta de Crédito
TRX-97958,SOC-3791,PROD-507,2024-09-09,750.0,Efectivo
TRX-97959,SOC-2072,PROD-507,2025-10-25,750.0,Tarjeta de Débito
TRX-97960,SOC-2129,PROD-506,2024-03-30,550.0,Transferencia SPEI
TRX-97961,SOC-3423,PROD-506,2024-03-18,550.0,Tarjeta de Crédito
TRX-97962,SOC-2973,PROD-509,2024-09-13,400.0,Tarjeta de Crédito
TRX-97963,SOC-2138,PROD-503,2025-04-10,6999.0,Tarjeta de Débito
TRX-97964,SOC-3568,PROD-505,2026-04-06,480.0,Efectivo
TRX-97965,SOC-3371,PROD-502,2025-10-01,1300.0,Transferencia SPEI
TRX-97966,SOC-3409,PROD-503,2024-04-24,6999.0,Tarjeta de Débito
TRX-97967,SOC-2854,PROD-502,2025-02-10,1300.0,Transferencia SPEI
TRX-97968,SOC-2158,PROD-506,2024-06-01,550.0,Transferencia SPEI
TRX-97969,SOC-3578,PROD-506,2024-09-11,550.0,Tarjeta de Crédito
TRX-97970,SOC-2262,PROD-511,2026-03-20,50.0,Transferencia SPEI
TRX-97971,SOC-2081,PROD-512,2025-11-23,35.0,Efectivo
TRX-97972,SOC-2220,PROD-505,2025-06-24,480.0,Tarjeta de Crédito
TRX-97973,SOC-3194,PROD-512,2025-03-29,30.32,Tarjeta de Débito
TRX-97974,SOC-2090,PROD-509,2025-09-07,400.0,Tarjeta de Débito
TRX-97975,SOC-2505,PROD-508,2026-02-25,250.0,Tarjeta de Débito
TRX-97976,SOC-3135,PROD-511,2026-02-21,50.0,Efectivo
TRX-97977,SOC-3658,PROD-503,2025-02-15,6999.0,Transferencia SPEI
TRX-97978,SOC-3545,PROD-510,2024-09-12,71.09,Efectivo
TRX-97979,SOC-2663,PROD-509,2025-07-08,400.0,Efectivo
TRX-97980,SOC-2676,PROD-511,2025-06-04,46.59,Efectivo
TRX-97981,SOC-2395,PROD-504,2024-10-16,950.0,Efectivo
TRX-97982,SOC-2697,PROD-501,2025-07-20,650.0,Efectivo
TRX-97983,SOC-3424,PROD-512,2024-02-19,35.0,Tarjeta de Crédito
TRX-97984,SOC-2699,PROD-511,2025-06-14,50.0,Transferencia SPEI
TRX-97985,SOC-3660,PROD-510,2025-08-27,69.18,Efectivo
TRX-97986,SOC-3594,PROD-504,2024-03-11,802.51,Tarjeta de Débito
TRX-97987,SOC-2857,PROD-501,2024-05-20,650.0,Efectivo
TRX-97988,SOC-2330,PROD-505,2025-03-16,480.0,Transferencia SPEI
TRX-97989,SOC-3589,PROD-505,2024-05-27,480.0,Tarjeta de Crédito
TRX-97990,SOC-3446,PROD-511,2026-01-11,50.0,Tarjeta de Crédito
TRX-97991,SOC-2813,PROD-503,2024-02-22,6999.0,Tarjeta de Débito
TRX-97992,SOC-3274,PROD-509,2026-04-23,400.0,Tarjeta de Débito
TRX-97993,SOC-3198,PROD-512,2026-01-11,35.0,Efectivo
TRX-97994,SOC-3736,PROD-503,2025-02-02,6041.48,Efectivo
TRX-97995,SOC-2502,PROD-504,2024-03-21,950.0,Tarjeta de Débito
TRX-97996,SOC-3526,PROD-507,2025-01-13,750.0,Tarjeta de Débito
TRX-97997,SOC-3015,PROD-512,2024-05-02,35.0,Transferencia SPEI
TRX-97998,SOC-2726,PROD-508,2025-06-08,250.0,Tarjeta de Crédito
TRX-97999,SOC-2047,PROD-505,2025-08-11,480.0,Efectivo
TRX-98000,SOC-2621,PROD-504,2025-05-28,950.0,Transferencia SPEI
TRX-98001,SOC-2596,PROD-511,2024-04-12,50.0,Tarjeta de Débito
TRX-98002,SOC-2081,PROD-509,2025-01-29,336.55,Tarjeta de Débito
TRX-98003,SOC-2390,PROD-503,2026-02-26,6411.67,Transferencia SPEI
TRX-98004,SOC-2303,PROD-505,2026-01-14,480.0,Transferencia SPEI
TRX-98005,SOC-2790,PROD-505,2024-04-06,480.0,Transferencia SPEI
TRX-98006,SOC-2203,PROD-504,2025-11-16,950.0,Tarjeta de Débito
TRX-98007,SOC-3669,PROD-506,2025-05-16,550.0,Transferencia SPEI
TRX-98008,SOC-2243,PROD-509,2026-02-02,360.63,Tarjeta de Crédito
TRX-98009,SOC-3181,PROD-504,2024-11-15,950.0,Efectivo
TRX-98010,SOC-3062,PROD-504,2025-01-12,950.0,Tarjeta de Débito
TRX-98011,SOC-3722,PROD-503,2025-11-22,6999.0,Tarjeta de Débito
TRX-98012,SOC-3157,PROD-509,2025-06-06,369.68,Transferencia SPEI
TRX-98013,SOC-3254,PROD-507,2025-01-16,750.0,Tarjeta de Crédito
TRX-98014,SOC-2365,PROD-506,2025-11-11,550.0,Transferencia SPEI
TRX-98015,SOC-3660,PROD-503,2025-04-14,6999.0,Tarjeta de Crédito
TRX-98016,SOC-2285,PROD-504,2025-02-28,950.0,Efectivo
TRX-98017,SOC-3652,PROD-503,2025-04-26,6999.0,Tarjeta de Débito
TRX-98018,SOC-2252,PROD-509,2024-07-29,400.0,Tarjeta de Débito
TRX-98019,SOC-2695,PROD-511,2025-04-26,50.0,Efectivo
TRX-98020,SOC-2330,PROD-503,2025-06-10,5745.24,Transferencia SPEI
TRX-98021,SOC-2166,PROD-511,2024-01-28,50.0,Tarjeta de Débito
TRX-98022,SOC-2744,PROD-501,2024-05-16,650.0,Tarjeta de Débito
TRX-98023,SOC-2548,PROD-508,2024-08-16,250.0,Tarjeta de Crédito
TRX-98024,SOC-2569,PROD-502,2025-10-19,1300.0,Tarjeta de Crédito
TRX-98025,SOC-3273,PROD-502,2024-02-01,1300.0,Tarjeta de Crédito
TRX-98026,SOC-2489,PROD-512,2025-12-18,30.47,Transferencia SPEI
TRX-98027,SOC-2960,PROD-510,2025-10-14,66.47,Transferencia SPEI
TRX-98028,SOC-3526,PROD-505,2025-04-26,480.0,Tarjeta de Crédito
TRX-98029,SOC-3539,PROD-501,2025-12-30,650.0,Efectivo
TRX-98030,SOC-3356,PROD-501,2024-10-29,595.03,Tarjeta de Débito
TRX-98031,SOC-2506,PROD-512,2025-04-24,35.0,Tarjeta de Crédito
TRX-98032,SOC-2808,PROD-501,2026-03-22,564.24,Transferencia SPEI
TRX-98033,SOC-3458,PROD-508,2026-03-15,250.0,Tarjeta de Débito
TRX-98034,SOC-3320,PROD-504,2024-07-11,950.0,Tarjeta de Débito
TRX-98035,SOC-2292,PROD-503,2024-11-28,6999.0,Tarjeta de Crédito
TRX-98036,SOC-3262,PROD-503,2024-05-17,6999.0,Tarjeta de Débito
TRX-98037,SOC-3566,PROD-508,2025-05-03,250.0,Tarjeta de Crédito
TRX-98038,SOC-2934,PROD-508,2024-09-15,250.0,Tarjeta de Débito
TRX-98039,SOC-2099,PROD-503,2024-04-19,6999.0,Tarjeta de Débito
TRX-98040,SOC-2383,PROD-502,2024-04-12,1300.0,Tarjeta de Débito
TRX-98041,SOC-3078,PROD-505,2025-03-18,480.0,Tarjeta de Crédito
TRX-98042,SOC-3457,PROD-507,2024-07-13,750.0,Transferencia SPEI
TRX-98043,SOC-3458,PROD-509,2025-05-15,400.0,Tarjeta de Débito
TRX-98044,SOC-2362,PROD-501,2026-02-15,650.0,Tarjeta de Débito
TRX-98045,SOC-2947,PROD-506,2025-12-05,550.0,Tarjeta de Crédito
TRX-98046,SOC-2755,PROD-511,2025-05-30,50.0,Tarjeta de Débito
TRX-98047,SOC-2916,PROD-508,2024-02-27,250.0,Tarjeta de Crédito
TRX-98048,SOC-3398,PROD-510,2024-06-30,75.0,Tarjeta de Crédito
TRX-98049,SOC-2268,PROD-511,2025-10-16,40.07,Tarjeta de Débito
TRX-98050,SOC-2636,PROD-507,2024-03-24,750.0,Transferencia SPEI
TRX-98051,SOC-3213,PROD-505,2025-02-25,480.0,Transferencia SPEI
TRX-98052,SOC-3321,PROD-508,2025-06-21,250.0,Efectivo
TRX-98053,SOC-3065,PROD-510,2025-06-13,75.0,Tarjeta de Crédito
TRX-98054,SOC-3470,PROD-507,2026-02-03,750.0,Tarjeta de Crédito
TRX-98055,SOC-3782,PROD-510,2024-11-29,75.0,Tarjeta de Débito
TRX-98056,SOC-3598,PROD-511,2024-12-01,50.0,Tarjeta de Crédito
TRX-98057,SOC-3443,PROD-502,2024-04-27,1300.0,Tarjeta de Débito
TRX-98058,SOC-3533,PROD-508,2024-06-26,250.0,Tarjeta de Débito
TRX-98059,SOC-3291,PROD-501,2024-03-30,650.0,Transferencia SPEI
TRX-98060,SOC-2438,PROD-508,2025-05-14,250.0,Tarjeta de Crédito
TRX-98061,SOC-2822,PROD-511,2024-07-20,50.0,Transferencia SPEI
TRX-98062,SOC-3702,PROD-506,2024-10-26,550.0,Transferencia SPEI
TRX-98063,SOC-3391,PROD-508,2025-08-06,219.55,Tarjeta de Crédito
TRX-98064,SOC-3660,PROD-503,2024-01-21,5895.15,Efectivo
TRX-98065,SOC-2048,PROD-501,2024-04-09,650.0,Tarjeta de Crédito
TRX-98066,SOC-3034,PROD-507,2025-11-14,750.0,Efectivo
TRX-98067,SOC-2810,PROD-503,2024-11-23,6136.26,Tarjeta de Débito
TRX-98068,SOC-2221,PROD-505,2025-08-19,480.0,Efectivo
TRX-98069,SOC-3158,PROD-512,2025-02-11,35.0,Efectivo
TRX-98070,SOC-3360,PROD-509,2024-01-09,364.09000000000003,Tarjeta de Débito
TRX-98071,SOC-3055,PROD-512,2025-05-10,35.0,Tarjeta de Débito
TRX-98072,SOC-2321,PROD-511,2024-06-27,50.0,Tarjeta de Débito
TRX-98073,SOC-3796,PROD-512,2025-12-09,35.0,Transferencia SPEI
TRX-98074,SOC-2868,PROD-506,2025-12-21,550.0,Tarjeta de Débito
TRX-98075,SOC-3672,PROD-509,2024-07-22,400.0,Tarjeta de Débito
TRX-98076,SOC-2236,PROD-508,2024-05-07,250.0,Tarjeta de Crédito
TRX-98077,SOC-3522,PROD-506,2024-03-06,550.0,Tarjeta de Crédito
TRX-98078,SOC-3771,PROD-505,2024-07-29,480.0,Tarjeta de Crédito
TRX-98079,SOC-2671,PROD-504,2025-03-18,950.0,Transferencia SPEI
TRX-98080,SOC-3393,PROD-508,2025-05-24,250.0,Tarjeta de Débito
TRX-98081,SOC-3480,PROD-503,2025-02-01,6999.0,Tarjeta de Débito
TRX-98082,SOC-3090,PROD-508,2024-11-26,212.54,Efectivo
TRX-98083,SOC-2614,PROD-512,2025-10-24,35.0,Efectivo
TRX-98084,SOC-2526,PROD-501,2025-04-26,650.0,Efectivo
TRX-98085,SOC-3290,PROD-511,2025-10-04,50.0,Efectivo
TRX-98086,SOC-3615,PROD-507,2024-03-28,750.0,Efectivo
TRX-98087,SOC-2986,PROD-505,2025-02-07,480.0,Transferencia SPEI
TRX-98088,SOC-3238,PROD-508,2025-11-15,250.0,Tarjeta de Crédito
TRX-98089,SOC-3626,PROD-512,2024-04-02,35.0,Tarjeta de Crédito
TRX-98090,SOC-2594,PROD-504,2025-01-12,950.0,Tarjeta de Crédito
TRX-98091,SOC-3603,PROD-512,2024-02-21,35.0,Tarjeta de Débito
TRX-98092,SOC-3551,PROD-504,2025-01-31,950.0,Tarjeta de Débito
TRX-98093,SOC-3465,PROD-503,2025-01-06,6999.0,Transferencia SPEI
TRX-98094,SOC-3491,PROD-512,2025-01-23,35.0,Tarjeta de Débito
TRX-98095,SOC-3494,PROD-501,2025-04-30,650.0,Efectivo
TRX-98096,SOC-3529,PROD-501,2025-11-08,650.0,Tarjeta de Crédito
TRX-98097,SOC-3337,PROD-510,2024-10-31,75.0,Transferencia SPEI
TRX-98098,SOC-2549,PROD-512,2025-03-01,35.0,Efectivo
TRX-98099,SOC-2376,PROD-511,2025-01-22,42.93,Tarjeta de Crédito
TRX-98100,SOC-3345,PROD-507,2025-11-17,750.0,Efectivo
TRX-98101,SOC-3579,PROD-510,2025-02-08,75.0,Transferencia SPEI
TRX-98102,SOC-2684,PROD-507,2025-12-15,750.0,Tarjeta de Crédito
TRX-98103,SOC-3189,PROD-501,2025-08-20,650.0,Tarjeta de Débito
TRX-98104,SOC-2806,PROD-507,2024-08-10,750.0,Efectivo
TRX-98105,SOC-3336,PROD-507,2024-07-24,750.0,Efectivo
TRX-98106,SOC-3624,PROD-501,2025-01-02,650.0,Transferencia SPEI
TRX-98107,SOC-2531,PROD-501,2025-04-01,650.0,Efectivo
TRX-98108,SOC-3785,PROD-505,2025-05-28,441.28,Tarjeta de Débito
TRX-98109,SOC-3568,PROD-504,2025-12-05,950.0,Tarjeta de Crédito
TRX-98110,SOC-3238,PROD-507,2025-01-08,750.0,Transferencia SPEI
TRX-98111,SOC-3288,PROD-503,2026-02-22,6999.0,Tarjeta de Débito
TRX-98112,SOC-3190,PROD-512,2025-07-11,35.0,Transferencia SPEI
TRX-98113,SOC-2961,PROD-512,2024-03-03,35.0,Tarjeta de Débito
TRX-98114,SOC-3059,PROD-510,2025-08-21,75.0,Efectivo
TRX-98115,SOC-2972,PROD-502,2024-07-05,1300.0,Transferencia SPEI
TRX-98116,SOC-3248,PROD-510,2024-04-08,75.0,Tarjeta de Crédito
TRX-98117,SOC-3684,PROD-508,2024-01-10,232.73,Tarjeta de Crédito
TRX-98118,SOC-2445,PROD-512,2026-04-25,28.1,Transferencia SPEI
TRX-98119,SOC-3044,PROD-510,2024-07-18,75.0,Tarjeta de Débito
TRX-98120,SOC-2862,PROD-501,2024-06-09,575.13,Tarjeta de Débito
TRX-98121,SOC-2156,PROD-506,2025-05-26,550.0,Tarjeta de Crédito
TRX-98122,SOC-3520,PROD-510,2024-03-10,75.0,Tarjeta de Crédito
TRX-98123,SOC-3435,PROD-511,2025-10-23,50.0,Tarjeta de Débito
TRX-98124,SOC-3632,PROD-507,2026-02-09,663.48,Tarjeta de Débito
TRX-98125,SOC-2689,PROD-509,2025-09-06,400.0,Tarjeta de Crédito
TRX-98126,SOC-3419,PROD-506,2025-01-05,550.0,Tarjeta de Débito
TRX-98127,SOC-3140,PROD-508,2025-11-15,200.44,Transferencia SPEI
TRX-98128,SOC-2400,PROD-501,2026-03-13,650.0,Tarjeta de Crédito
TRX-98129,SOC-3121,PROD-512,2024-06-30,35.0,Tarjeta de Crédito
TRX-98130,SOC-3634,PROD-504,2024-12-31,950.0,Transferencia SPEI
TRX-98131,SOC-3080,PROD-510,2025-05-24,63.08,Tarjeta de Crédito
TRX-98132,SOC-2719,PROD-510,2025-10-26,75.0,Transferencia SPEI
TRX-98133,SOC-2321,PROD-507,2025-06-22,750.0,Transferencia SPEI
TRX-98134,SOC-2545,PROD-507,2024-10-10,750.0,Tarjeta de Débito
TRX-98135,SOC-2070,PROD-508,2025-12-01,250.0,Tarjeta de Crédito
TRX-98136,SOC-2211,PROD-501,2024-05-05,650.0,Tarjeta de Débito
TRX-98137,SOC-3487,PROD-511,2024-02-20,50.0,Efectivo
TRX-98138,SOC-3106,PROD-508,2024-11-19,250.0,Tarjeta de Débito
TRX-98139,SOC-3677,PROD-506,2026-02-07,466.59000000000003,Efectivo
TRX-98140,SOC-3333,PROD-501,2024-11-23,650.0,Efectivo
TRX-98141,SOC-2004,PROD-509,2025-10-19,400.0,Transferencia SPEI
TRX-98142,SOC-2997,PROD-510,2025-05-18,75.0,Tarjeta de Débito
TRX-98143,SOC-2520,PROD-508,2025-03-21,229.54,Transferencia SPEI
TRX-98144,SOC-2772,PROD-504,2026-04-29,950.0,Tarjeta de Débito
TRX-98145,SOC-2796,PROD-506,2024-09-05,550.0,Tarjeta de Crédito
TRX-98146,SOC-2616,PROD-508,2025-03-29,250.0,Transferencia SPEI
TRX-98147,SOC-2469,PROD-504,2025-05-06,950.0,Tarjeta de Crédito
TRX-98148,SOC-2320,PROD-512,2025-03-16,35.0,Tarjeta de Crédito
TRX-98149,SOC-3029,PROD-502,2025-09-22,1300.0,Tarjeta de Débito
TRX-98150,SOC-2002,PROD-503,2024-08-11,6999.0,Tarjeta de Crédito
TRX-98151,SOC-3126,PROD-511,2025-05-25,50.0,Tarjeta de Débito
TRX-98152,SOC-2103,PROD-506,2024-06-17,498.59000000000003,Tarjeta de Débito
TRX-98153,SOC-3298,PROD-501,2024-09-15,650.0,Transferencia SPEI
TRX-98154,SOC-2055,PROD-510,2025-05-04,75.0,Transferencia SPEI
TRX-98155,SOC-2336,PROD-510,2024-03-18,75.0,Transferencia SPEI
TRX-98156,SOC-2924,PROD-504,2025-02-23,950.0,Tarjeta de Débito
TRX-98157,SOC-3190,PROD-502,2025-09-13,1300.0,Transferencia SPEI
TRX-98158,SOC-3539,PROD-505,2025-05-11,480.0,Tarjeta de Crédito
TRX-98159,SOC-2797,PROD-507,2025-01-08,750.0,Transferencia SPEI
TRX-98160,SOC-3323,PROD-509,2025-06-23,400.0,Transferencia SPEI
TRX-98161,SOC-3652,PROD-505,2025-06-02,480.0,Tarjeta de Débito
TRX-98162,SOC-3341,PROD-506,2025-04-08,513.16,Tarjeta de Débito
TRX-98163,SOC-2538,PROD-505,2026-03-22,480.0,Transferencia SPEI
TRX-98164,SOC-2133,PROD-507,2024-09-05,750.0,Tarjeta de Débito
TRX-98165,SOC-2371,PROD-506,2025-05-05,550.0,Transferencia SPEI
TRX-98166,SOC-2990,PROD-505,2024-08-30,480.0,Tarjeta de Crédito
TRX-98167,SOC-2163,PROD-503,2024-08-15,6999.0,Transferencia SPEI
TRX-98168,SOC-2911,PROD-506,2025-01-27,550.0,Efectivo
TRX-98169,SOC-3609,PROD-510,2024-03-24,75.0,Transferencia SPEI
TRX-98170,SOC-2681,PROD-506,2025-05-19,550.0,Tarjeta de Crédito
TRX-98171,SOC-2260,PROD-512,2024-07-10,35.0,Efectivo
TRX-98172,SOC-3310,PROD-501,2024-03-02,650.0,Efectivo
TRX-98173,SOC-2655,PROD-505,2024-12-25,480.0,Transferencia SPEI
TRX-98174,SOC-2472,PROD-507,2024-11-25,750.0,Tarjeta de Débito
TRX-98175,SOC-2067,PROD-506,2026-01-16,550.0,Tarjeta de Crédito
TRX-98176,SOC-2568,PROD-505,2024-07-08,480.0,Tarjeta de Crédito
TRX-98177,SOC-3761,PROD-511,2026-01-27,50.0,Efectivo
TRX-98178,SOC-2276,PROD-504,2025-09-16,950.0,Efectivo
TRX-98179,SOC-3587,PROD-507,2024-12-10,750.0,Tarjeta de Débito
TRX-98180,SOC-3797,PROD-504,2025-12-31,950.0,Transferencia SPEI
TRX-98181,SOC-2643,PROD-510,2025-11-17,75.0,Transferencia SPEI
TRX-98182,SOC-3661,PROD-503,2025-05-30,6999.0,Efectivo
TRX-98183,SOC-3218,PROD-507,2024-01-01,750.0,Transferencia SPEI
TRX-98184,SOC-3565,PROD-511,2024-11-29,50.0,Tarjeta de Crédito
TRX-98185,SOC-3594,PROD-512,2026-03-16,35.0,Tarjeta de Crédito
TRX-98186,SOC-2953,PROD-507,2024-09-10,607.65,Transferencia SPEI
TRX-98187,SOC-2450,PROD-510,2025-10-18,75.0,Tarjeta de Crédito
TRX-98188,SOC-3777,PROD-507,2025-01-29,750.0,Transferencia SPEI
TRX-98189,SOC-3347,PROD-510,2025-05-25,75.0,Tarjeta de Débito
TRX-98190,SOC-2687,PROD-501,2026-03-20,650.0,Efectivo
TRX-98191,SOC-3406,PROD-511,2024-10-26,50.0,Tarjeta de Débito
TRX-98192,SOC-3356,PROD-501,2025-03-30,650.0,Transferencia SPEI
TRX-98193,SOC-2322,PROD-510,2026-01-16,75.0,Efectivo
TRX-98194,SOC-3406,PROD-502,2024-01-18,1300.0,Tarjeta de Crédito
TRX-98195,SOC-3456,PROD-503,2025-12-07,6999.0,Transferencia SPEI
TRX-98196,SOC-2729,PROD-503,2025-04-04,6999.0,Tarjeta de Débito
TRX-98197,SOC-2594,PROD-507,2024-08-31,642.62,Efectivo
TRX-98198,SOC-3512,PROD-506,2025-03-11,550.0,Efectivo
TRX-98199,SOC-2940,PROD-508,2024-11-23,250.0,Transferencia SPEI
TRX-98200,SOC-2338,PROD-505,2026-03-31,480.0,Efectivo
TRX-98201,SOC-3468,PROD-510,2026-03-16,75.0,Transferencia SPEI
TRX-98202,SOC-3374,PROD-501,2025-06-02,650.0,Tarjeta de Débito
TRX-98203,SOC-2015,PROD-508,2024-12-03,250.0,Tarjeta de Crédito
TRX-98204,SOC-3415,PROD-509,2026-04-05,368.25,Transferencia SPEI
TRX-98205,SOC-2694,PROD-510,2025-10-03,75.0,Transferencia SPEI
TRX-98206,SOC-3069,PROD-504,2025-09-26,950.0,Efectivo
TRX-98207,SOC-3576,PROD-508,2026-01-28,250.0,Efectivo
TRX-98208,SOC-2716,PROD-502,2026-03-27,1300.0,Efectivo
TRX-98209,SOC-2838,PROD-510,2025-03-01,75.0,Efectivo
TRX-98210,SOC-3597,PROD-503,2025-07-01,6241.58,Tarjeta de Crédito
TRX-98211,SOC-3133,PROD-508,2026-03-11,202.57999999999998,Transferencia SPEI
TRX-98212,SOC-3772,PROD-509,2024-12-07,400.0,Tarjeta de Crédito
TRX-98213,SOC-2229,PROD-505,2026-01-12,480.0,Tarjeta de Débito
TRX-98214,SOC-2173,PROD-504,2025-04-29,868.11,Transferencia SPEI
TRX-98215,SOC-3411,PROD-504,2025-08-02,766.0699999999999,Tarjeta de Débito
TRX-98216,SOC-3087,PROD-504,2024-02-04,950.0,Tarjeta de Débito
TRX-98217,SOC-3400,PROD-509,2024-07-28,400.0,Transferencia SPEI
TRX-98218,SOC-3595,PROD-509,2024-05-06,400.0,Tarjeta de Crédito
TRX-98219,SOC-2408,PROD-509,2025-02-08,400.0,Transferencia SPEI
TRX-98220,SOC-2095,PROD-507,2025-05-01,750.0,Tarjeta de Débito
TRX-98221,SOC-3156,PROD-506,2025-04-04,550.0,Tarjeta de Débito
TRX-98222,SOC-2596,PROD-502,2026-04-10,1051.03,Transferencia SPEI
TRX-98223,SOC-2986,PROD-511,2024-05-13,50.0,Efectivo
TRX-98224,SOC-2602,PROD-501,2024-07-02,650.0,Efectivo
TRX-98225,SOC-2053,PROD-511,2025-07-07,50.0,Tarjeta de Débito
TRX-98226,SOC-3083,PROD-508,2024-06-03,250.0,Transferencia SPEI
TRX-98227,SOC-3032,PROD-505,2026-02-13,480.0,Transferencia SPEI
TRX-98228,SOC-3289,PROD-503,2024-02-17,6999.0,Tarjeta de Crédito
TRX-98229,SOC-2591,PROD-502,2024-01-17,1300.0,Efectivo
TRX-98230,SOC-2758,PROD-501,2026-03-19,650.0,Tarjeta de Débito
TRX-98231,SOC-3188,PROD-504,2024-04-29,950.0,Efectivo
TRX-98232,SOC-3072,PROD-511,2024-05-01,50.0,Efectivo
TRX-98233,SOC-2177,PROD-506,2025-10-12,550.0,Transferencia SPEI
TRX-98234,SOC-2895,PROD-502,2024-08-24,1300.0,Efectivo
TRX-98235,SOC-3444,PROD-505,2025-03-27,480.0,Tarjeta de Débito
TRX-98236,SOC-2093,PROD-501,2024-02-12,650.0,Tarjeta de Débito
TRX-98237,SOC-2688,PROD-509,2024-11-04,341.56,Tarjeta de Crédito
TRX-98238,SOC-2267,PROD-511,2025-05-04,40.94,Efectivo
TRX-98239,SOC-3333,PROD-507,2024-11-13,750.0,Tarjeta de Débito
TRX-98240,SOC-3278,PROD-504,2024-12-06,950.0,Tarjeta de Débito
TRX-98241,SOC-3514,PROD-512,2025-10-27,35.0,Efectivo
TRX-98242,SOC-3389,PROD-504,2026-03-18,950.0,Tarjeta de Crédito
TRX-98243,SOC-3152,PROD-504,2025-02-17,950.0,Tarjeta de Crédito
TRX-98244,SOC-3784,PROD-503,2024-11-07,6999.0,Efectivo
TRX-98245,SOC-2993,PROD-501,2025-06-20,650.0,Tarjeta de Crédito
TRX-98246,SOC-2716,PROD-502,2026-03-12,1300.0,Tarjeta de Débito
TRX-98247,SOC-3785,PROD-511,2025-11-14,50.0,Tarjeta de Débito
TRX-98248,SOC-3325,PROD-511,2026-03-13,50.0,Transferencia SPEI
TRX-98249,SOC-2823,PROD-512,2024-09-10,35.0,Efectivo
TRX-98250,SOC-3578,PROD-501,2026-01-17,582.7,Efectivo
TRX-98251,SOC-2560,PROD-512,2026-01-11,35.0,Transferencia SPEI
TRX-98252,SOC-3016,PROD-511,2024-06-18,50.0,Efectivo
TRX-98253,SOC-2618,PROD-501,2025-12-04,650.0,Efectivo
TRX-98254,SOC-3513,PROD-508,2024-02-22,250.0,Transferencia SPEI
TRX-98255,SOC-2432,PROD-502,2025-05-24,1300.0,Efectivo
TRX-98256,SOC-2816,PROD-507,2025-06-30,750.0,Efectivo
TRX-98257,SOC-2457,PROD-501,2024-08-23,650.0,Tarjeta de Débito
TRX-98258,SOC-2778,PROD-510,2024-04-21,75.0,Efectivo
TRX-98259,SOC-2748,PROD-501,2024-04-13,650.0,Tarjeta de Débito
TRX-98260,SOC-2535,PROD-507,2025-01-29,750.0,Tarjeta de Débito
TRX-98261,SOC-2900,PROD-504,2024-04-24,950.0,Tarjeta de Débito
TRX-98262,SOC-2449,PROD-507,2024-04-20,667.23,Transferencia SPEI
TRX-98263,SOC-2809,PROD-503,2026-02-27,6999.0,Tarjeta de Débito
TRX-98264,SOC-3021,PROD-512,2025-10-16,35.0,Tarjeta de Débito
TRX-98265,SOC-3001,PROD-505,2025-01-07,451.69,Transferencia SPEI
TRX-98266,SOC-2246,PROD-508,2024-08-25,250.0,Efectivo
TRX-98267,SOC-3554,PROD-506,2026-03-03,550.0,Transferencia SPEI
TRX-98268,SOC-2076,PROD-505,2024-06-25,480.0,Efectivo
TRX-98269,SOC-2543,PROD-505,2025-04-03,425.95,Efectivo
TRX-98270,SOC-3738,PROD-505,2024-09-25,480.0,Tarjeta de Débito
TRX-98271,SOC-2380,PROD-507,2024-09-24,750.0,Tarjeta de Débito
TRX-98272,SOC-3398,PROD-511,2025-05-27,50.0,Tarjeta de Crédito
TRX-98273,SOC-3228,PROD-507,2026-01-26,750.0,Tarjeta de Débito
TRX-98274,SOC-2527,PROD-502,2025-11-06,1300.0,Efectivo
TRX-98275,SOC-3711,PROD-504,2026-01-17,950.0,Efectivo
TRX-98276,SOC-2521,PROD-510,2025-06-02,75.0,Transferencia SPEI
TRX-98277,SOC-2277,PROD-501,2025-09-09,650.0,Tarjeta de Crédito
TRX-98278,SOC-2910,PROD-504,2025-08-31,950.0,Tarjeta de Débito
TRX-98279,SOC-3508,PROD-503,2024-11-15,6999.0,Transferencia SPEI
TRX-98280,SOC-3373,PROD-507,2024-01-03,750.0,Transferencia SPEI
TRX-98281,SOC-2577,PROD-511,2025-11-23,44.230000000000004,Tarjeta de Débito
TRX-98282,SOC-2007,PROD-503,2025-03-21,6999.0,Tarjeta de Crédito
TRX-98283,SOC-2722,PROD-504,2024-10-16,950.0,Tarjeta de Débito
TRX-98284,SOC-2700,PROD-507,2024-03-29,750.0,Tarjeta de Crédito
TRX-98285,SOC-3674,PROD-507,2026-01-07,750.0,Efectivo
TRX-98286,SOC-2426,PROD-509,2024-09-18,400.0,Tarjeta de Débito
TRX-98287,SOC-2706,PROD-502,2024-01-10,1300.0,Tarjeta de Débito
TRX-98288,SOC-2560,PROD-503,2025-10-05,6999.0,Tarjeta de Crédito
TRX-98289,SOC-3775,PROD-508,2024-12-13,222.43,Efectivo
TRX-98290,SOC-3046,PROD-505,2025-10-24,480.0,Tarjeta de Crédito
TRX-98291,SOC-3428,PROD-501,2025-03-25,650.0,Efectivo
TRX-98292,SOC-2310,PROD-507,2024-07-11,750.0,Efectivo
TRX-98293,SOC-3418,PROD-511,2024-07-07,50.0,Tarjeta de Crédito
TRX-98294,SOC-3001,PROD-509,2024-04-17,400.0,Tarjeta de Crédito
TRX-98295,SOC-2311,PROD-507,2025-04-26,750.0,Tarjeta de Crédito
TRX-98296,SOC-2500,PROD-503,2025-02-23,6179.6,Transferencia SPEI
TRX-98297,SOC-2900,PROD-505,2025-03-20,480.0,Tarjeta de Débito
TRX-98298,SOC-3038,PROD-509,2024-05-06,400.0,Tarjeta de Débito
TRX-98299,SOC-3562,PROD-507,2025-07-04,750.0,Transferencia SPEI
TRX-98300,SOC-3542,PROD-505,2025-08-20,480.0,Tarjeta de Débito
TRX-98301,SOC-2550,PROD-510,2025-09-17,75.0,Efectivo
TRX-98302,SOC-2413,PROD-507,2025-05-15,750.0,Transferencia SPEI
TRX-98303,SOC-2322,PROD-512,2026-02-07,35.0,Transferencia SPEI
TRX-98304,SOC-3034,PROD-505,2025-12-27,480.0,Efectivo
TRX-98305,SOC-3407,PROD-506,2024-08-23,550.0,Transferencia SPEI
TRX-98306,SOC-2900,PROD-511,2025-05-28,50.0,Tarjeta de Crédito
TRX-98307,SOC-2066,PROD-504,2024-03-18,950.0,Tarjeta de Crédito
TRX-98308,SOC-3791,PROD-502,2025-05-10,1300.0,Efectivo
TRX-98309,SOC-2700,PROD-504,2024-11-05,872.95,Tarjeta de Crédito
TRX-98310,SOC-2388,PROD-504,2024-04-14,950.0,Efectivo
TRX-98311,SOC-3049,PROD-501,2024-04-17,650.0,Tarjeta de Débito
TRX-98312,SOC-3108,PROD-501,2024-06-10,650.0,Tarjeta de Crédito
TRX-98313,SOC-3102,PROD-501,2024-05-02,650.0,Tarjeta de Crédito
TRX-98314,SOC-3026,PROD-509,2025-12-10,400.0,Tarjeta de Débito
TRX-98315,SOC-2398,PROD-502,2024-04-22,1300.0,Tarjeta de Crédito
TRX-98316,SOC-3154,PROD-508,2025-07-11,250.0,Tarjeta de Débito
TRX-98317,SOC-2993,PROD-504,2024-09-23,950.0,Tarjeta de Débito
TRX-98318,SOC-3188,PROD-502,2024-01-23,1300.0,Transferencia SPEI
TRX-98319,SOC-2026,PROD-509,2025-03-06,400.0,Tarjeta de Crédito
TRX-98320,SOC-3466,PROD-507,2024-12-27,667.8199999999999,Tarjeta de Crédito
TRX-98321,SOC-2841,PROD-511,2024-06-27,50.0,Tarjeta de Débito
TRX-98322,SOC-3768,PROD-508,2025-07-19,250.0,Tarjeta de Crédito
TRX-98323,SOC-2297,PROD-506,2024-04-17,550.0,Tarjeta de Crédito
TRX-98324,SOC-3780,PROD-507,2025-10-18,623.39,Tarjeta de Crédito
TRX-98325,SOC-2691,PROD-501,2025-03-01,611.62,Tarjeta de Débito
TRX-98326,SOC-2068,PROD-502,2024-11-26,1300.0,Transferencia SPEI
TRX-98327,SOC-3335,PROD-501,2025-02-08,557.52,Efectivo
TRX-98328,SOC-2077,PROD-510,2025-09-18,75.0,Tarjeta de Débito
TRX-98329,SOC-2377,PROD-507,2025-06-27,750.0,Tarjeta de Débito
TRX-98330,SOC-2102,PROD-509,2024-08-07,400.0,Efectivo
TRX-98331,SOC-3563,PROD-507,2025-07-24,750.0,Tarjeta de Crédito
TRX-98332,SOC-2233,PROD-505,2024-02-12,480.0,Tarjeta de Crédito
TRX-98333,SOC-2965,PROD-504,2024-02-25,950.0,Transferencia SPEI
TRX-98334,SOC-2170,PROD-505,2026-02-11,480.0,Efectivo
TRX-98335,SOC-2400,PROD-510,2024-01-11,75.0,Tarjeta de Crédito
TRX-98336,SOC-2054,PROD-501,2024-12-15,650.0,Transferencia SPEI
TRX-98337,SOC-2363,PROD-507,2026-03-26,711.68,Tarjeta de Crédito
TRX-98338,SOC-3336,PROD-505,2025-05-19,480.0,Tarjeta de Débito
TRX-98339,SOC-3338,PROD-508,2025-09-30,250.0,Tarjeta de Crédito
TRX-98340,SOC-2130,PROD-504,2024-06-21,950.0,Efectivo
TRX-98341,SOC-2677,PROD-503,2024-06-05,6999.0,Tarjeta de Crédito
TRX-98342,SOC-2355,PROD-503,2025-08-11,6999.0,Tarjeta de Crédito
TRX-98343,SOC-3579,PROD-506,2024-09-19,498.02,Tarjeta de Crédito
TRX-98344,SOC-3128,PROD-511,2024-10-29,50.0,Tarjeta de Débito
TRX-98345,SOC-2598,PROD-504,2025-10-18,825.98,Tarjeta de Débito
TRX-98346,SOC-2740,PROD-510,2024-10-01,75.0,Efectivo
TRX-98347,SOC-2118,PROD-508,2026-04-13,250.0,Tarjeta de Crédito
TRX-98348,SOC-3509,PROD-505,2026-02-10,480.0,Transferencia SPEI
TRX-98349,SOC-2842,PROD-510,2025-06-19,75.0,Tarjeta de Débito
TRX-98350,SOC-2737,PROD-511,2025-10-27,50.0,Efectivo
TRX-98351,SOC-2574,PROD-506,2025-07-11,550.0,Transferencia SPEI
TRX-98352,SOC-2740,PROD-501,2024-01-14,650.0,Transferencia SPEI
TRX-98353,SOC-3532,PROD-508,2024-02-02,250.0,Efectivo
TRX-98354,SOC-3499,PROD-504,2024-04-28,950.0,Tarjeta de Crédito
TRX-98355,SOC-2195,PROD-511,2024-03-20,50.0,Tarjeta de Débito
TRX-98356,SOC-3204,PROD-512,2025-05-27,32.24,Tarjeta de Crédito
TRX-98357,SOC-2226,PROD-506,2025-11-20,550.0,Transferencia SPEI
TRX-98358,SOC-2542,PROD-501,2024-04-28,587.04,Efectivo
TRX-98359,SOC-2186,PROD-510,2025-11-24,75.0,Tarjeta de Crédito
TRX-98360,SOC-2670,PROD-503,2024-01-08,6999.0,Transferencia SPEI
TRX-98361,SOC-2341,PROD-503,2026-04-08,6999.0,Efectivo
TRX-98362,SOC-3407,PROD-510,2024-07-31,66.89,Tarjeta de Débito
TRX-98363,SOC-2268,PROD-507,2025-02-12,750.0,Tarjeta de Crédito
TRX-98364,SOC-2474,PROD-502,2025-01-23,1224.77,Tarjeta de Crédito
TRX-98365,SOC-2390,PROD-502,2024-01-08,1218.29,Transferencia SPEI
TRX-98366,SOC-2248,PROD-510,2026-03-24,75.0,Tarjeta de Débito
TRX-98367,SOC-2953,PROD-512,2024-09-13,29.25,Tarjeta de Débito
TRX-98368,SOC-2060,PROD-509,2024-03-16,400.0,Efectivo
TRX-98369,SOC-2012,PROD-506,2025-02-26,550.0,Tarjeta de Crédito
TRX-98370,SOC-3306,PROD-506,2024-06-10,550.0,Tarjeta de Crédito
TRX-98371,SOC-2748,PROD-510,2025-01-12,62.25,Tarjeta de Crédito
TRX-98372,SOC-2741,PROD-503,2024-09-27,5964.38,Efectivo
TRX-98373,SOC-2308,PROD-512,2024-07-09,35.0,Transferencia SPEI
TRX-98374,SOC-2981,PROD-502,2024-02-25,1300.0,Tarjeta de Débito
TRX-98375,SOC-3521,PROD-507,2024-01-23,750.0,Tarjeta de Crédito
TRX-98376,SOC-2396,PROD-506,2025-04-01,550.0,Tarjeta de Débito
TRX-98377,SOC-2167,PROD-511,2024-11-04,50.0,Tarjeta de Débito
TRX-98378,SOC-2965,PROD-502,2025-05-25,1300.0,Tarjeta de Crédito
TRX-98379,SOC-2264,PROD-512,2025-05-22,35.0,Transferencia SPEI
TRX-98380,SOC-3422,PROD-511,2026-02-25,50.0,Transferencia SPEI
TRX-98381,SOC-2250,PROD-506,2025-06-23,550.0,Efectivo
TRX-98382,SOC-2822,PROD-512,2025-07-21,35.0,Efectivo
TRX-98383,SOC-2978,PROD-502,2024-11-20,1300.0,Efectivo
TRX-98384,SOC-2192,PROD-502,2024-09-21,1300.0,Tarjeta de Débito
TRX-98385,SOC-2238,PROD-503,2024-10-26,6999.0,Tarjeta de Débito
TRX-98386,SOC-2747,PROD-505,2025-03-02,480.0,Efectivo
TRX-98387,SOC-3378,PROD-504,2025-03-30,796.9,Tarjeta de Débito
TRX-98388,SOC-2190,PROD-510,2024-01-01,75.0,Transferencia SPEI
TRX-98389,SOC-3223,PROD-506,2024-11-13,550.0,Tarjeta de Débito
TRX-98390,SOC-3341,PROD-501,2025-07-09,650.0,Efectivo
TRX-98391,SOC-2394,PROD-505,2024-01-08,480.0,Efectivo
TRX-98392,SOC-3010,PROD-507,2024-04-01,750.0,Transferencia SPEI
TRX-98393,SOC-2214,PROD-504,2025-10-27,950.0,Efectivo
TRX-98394,SOC-2213,PROD-511,2024-05-08,50.0,Tarjeta de Crédito
TRX-98395,SOC-3756,PROD-502,2025-11-11,1300.0,Efectivo
TRX-98396,SOC-2932,PROD-503,2024-01-31,6999.0,Tarjeta de Débito
TRX-98397,SOC-2963,PROD-510,2025-01-24,75.0,Transferencia SPEI
TRX-98398,SOC-2532,PROD-501,2024-02-01,611.28,Tarjeta de Débito
TRX-98399,SOC-2596,PROD-503,2026-03-10,6999.0,Efectivo
TRX-98400,SOC-3454,PROD-508,2025-07-20,250.0,Tarjeta de Crédito
TRX-98401,SOC-3745,PROD-505,2024-03-17,393.35,Tarjeta de Crédito
TRX-98402,SOC-2556,PROD-512,2024-06-25,35.0,Efectivo
TRX-98403,SOC-3713,PROD-502,2024-09-16,1300.0,Transferencia SPEI
TRX-98404,SOC-2650,PROD-505,2025-11-05,480.0,Transferencia SPEI
TRX-98405,SOC-2296,PROD-505,2026-02-09,480.0,Tarjeta de Crédito
TRX-98406,SOC-2469,PROD-501,2025-10-21,650.0,Tarjeta de Débito
TRX-98407,SOC-2259,PROD-512,2024-03-16,35.0,Transferencia SPEI
TRX-98408,SOC-3047,PROD-505,2025-02-13,418.67,Tarjeta de Débito
TRX-98409,SOC-2201,PROD-511,2025-12-19,50.0,Tarjeta de Crédito
TRX-98410,SOC-2488,PROD-505,2025-12-06,480.0,Tarjeta de Débito
TRX-98411,SOC-2301,PROD-502,2026-02-10,1300.0,Transferencia SPEI
TRX-98412,SOC-2527,PROD-506,2024-07-11,550.0,Tarjeta de Crédito
TRX-98413,SOC-2202,PROD-507,2026-02-09,750.0,Tarjeta de Débito
TRX-98414,SOC-2020,PROD-507,2024-02-04,750.0,Tarjeta de Débito
TRX-98415,SOC-2212,PROD-502,2025-12-08,1300.0,Transferencia SPEI
TRX-98416,SOC-3338,PROD-502,2024-08-17,1300.0,Tarjeta de Débito
TRX-98417,SOC-3313,PROD-507,2026-01-30,750.0,Tarjeta de Crédito
TRX-98418,SOC-3296,PROD-502,2026-02-14,1300.0,Transferencia SPEI
TRX-98419,SOC-3113,PROD-510,2025-12-01,65.81,Transferencia SPEI
TRX-98420,SOC-3181,PROD-511,2026-02-06,50.0,Transferencia SPEI
TRX-98421,SOC-2110,PROD-502,2025-07-24,1300.0,Tarjeta de Crédito
TRX-98422,SOC-2029,PROD-505,2024-04-19,480.0,Tarjeta de Débito
TRX-98423,SOC-3299,PROD-505,2025-10-16,480.0,Tarjeta de Débito
TRX-98424,SOC-3716,PROD-508,2024-09-03,250.0,Tarjeta de Crédito
TRX-98425,SOC-2761,PROD-511,2026-04-29,50.0,Transferencia SPEI
TRX-98426,SOC-2510,PROD-507,2026-02-16,750.0,Efectivo
TRX-98427,SOC-2193,PROD-511,2025-03-12,50.0,Tarjeta de Débito
TRX-98428,SOC-2320,PROD-506,2024-09-04,455.79,Transferencia SPEI
TRX-98429,SOC-3633,PROD-506,2024-02-19,550.0,Efectivo
TRX-98430,SOC-3629,PROD-510,2024-08-07,75.0,Efectivo
TRX-98431,SOC-3532,PROD-502,2025-06-14,1300.0,Transferencia SPEI
TRX-98432,SOC-3141,PROD-510,2025-12-14,75.0,Efectivo
TRX-98433,SOC-3511,PROD-510,2025-01-02,75.0,Efectivo
TRX-98434,SOC-2671,PROD-512,2026-03-17,35.0,Tarjeta de Débito
TRX-98435,SOC-2067,PROD-510,2024-12-24,75.0,Tarjeta de Crédito
TRX-98436,SOC-3029,PROD-502,2025-06-27,1300.0,Tarjeta de Crédito
TRX-98437,SOC-2800,PROD-507,2025-06-01,606.04,Tarjeta de Crédito
TRX-98438,SOC-2590,PROD-502,2025-03-12,1300.0,Efectivo
TRX-98439,SOC-2186,PROD-510,2024-12-20,75.0,Efectivo
TRX-98440,SOC-3664,PROD-512,2026-01-08,35.0,Transferencia SPEI
TRX-98441,SOC-2364,PROD-512,2025-05-14,35.0,Efectivo
TRX-98442,SOC-3046,PROD-509,2026-01-23,400.0,Efectivo
TRX-98443,SOC-2807,PROD-509,2026-03-29,400.0,Efectivo
TRX-98444,SOC-2308,PROD-511,2026-04-21,40.480000000000004,Tarjeta de Débito
TRX-98445,SOC-3235,PROD-503,2025-07-21,5781.88,Tarjeta de Crédito
TRX-98446,SOC-2430,PROD-504,2024-03-24,950.0,Transferencia SPEI
TRX-98447,SOC-2996,PROD-508,2024-05-20,250.0,Tarjeta de Crédito
TRX-98448,SOC-3064,PROD-506,2026-02-13,550.0,Efectivo
TRX-98449,SOC-2870,PROD-503,2025-12-06,6999.0,Efectivo
TRX-98450,SOC-2535,PROD-502,2024-07-13,1300.0,Tarjeta de Crédito
TRX-98451,SOC-3018,PROD-511,2025-12-26,50.0,Tarjeta de Crédito
TRX-98452,SOC-2413,PROD-506,2025-10-28,550.0,Transferencia SPEI
TRX-98453,SOC-3768,PROD-505,2024-07-03,480.0,Efectivo
TRX-98454,SOC-3385,PROD-505,2026-01-09,480.0,Tarjeta de Débito
TRX-98455,SOC-2380,PROD-501,2025-03-25,650.0,Transferencia SPEI
TRX-98456,SOC-2535,PROD-502,2025-01-13,1300.0,Transferencia SPEI
TRX-98457,SOC-2135,PROD-510,2025-12-26,75.0,Tarjeta de Crédito
TRX-98458,SOC-2702,PROD-501,2025-11-09,650.0,Tarjeta de Crédito
TRX-98459,SOC-3359,PROD-506,2024-08-19,550.0,Efectivo
TRX-98460,SOC-3769,PROD-510,2025-01-07,75.0,Transferencia SPEI
TRX-98461,SOC-3013,PROD-510,2026-03-30,75.0,Tarjeta de Crédito
TRX-98462,SOC-2810,PROD-505,2025-11-18,480.0,Transferencia SPEI
TRX-98463,SOC-2432,PROD-508,2025-08-22,250.0,Tarjeta de Crédito
TRX-98464,SOC-2456,PROD-509,2026-01-08,400.0,Transferencia SPEI
TRX-98465,SOC-3395,PROD-502,2024-05-10,1300.0,Efectivo
TRX-98466,SOC-2491,PROD-506,2024-04-16,449.23,Efectivo
TRX-98467,SOC-2491,PROD-511,2024-07-31,47.28,Tarjeta de Débito
TRX-98468,SOC-2385,PROD-506,2026-02-22,550.0,Tarjeta de Crédito
TRX-98469,SOC-3779,PROD-505,2025-02-18,480.0,Tarjeta de Débito
TRX-98470,SOC-3076,PROD-505,2025-12-29,480.0,Efectivo
TRX-98471,SOC-2350,PROD-504,2024-05-22,950.0,Tarjeta de Crédito
TRX-98472,SOC-2372,PROD-504,2024-06-23,950.0,Transferencia SPEI
TRX-98473,SOC-3609,PROD-504,2025-06-20,950.0,Transferencia SPEI
TRX-98474,SOC-2122,PROD-512,2025-08-12,35.0,Efectivo
TRX-98475,SOC-2510,PROD-508,2024-01-13,250.0,Tarjeta de Débito
TRX-98476,SOC-3151,PROD-508,2025-06-15,250.0,Tarjeta de Crédito
TRX-98477,SOC-2254,PROD-504,2024-04-24,950.0,Tarjeta de Crédito
TRX-98478,SOC-2288,PROD-507,2025-10-27,711.77,Tarjeta de Crédito
TRX-98479,SOC-2915,PROD-502,2025-01-16,1189.78,Transferencia SPEI
TRX-98480,SOC-3726,PROD-509,2024-11-04,400.0,Tarjeta de Crédito
TRX-98481,SOC-3107,PROD-501,2024-07-21,650.0,Tarjeta de Débito
TRX-98482,SOC-3332,PROD-508,2026-01-28,250.0,Efectivo
TRX-98483,SOC-2197,PROD-504,2026-03-23,950.0,Efectivo
TRX-98484,SOC-3375,PROD-505,2025-08-11,480.0,Tarjeta de Crédito
TRX-98485,SOC-2628,PROD-506,2024-11-16,550.0,Transferencia SPEI
TRX-98486,SOC-3754,PROD-508,2024-01-16,203.23,Tarjeta de Débito
TRX-98487,SOC-2660,PROD-511,2025-06-03,50.0,Tarjeta de Crédito
TRX-98488,SOC-2541,PROD-509,2026-01-10,372.54,Efectivo
TRX-98489,SOC-3368,PROD-509,2026-04-10,400.0,Tarjeta de Crédito
TRX-98490,SOC-3060,PROD-506,2024-02-29,550.0,Tarjeta de Crédito
TRX-98491,SOC-3494,PROD-509,2024-10-14,400.0,Tarjeta de Crédito
TRX-98492,SOC-2698,PROD-509,2025-05-12,400.0,Tarjeta de Crédito
TRX-98493,SOC-2952,PROD-502,2025-01-15,1300.0,Tarjeta de Débito
TRX-98494,SOC-2206,PROD-506,2026-04-06,550.0,Tarjeta de Crédito
TRX-98495,SOC-3523,PROD-501,2025-04-01,650.0,Transferencia SPEI
TRX-98496,SOC-2842,PROD-507,2025-11-28,750.0,Efectivo
TRX-98497,SOC-3321,PROD-511,2025-12-15,50.0,Tarjeta de Crédito
TRX-98498,SOC-2186,PROD-502,2025-08-09,1300.0,Efectivo
TRX-98499,SOC-3472,PROD-507,2025-12-14,700.76,Tarjeta de Débito
TRX-98500,SOC-2691,PROD-512,2024-08-13,31.96,Tarjeta de Crédito
TRX-98501,SOC-3488,PROD-502,2024-07-13,1300.0,Efectivo
TRX-98502,SOC-2472,PROD-508,2025-05-19,250.0,Transferencia SPEI
TRX-98503,SOC-2018,PROD-504,2025-05-12,950.0,Tarjeta de Crédito
TRX-98504,SOC-2057,PROD-507,2024-04-09,750.0,Tarjeta de Crédito
TRX-98505,SOC-2105,PROD-501,2024-10-20,650.0,Tarjeta de Débito
TRX-98506,SOC-3060,PROD-503,2024-02-16,6999.0,Efectivo
TRX-98507,SOC-2802,PROD-503,2026-04-28,6999.0,Tarjeta de Débito
TRX-98508,SOC-2261,PROD-505,2025-03-17,480.0,Transferencia SPEI
TRX-98509,SOC-2500,PROD-503,2025-01-03,6999.0,Tarjeta de Débito
TRX-98510,SOC-2125,PROD-507,2024-12-02,750.0,Efectivo
TRX-98511,SOC-2687,PROD-512,2024-08-12,35.0,Transferencia SPEI
TRX-98512,SOC-3279,PROD-511,2024-05-02,41.39,Tarjeta de Crédito
TRX-98513,SOC-3532,PROD-512,2024-02-05,35.0,Transferencia SPEI
TRX-98514,SOC-3124,PROD-511,2025-09-11,45.74,Tarjeta de Débito
TRX-98515,SOC-2023,PROD-509,2024-04-11,400.0,Transferencia SPEI
TRX-98516,SOC-3106,PROD-512,2024-09-26,35.0,Transferencia SPEI
TRX-98517,SOC-2669,PROD-512,2025-04-02,35.0,Efectivo
TRX-98518,SOC-3689,PROD-512,2025-04-02,35.0,Tarjeta de Crédito
TRX-98519,SOC-2069,PROD-506,2024-09-23,443.49,Tarjeta de Débito
TRX-98520,SOC-2174,PROD-506,2025-12-08,550.0,Transferencia SPEI
TRX-98521,SOC-2992,PROD-505,2024-01-10,480.0,Tarjeta de Crédito
TRX-98522,SOC-2100,PROD-502,2026-01-16,1300.0,Transferencia SPEI
TRX-98523,SOC-3637,PROD-506,2025-09-07,550.0,Tarjeta de Crédito
TRX-98524,SOC-2073,PROD-501,2024-03-14,650.0,Tarjeta de Débito
TRX-98525,SOC-3770,PROD-511,2024-03-21,50.0,Efectivo
TRX-98526,SOC-2715,PROD-512,2025-10-06,35.0,Transferencia SPEI
TRX-98527,SOC-3291,PROD-508,2024-01-20,250.0,Tarjeta de Débito
TRX-98528,SOC-3605,PROD-505,2025-03-19,480.0,Tarjeta de Débito
TRX-98529,SOC-2012,PROD-501,2024-01-14,588.85,Efectivo
TRX-98530,SOC-2600,PROD-512,2025-02-26,35.0,Tarjeta de Débito
TRX-98531,SOC-2516,PROD-510,2025-04-18,75.0,Tarjeta de Crédito
TRX-98532,SOC-2606,PROD-512,2025-07-02,35.0,Tarjeta de Débito
TRX-98533,SOC-2349,PROD-506,2025-02-20,440.53,Tarjeta de Crédito
TRX-98534,SOC-3761,PROD-505,2025-02-09,480.0,Tarjeta de Débito
TRX-98535,SOC-2909,PROD-507,2024-03-02,690.85,Efectivo
TRX-98536,SOC-3427,PROD-508,2025-09-08,250.0,Efectivo
TRX-98537,SOC-2183,PROD-509,2024-04-24,400.0,Efectivo
TRX-98538,SOC-3624,PROD-507,2024-12-27,750.0,Tarjeta de Débito
TRX-98539,SOC-2123,PROD-509,2025-11-22,346.03,Efectivo
TRX-98540,SOC-2632,PROD-504,2024-04-21,950.0,Efectivo
TRX-98541,SOC-2900,PROD-502,2026-03-05,1300.0,Efectivo
TRX-98542,SOC-3295,PROD-507,2025-12-01,750.0,Transferencia SPEI
TRX-98543,SOC-3755,PROD-512,2025-11-08,35.0,Tarjeta de Crédito
TRX-98544,SOC-3677,PROD-502,2025-10-02,1047.33,Tarjeta de Crédito
TRX-98545,SOC-3592,PROD-503,2025-12-18,6999.0,Transferencia SPEI
TRX-98546,SOC-2824,PROD-508,2024-02-29,250.0,Tarjeta de Débito
TRX-98547,SOC-2770,PROD-502,2025-02-27,1300.0,Tarjeta de Débito
TRX-98548,SOC-2570,PROD-507,2025-08-30,750.0,Tarjeta de Débito
TRX-98549,SOC-3559,PROD-511,2025-06-01,50.0,Tarjeta de Crédito
TRX-98550,SOC-2515,PROD-511,2024-11-11,42.519999999999996,Tarjeta de Crédito
TRX-98551,SOC-2380,PROD-509,2026-03-02,374.72,Tarjeta de Crédito
TRX-98552,SOC-3770,PROD-508,2025-10-09,202.19,Tarjeta de Débito
TRX-98553,SOC-3572,PROD-508,2025-12-30,250.0,Tarjeta de Crédito
TRX-98554,SOC-3600,PROD-510,2025-04-13,75.0,Tarjeta de Débito
TRX-98555,SOC-3177,PROD-502,2026-01-04,1300.0,Tarjeta de Débito
TRX-98556,SOC-3086,PROD-510,2024-11-09,71.19,Tarjeta de Débito
TRX-98557,SOC-2788,PROD-506,2026-02-17,550.0,Tarjeta de Débito
TRX-98558,SOC-2830,PROD-504,2026-03-25,950.0,Tarjeta de Débito
TRX-98559,SOC-3148,PROD-512,2026-03-30,35.0,Efectivo
TRX-98560,SOC-3319,PROD-508,2026-02-08,250.0,Transferencia SPEI
TRX-98561,SOC-3365,PROD-511,2025-11-20,50.0,Transferencia SPEI
TRX-98562,SOC-3645,PROD-505,2025-08-08,480.0,Tarjeta de Crédito
TRX-98563,SOC-2928,PROD-509,2024-02-16,400.0,Tarjeta de Débito
TRX-98564,SOC-3755,PROD-503,2024-12-25,6544.47,Transferencia SPEI
TRX-98565,SOC-2252,PROD-507,2024-05-09,750.0,Transferencia SPEI
TRX-98566,SOC-2628,PROD-508,2025-03-21,250.0,Transferencia SPEI
TRX-98567,SOC-2871,PROD-512,2025-02-13,35.0,Efectivo
TRX-98568,SOC-3205,PROD-502,2025-09-07,1300.0,Tarjeta de Débito
TRX-98569,SOC-2336,PROD-507,2024-09-16,647.6,Tarjeta de Crédito
TRX-98570,SOC-2232,PROD-508,2025-03-21,250.0,Transferencia SPEI
TRX-98571,SOC-3732,PROD-501,2025-06-27,650.0,Transferencia SPEI
TRX-98572,SOC-3541,PROD-508,2024-11-22,250.0,Efectivo
TRX-98573,SOC-3287,PROD-506,2025-10-30,550.0,Tarjeta de Crédito
TRX-98574,SOC-3632,PROD-512,2025-08-28,35.0,Transferencia SPEI
TRX-98575,SOC-2994,PROD-501,2025-11-08,650.0,Tarjeta de Débito
TRX-98576,SOC-3608,PROD-508,2025-05-03,250.0,Efectivo
TRX-98577,SOC-2557,PROD-501,2024-12-29,650.0,Transferencia SPEI
TRX-98578,SOC-2114,PROD-503,2025-01-08,6999.0,Efectivo
TRX-98579,SOC-3428,PROD-502,2025-01-03,1300.0,Tarjeta de Débito
TRX-98580,SOC-2525,PROD-510,2024-10-15,61.9,Tarjeta de Débito
TRX-98581,SOC-2939,PROD-506,2024-05-15,550.0,Tarjeta de Crédito
TRX-98582,SOC-3005,PROD-505,2024-09-30,480.0,Tarjeta de Débito
TRX-98583,SOC-2732,PROD-506,2026-01-20,550.0,Transferencia SPEI
TRX-98584,SOC-2800,PROD-511,2025-02-23,50.0,Tarjeta de Débito
TRX-98585,SOC-3413,PROD-505,2024-07-07,390.86,Tarjeta de Débito
TRX-98586,SOC-2055,PROD-510,2024-12-15,75.0,Efectivo
TRX-98587,SOC-3405,PROD-508,2024-06-13,250.0,Transferencia SPEI
TRX-98588,SOC-2268,PROD-509,2025-10-02,400.0,Tarjeta de Crédito
TRX-98589,SOC-2973,PROD-507,2025-08-08,750.0,Transferencia SPEI
TRX-98590,SOC-2124,PROD-512,2025-07-22,35.0,Tarjeta de Débito
TRX-98591,SOC-3724,PROD-503,2026-01-23,6999.0,Transferencia SPEI
TRX-98592,SOC-3674,PROD-507,2024-01-24,750.0,Transferencia SPEI
TRX-98593,SOC-3661,PROD-510,2025-07-07,64.09,Transferencia SPEI
TRX-98594,SOC-2892,PROD-511,2024-11-09,50.0,Tarjeta de Crédito
TRX-98595,SOC-3314,PROD-510,2026-04-23,75.0,Tarjeta de Débito
TRX-98596,SOC-2403,PROD-512,2025-01-04,28.21,Transferencia SPEI
TRX-98597,SOC-3643,PROD-502,2025-03-18,1300.0,Transferencia SPEI
TRX-98598,SOC-3016,PROD-508,2025-11-28,250.0,Tarjeta de Crédito
TRX-98599,SOC-2570,PROD-508,2024-04-18,250.0,Tarjeta de Débito
TRX-98600,SOC-3156,PROD-502,2025-08-23,1197.36,Transferencia SPEI
TRX-98601,SOC-3192,PROD-506,2024-01-23,550.0,Transferencia SPEI
TRX-98602,SOC-3645,PROD-503,2024-12-17,6999.0,Tarjeta de Débito
TRX-98603,SOC-2074,PROD-502,2025-02-01,1300.0,Tarjeta de Débito
TRX-98604,SOC-2875,PROD-510,2025-05-02,75.0,Transferencia SPEI
TRX-98605,SOC-3280,PROD-509,2024-05-25,400.0,Transferencia SPEI
TRX-98606,SOC-3372,PROD-501,2024-01-22,650.0,Tarjeta de Crédito
TRX-98607,SOC-2442,PROD-512,2024-11-11,35.0,Efectivo
TRX-98608,SOC-2290,PROD-504,2026-02-28,950.0,Tarjeta de Crédito
TRX-98609,SOC-2365,PROD-507,2025-08-10,750.0,Tarjeta de Crédito
TRX-98610,SOC-3553,PROD-505,2025-09-30,480.0,Efectivo
TRX-98611,SOC-2185,PROD-512,2025-01-23,35.0,Tarjeta de Débito
TRX-98612,SOC-3251,PROD-510,2024-04-30,63.44,Tarjeta de Débito
TRX-98613,SOC-2862,PROD-505,2024-02-10,480.0,Efectivo
TRX-98614,SOC-3111,PROD-503,2025-07-20,6999.0,Efectivo
TRX-98615,SOC-2539,PROD-507,2024-12-31,750.0,Efectivo
TRX-98616,SOC-2169,PROD-511,2024-05-28,46.09,Tarjeta de Crédito
TRX-98617,SOC-3153,PROD-512,2024-03-01,35.0,Transferencia SPEI
TRX-98618,SOC-2886,PROD-511,2025-03-19,50.0,Tarjeta de Débito
TRX-98619,SOC-2316,PROD-504,2025-08-10,950.0,Tarjeta de Débito
TRX-98620,SOC-3694,PROD-504,2025-07-25,950.0,Transferencia SPEI
TRX-98621,SOC-2732,PROD-511,2026-02-02,50.0,Tarjeta de Débito
TRX-98622,SOC-2326,PROD-509,2025-05-27,400.0,Tarjeta de Crédito
TRX-98623,SOC-2971,PROD-512,2025-05-05,35.0,Tarjeta de Débito
TRX-98624,SOC-2110,PROD-512,2024-09-06,28.1,Tarjeta de Crédito
TRX-98625,SOC-3791,PROD-508,2025-05-01,250.0,Efectivo
TRX-98626,SOC-2930,PROD-510,2024-07-28,75.0,Transferencia SPEI
TRX-98627,SOC-2325,PROD-506,2024-02-17,550.0,Tarjeta de Débito
TRX-98628,SOC-2722,PROD-504,2024-06-10,950.0,Tarjeta de Crédito
TRX-98629,SOC-2570,PROD-511,2025-10-10,50.0,Tarjeta de Crédito
TRX-98630,SOC-3416,PROD-508,2024-05-27,250.0,Transferencia SPEI
TRX-98631,SOC-3562,PROD-512,2025-05-14,35.0,Tarjeta de Crédito
TRX-98632,SOC-3503,PROD-509,2025-11-12,400.0,Tarjeta de Débito
TRX-98633,SOC-3763,PROD-510,2024-03-22,75.0,Transferencia SPEI
TRX-98634,SOC-2907,PROD-503,2025-06-02,6999.0,Tarjeta de Débito
TRX-98635,SOC-3020,PROD-509,2025-01-27,400.0,Efectivo
TRX-98636,SOC-2107,PROD-505,2024-01-19,480.0,Tarjeta de Crédito
TRX-98637,SOC-3223,PROD-507,2025-09-27,750.0,Transferencia SPEI
TRX-98638,SOC-2643,PROD-503,2026-02-06,6999.0,Tarjeta de Débito
TRX-98639,SOC-2996,PROD-504,2024-03-17,950.0,Efectivo
TRX-98640,SOC-2289,PROD-501,2024-10-19,609.94,Efectivo
TRX-98641,SOC-2943,PROD-502,2025-08-03,1118.95,Tarjeta de Débito
TRX-98642,SOC-2511,PROD-512,2024-09-11,35.0,Tarjeta de Crédito
TRX-98643,SOC-2865,PROD-506,2025-03-24,550.0,Efectivo
TRX-98644,SOC-2597,PROD-510,2025-02-09,75.0,Tarjeta de Débito
TRX-98645,SOC-2651,PROD-501,2024-03-21,650.0,Tarjeta de Débito
TRX-98646,SOC-2429,PROD-502,2025-11-08,1062.96,Tarjeta de Débito
TRX-98647,SOC-3047,PROD-505,2025-01-13,480.0,Tarjeta de Crédito
TRX-98648,SOC-3793,PROD-502,2026-04-12,1300.0,Efectivo
TRX-98649,SOC-3423,PROD-501,2026-01-11,650.0,Efectivo
TRX-98650,SOC-3361,PROD-512,2025-04-17,35.0,Tarjeta de Crédito
TRX-98651,SOC-2189,PROD-508,2025-01-03,250.0,Efectivo
TRX-98652,SOC-3643,PROD-508,2024-08-26,202.11,Transferencia SPEI
TRX-98653,SOC-2437,PROD-508,2024-08-06,250.0,Transferencia SPEI
TRX-98654,SOC-3662,PROD-511,2025-11-05,41.19,Efectivo
TRX-98655,SOC-2201,PROD-511,2024-10-23,50.0,Transferencia SPEI
TRX-98656,SOC-2321,PROD-502,2026-04-26,1300.0,Tarjeta de Crédito
TRX-98657,SOC-3772,PROD-503,2026-01-13,6999.0,Tarjeta de Débito
TRX-98658,SOC-2032,PROD-501,2025-03-01,566.39,Tarjeta de Débito
TRX-98659,SOC-2553,PROD-512,2025-08-30,35.0,Transferencia SPEI
TRX-98660,SOC-2109,PROD-503,2025-10-27,6999.0,Efectivo
TRX-98661,SOC-2555,PROD-504,2024-12-15,950.0,Efectivo
TRX-98662,SOC-3710,PROD-505,2026-04-28,480.0,Efectivo
TRX-98663,SOC-3700,PROD-509,2025-12-29,400.0,Efectivo
TRX-98664,SOC-2621,PROD-506,2024-02-23,496.44,Tarjeta de Crédito
TRX-98665,SOC-2144,PROD-512,2024-04-25,35.0,Tarjeta de Débito
TRX-98666,SOC-3252,PROD-511,2025-02-20,40.269999999999996,Transferencia SPEI
TRX-98667,SOC-2832,PROD-510,2026-03-10,75.0,Tarjeta de Débito
TRX-98668,SOC-3632,PROD-508,2025-05-11,250.0,Transferencia SPEI
TRX-98669,SOC-2102,PROD-506,2024-09-19,550.0,Tarjeta de Débito
TRX-98670,SOC-2771,PROD-503,2024-11-20,6999.0,Efectivo
TRX-98671,SOC-3715,PROD-505,2024-06-22,480.0,Transferencia SPEI
TRX-98672,SOC-3772,PROD-505,2026-02-14,413.47,Tarjeta de Débito
TRX-98673,SOC-3358,PROD-512,2025-12-09,35.0,Efectivo
TRX-98674,SOC-3599,PROD-512,2026-02-17,35.0,Tarjeta de Débito
TRX-98675,SOC-2217,PROD-512,2025-06-14,35.0,Transferencia SPEI
TRX-98676,SOC-2224,PROD-502,2024-11-03,1300.0,Efectivo
TRX-98677,SOC-2784,PROD-501,2025-01-12,650.0,Efectivo
TRX-98678,SOC-2155,PROD-510,2025-05-26,75.0,Tarjeta de Débito
TRX-98679,SOC-2726,PROD-508,2024-02-13,250.0,Transferencia SPEI
TRX-98680,SOC-3008,PROD-512,2025-07-15,35.0,Tarjeta de Débito
TRX-98681,SOC-2096,PROD-505,2024-10-04,480.0,Efectivo
TRX-98682,SOC-2613,PROD-505,2026-02-03,385.95,Tarjeta de Débito
TRX-98683,SOC-3569,PROD-503,2026-02-05,6999.0,Efectivo
TRX-98684,SOC-3086,PROD-509,2024-03-03,400.0,Efectivo
TRX-98685,SOC-2133,PROD-506,2026-04-18,486.34000000000003,Transferencia SPEI
TRX-98686,SOC-3579,PROD-503,2025-02-24,6999.0,Transferencia SPEI
TRX-98687,SOC-2089,PROD-505,2024-05-26,480.0,Transferencia SPEI
TRX-98688,SOC-3487,PROD-510,2025-11-12,75.0,Tarjeta de Débito
TRX-98689,SOC-2307,PROD-501,2025-03-31,650.0,Efectivo
TRX-98690,SOC-2900,PROD-511,2024-01-11,43.49,Tarjeta de Débito
TRX-98691,SOC-2451,PROD-507,2025-01-03,750.0,Tarjeta de Crédito
TRX-98692,SOC-3376,PROD-504,2025-09-02,950.0,Transferencia SPEI
TRX-98693,SOC-2802,PROD-507,2026-01-24,707.17,Tarjeta de Débito
TRX-98694,SOC-2249,PROD-508,2026-03-13,236.08,Transferencia SPEI
TRX-98695,SOC-2886,PROD-501,2024-03-23,650.0,Transferencia SPEI
TRX-98696,SOC-2713,PROD-502,2025-12-28,1300.0,Efectivo
TRX-98697,SOC-2012,PROD-508,2025-04-29,250.0,Tarjeta de Crédito
TRX-98698,SOC-3039,PROD-505,2025-01-11,480.0,Transferencia SPEI
TRX-98699,SOC-2211,PROD-509,2025-10-02,400.0,Transferencia SPEI
TRX-98700,SOC-2988,PROD-501,2025-03-19,650.0,Tarjeta de Crédito
TRX-98701,SOC-3410,PROD-502,2025-09-10,1300.0,Tarjeta de Crédito
TRX-98702,SOC-3134,PROD-504,2024-11-02,950.0,Efectivo
TRX-98703,SOC-2531,PROD-504,2024-01-11,950.0,Tarjeta de Crédito
TRX-98704,SOC-2227,PROD-506,2024-06-11,550.0,Tarjeta de Crédito
TRX-98705,SOC-3527,PROD-506,2025-09-29,550.0,Tarjeta de Crédito
TRX-98706,SOC-2402,PROD-507,2026-04-28,750.0,Tarjeta de Débito
TRX-98707,SOC-3608,PROD-512,2024-02-25,35.0,Efectivo
TRX-98708,SOC-2350,PROD-511,2026-02-27,43.05,Tarjeta de Débito
TRX-98709,SOC-3656,PROD-505,2025-12-05,480.0,Transferencia SPEI
TRX-98710,SOC-3211,PROD-512,2025-06-30,35.0,Efectivo
TRX-98711,SOC-2186,PROD-503,2025-11-18,6999.0,Tarjeta de Débito
TRX-98712,SOC-3547,PROD-507,2026-03-27,652.64,Transferencia SPEI
TRX-98713,SOC-2197,PROD-512,2024-01-15,35.0,Efectivo
TRX-98714,SOC-2305,PROD-506,2025-05-17,550.0,Efectivo
TRX-98715,SOC-3623,PROD-502,2025-02-17,1300.0,Tarjeta de Crédito
TRX-98716,SOC-3470,PROD-501,2026-01-22,650.0,Tarjeta de Crédito
TRX-98717,SOC-2938,PROD-501,2024-08-19,650.0,Tarjeta de Débito
TRX-98718,SOC-3268,PROD-506,2025-09-29,512.33,Transferencia SPEI
TRX-98719,SOC-2776,PROD-502,2025-03-22,1300.0,Tarjeta de Crédito
TRX-98720,SOC-3173,PROD-507,2026-04-04,750.0,Transferencia SPEI
TRX-98721,SOC-3789,PROD-512,2024-07-16,35.0,Efectivo
TRX-98722,SOC-2272,PROD-506,2024-09-06,550.0,Transferencia SPEI
TRX-98723,SOC-3052,PROD-508,2024-07-11,250.0,Efectivo
TRX-98724,SOC-3268,PROD-503,2024-07-01,6999.0,Tarjeta de Débito
TRX-98725,SOC-2737,PROD-501,2026-04-04,650.0,Efectivo
TRX-98726,SOC-2794,PROD-510,2024-10-01,66.31,Transferencia SPEI
TRX-98727,SOC-3679,PROD-504,2026-04-22,950.0,Transferencia SPEI
TRX-98728,SOC-2199,PROD-509,2024-07-23,400.0,Tarjeta de Débito
TRX-98729,SOC-2241,PROD-501,2024-02-22,650.0,Transferencia SPEI
TRX-98730,SOC-2798,PROD-506,2025-07-06,550.0,Tarjeta de Débito
TRX-98731,SOC-2494,PROD-512,2026-02-12,35.0,Tarjeta de Crédito
TRX-98732,SOC-2056,PROD-501,2024-10-10,650.0,Tarjeta de Crédito
TRX-98733,SOC-3437,PROD-506,2025-10-27,550.0,Efectivo
TRX-98734,SOC-3452,PROD-509,2025-09-15,400.0,Transferencia SPEI
TRX-98735,SOC-2079,PROD-507,2024-10-09,750.0,Tarjeta de Crédito
TRX-98736,SOC-2964,PROD-506,2025-09-30,550.0,Tarjeta de Débito
TRX-98737,SOC-2579,PROD-508,2025-09-17,250.0,Tarjeta de Débito
TRX-98738,SOC-3532,PROD-509,2026-04-21,400.0,Tarjeta de Débito
TRX-98739,SOC-2963,PROD-501,2024-05-09,650.0,Efectivo
TRX-98740,SOC-2328,PROD-508,2025-03-11,250.0,Efectivo
TRX-98741,SOC-2386,PROD-501,2025-12-03,650.0,Efectivo
TRX-98742,SOC-2657,PROD-511,2026-03-25,41.09,Tarjeta de Débito
TRX-98743,SOC-3006,PROD-506,2024-11-01,550.0,Efectivo
TRX-98744,SOC-3110,PROD-505,2024-07-03,480.0,Efectivo
TRX-98745,SOC-2784,PROD-503,2025-06-06,6999.0,Tarjeta de Débito
TRX-98746,SOC-3606,PROD-501,2025-03-31,650.0,Tarjeta de Débito
TRX-98747,SOC-2459,PROD-503,2024-01-14,6999.0,Tarjeta de Crédito
TRX-98748,SOC-3099,PROD-506,2024-03-15,550.0,Tarjeta de Débito
TRX-98749,SOC-2115,PROD-502,2024-07-12,1300.0,Tarjeta de Débito
TRX-98750,SOC-2959,PROD-502,2024-04-04,1300.0,Transferencia SPEI
TRX-98751,SOC-3378,PROD-506,2024-01-14,550.0,Efectivo
TRX-98752,SOC-2427,PROD-510,2026-02-03,75.0,Tarjeta de Débito
TRX-98753,SOC-2180,PROD-509,2024-01-26,400.0,Efectivo
TRX-98754,SOC-3683,PROD-505,2024-04-14,386.32,Efectivo
TRX-98755,SOC-3009,PROD-505,2025-10-09,480.0,Tarjeta de Débito
TRX-98756,SOC-3506,PROD-506,2024-03-10,550.0,Tarjeta de Crédito
TRX-98757,SOC-2443,PROD-503,2025-04-29,6999.0,Tarjeta de Crédito
TRX-98758,SOC-3607,PROD-507,2025-07-29,750.0,Tarjeta de Débito
TRX-98759,SOC-2918,PROD-504,2025-06-07,950.0,Tarjeta de Crédito
TRX-98760,SOC-2087,PROD-510,2024-06-03,75.0,Tarjeta de Crédito
TRX-98761,SOC-3743,PROD-504,2025-09-09,763.03,Tarjeta de Débito
TRX-98762,SOC-2846,PROD-504,2025-02-25,950.0,Transferencia SPEI
TRX-98763,SOC-2166,PROD-503,2024-11-04,6999.0,Efectivo
TRX-98764,SOC-2417,PROD-508,2024-07-29,250.0,Tarjeta de Débito
TRX-98765,SOC-3261,PROD-502,2024-05-20,1300.0,Efectivo
TRX-98766,SOC-3163,PROD-504,2025-03-16,950.0,Tarjeta de Débito
TRX-98767,SOC-3782,PROD-504,2025-03-17,950.0,Transferencia SPEI
TRX-98768,SOC-2717,PROD-511,2025-12-10,50.0,Tarjeta de Débito
TRX-98769,SOC-3514,PROD-506,2025-12-10,550.0,Tarjeta de Débito
TRX-98770,SOC-2764,PROD-507,2025-07-19,750.0,Tarjeta de Débito
TRX-98771,SOC-2065,PROD-509,2025-08-20,400.0,Efectivo
TRX-98772,SOC-2602,PROD-507,2025-12-19,750.0,Efectivo
TRX-98773,SOC-3094,PROD-508,2025-09-24,250.0,Transferencia SPEI
TRX-98774,SOC-3797,PROD-507,2026-03-10,750.0,Efectivo
TRX-98775,SOC-2264,PROD-504,2024-01-09,950.0,Tarjeta de Crédito
TRX-98776,SOC-2493,PROD-504,2025-12-09,950.0,Tarjeta de Crédito
TRX-98777,SOC-2213,PROD-511,2025-08-06,50.0,Tarjeta de Crédito
TRX-98778,SOC-2665,PROD-501,2025-09-17,650.0,Tarjeta de Crédito
TRX-98779,SOC-3016,PROD-501,2024-09-21,541.62,Tarjeta de Crédito
TRX-98780,SOC-3587,PROD-509,2025-03-21,400.0,Transferencia SPEI
TRX-98781,SOC-3055,PROD-505,2025-04-23,420.03,Tarjeta de Crédito
TRX-98782,SOC-2797,PROD-501,2026-01-25,650.0,Tarjeta de Débito
TRX-98783,SOC-2977,PROD-512,2025-06-02,35.0,Transferencia SPEI
TRX-98784,SOC-2415,PROD-507,2025-05-30,689.42,Transferencia SPEI
TRX-98785,SOC-2397,PROD-509,2024-02-29,400.0,Tarjeta de Crédito
TRX-98786,SOC-2413,PROD-504,2024-02-14,950.0,Efectivo
TRX-98787,SOC-2192,PROD-510,2026-03-27,75.0,Tarjeta de Crédito
TRX-98788,SOC-2604,PROD-508,2025-05-26,211.72,Tarjeta de Débito
TRX-98789,SOC-2204,PROD-509,2025-12-10,400.0,Tarjeta de Crédito
TRX-98790,SOC-2214,PROD-501,2025-07-30,650.0,Transferencia SPEI
TRX-98791,SOC-3720,PROD-504,2025-02-17,950.0,Tarjeta de Crédito
TRX-98792,SOC-3036,PROD-511,2025-10-27,44.32,Transferencia SPEI
TRX-98793,SOC-2024,PROD-501,2025-01-22,650.0,Transferencia SPEI
TRX-98794,SOC-3749,PROD-509,2025-11-28,400.0,Efectivo
TRX-98795,SOC-3793,PROD-503,2025-05-13,6999.0,Tarjeta de Débito
TRX-98796,SOC-3489,PROD-503,2025-01-13,6999.0,Tarjeta de Débito
TRX-98797,SOC-2773,PROD-506,2025-05-30,550.0,Transferencia SPEI
TRX-98798,SOC-3119,PROD-502,2025-11-24,1300.0,Tarjeta de Crédito
TRX-98799,SOC-2322,PROD-511,2024-10-19,42.92,Transferencia SPEI
TRX-98800,SOC-3239,PROD-508,2024-01-09,250.0,Efectivo
TRX-98801,SOC-3142,PROD-501,2025-06-27,650.0,Efectivo
TRX-98802,SOC-3266,PROD-509,2024-12-20,400.0,Tarjeta de Débito
TRX-98803,SOC-2528,PROD-509,2025-04-11,400.0,Efectivo
TRX-98804,SOC-3680,PROD-505,2025-06-30,480.0,Tarjeta de Débito
TRX-98805,SOC-2853,PROD-506,2025-07-06,550.0,Transferencia SPEI
TRX-98806,SOC-3508,PROD-511,2024-05-18,50.0,Tarjeta de Crédito
TRX-98807,SOC-2205,PROD-504,2024-03-12,950.0,Efectivo
TRX-98808,SOC-2865,PROD-512,2025-03-08,35.0,Transferencia SPEI
TRX-98809,SOC-2610,PROD-501,2024-11-23,650.0,Transferencia SPEI
TRX-98810,SOC-3302,PROD-511,2024-11-06,50.0,Efectivo
TRX-98811,SOC-3088,PROD-508,2026-01-12,250.0,Tarjeta de Crédito
TRX-98812,SOC-2912,PROD-509,2024-06-26,400.0,Tarjeta de Débito
TRX-98813,SOC-3446,PROD-504,2025-03-25,842.9,Transferencia SPEI
TRX-98814,SOC-2048,PROD-505,2024-03-23,480.0,Tarjeta de Débito
TRX-98815,SOC-2997,PROD-509,2025-10-13,342.1,Transferencia SPEI
TRX-98816,SOC-2411,PROD-512,2024-03-20,35.0,Tarjeta de Crédito
TRX-98817,SOC-2245,PROD-508,2025-11-15,250.0,Tarjeta de Crédito
TRX-98818,SOC-2554,PROD-508,2025-08-31,250.0,Tarjeta de Débito
TRX-98819,SOC-2505,PROD-504,2024-04-23,950.0,Tarjeta de Crédito
TRX-98820,SOC-2921,PROD-504,2026-01-09,950.0,Tarjeta de Débito
TRX-98821,SOC-3330,PROD-510,2025-05-04,75.0,Tarjeta de Crédito
TRX-98822,SOC-2066,PROD-509,2024-11-12,400.0,Transferencia SPEI
TRX-98823,SOC-3067,PROD-505,2026-01-02,480.0,Tarjeta de Débito
TRX-98824,SOC-2028,PROD-502,2024-12-06,1300.0,Tarjeta de Débito
TRX-98825,SOC-2833,PROD-507,2024-05-22,643.37,Transferencia SPEI
TRX-98826,SOC-3047,PROD-511,2024-11-20,50.0,Tarjeta de Débito
TRX-98827,SOC-3293,PROD-503,2024-11-19,6999.0,Tarjeta de Débito
TRX-98828,SOC-2307,PROD-505,2024-12-08,480.0,Transferencia SPEI
TRX-98829,SOC-2824,PROD-508,2024-06-27,250.0,Efectivo
TRX-98830,SOC-2949,PROD-503,2024-05-18,6999.0,Transferencia SPEI
TRX-98831,SOC-2968,PROD-510,2024-10-04,63.76,Efectivo
TRX-98832,SOC-2644,PROD-505,2024-04-16,480.0,Tarjeta de Crédito
TRX-98833,SOC-2898,PROD-512,2024-08-26,35.0,Tarjeta de Crédito
TRX-98834,SOC-2485,PROD-510,2024-05-18,75.0,Transferencia SPEI
TRX-98835,SOC-2283,PROD-503,2025-01-01,6999.0,Tarjeta de Débito
TRX-98836,SOC-2867,PROD-511,2025-05-28,50.0,Tarjeta de Crédito
TRX-98837,SOC-3154,PROD-507,2025-03-17,750.0,Efectivo
TRX-98838,SOC-2465,PROD-506,2025-02-15,550.0,Tarjeta de Débito
TRX-98839,SOC-3314,PROD-509,2024-02-23,400.0,Tarjeta de Débito
TRX-98840,SOC-2412,PROD-508,2025-10-29,250.0,Tarjeta de Débito
TRX-98841,SOC-3705,PROD-510,2024-06-13,75.0,Transferencia SPEI
TRX-98842,SOC-2475,PROD-511,2025-01-09,44.51,Efectivo
TRX-98843,SOC-3495,PROD-502,2024-06-01,1300.0,Transferencia SPEI
TRX-98844,SOC-3765,PROD-505,2025-02-03,480.0,Efectivo
TRX-98845,SOC-3200,PROD-507,2024-03-18,750.0,Efectivo
TRX-98846,SOC-3161,PROD-502,2024-01-07,1214.26,Transferencia SPEI
TRX-98847,SOC-2729,PROD-511,2025-08-30,50.0,Tarjeta de Débito
TRX-98848,SOC-2696,PROD-505,2026-01-07,480.0,Efectivo
TRX-98849,SOC-2197,PROD-508,2025-06-15,250.0,Transferencia SPEI
TRX-98850,SOC-2267,PROD-511,2026-01-22,50.0,Tarjeta de Débito
TRX-98851,SOC-3766,PROD-511,2025-12-08,50.0,Efectivo
TRX-98852,SOC-3325,PROD-506,2024-07-04,550.0,Tarjeta de Crédito
TRX-98853,SOC-2697,PROD-511,2025-11-21,50.0,Transferencia SPEI
TRX-98854,SOC-3406,PROD-504,2024-02-27,950.0,Tarjeta de Crédito
TRX-98855,SOC-2324,PROD-502,2025-02-25,1300.0,Tarjeta de Débito
TRX-98856,SOC-3682,PROD-507,2025-08-06,750.0,Efectivo
TRX-98857,SOC-3535,PROD-508,2024-03-01,250.0,Transferencia SPEI
TRX-98858,SOC-3539,PROD-502,2024-04-30,1300.0,Efectivo
TRX-98859,SOC-2438,PROD-511,2024-09-15,46.4,Efectivo
TRX-98860,SOC-2046,PROD-507,2024-10-03,750.0,Transferencia SPEI
TRX-98861,SOC-2862,PROD-505,2024-09-08,480.0,Tarjeta de Débito
TRX-98862,SOC-3563,PROD-511,2025-02-27,50.0,Transferencia SPEI
TRX-98863,SOC-3380,PROD-511,2024-12-30,45.1,Tarjeta de Crédito
TRX-98864,SOC-2583,PROD-508,2025-05-17,250.0,Tarjeta de Débito
TRX-98865,SOC-2163,PROD-502,2025-02-25,1135.87,Tarjeta de Débito
TRX-98866,SOC-2394,PROD-512,2025-07-16,35.0,Transferencia SPEI
TRX-98867,SOC-2704,PROD-506,2025-09-05,550.0,Transferencia SPEI
TRX-98868,SOC-2649,PROD-510,2026-01-26,75.0,Tarjeta de Débito
TRX-98869,SOC-3483,PROD-502,2025-11-20,1300.0,Tarjeta de Débito
TRX-98870,SOC-2336,PROD-509,2026-01-25,400.0,Tarjeta de Crédito
TRX-98871,SOC-3563,PROD-504,2024-02-20,950.0,Efectivo
TRX-98872,SOC-2818,PROD-505,2026-01-16,480.0,Tarjeta de Crédito
TRX-98873,SOC-3285,PROD-503,2025-09-09,6999.0,Transferencia SPEI
TRX-98874,SOC-3444,PROD-505,2024-10-28,480.0,Tarjeta de Débito
TRX-98875,SOC-2466,PROD-504,2026-03-05,950.0,Tarjeta de Crédito
TRX-98876,SOC-3215,PROD-512,2024-11-12,35.0,Transferencia SPEI
TRX-98877,SOC-3076,PROD-507,2025-05-25,750.0,Tarjeta de Débito
TRX-98878,SOC-3799,PROD-512,2024-02-25,35.0,Transferencia SPEI
TRX-98879,SOC-2931,PROD-503,2024-09-25,6999.0,Transferencia SPEI
TRX-98880,SOC-3474,PROD-505,2025-09-27,480.0,Tarjeta de Crédito
TRX-98881,SOC-3355,PROD-505,2024-04-15,480.0,Efectivo
TRX-98882,SOC-2840,PROD-508,2025-10-04,250.0,Efectivo
TRX-98883,SOC-2045,PROD-501,2025-09-02,650.0,Tarjeta de Débito
TRX-98884,SOC-2598,PROD-503,2025-09-20,6999.0,Tarjeta de Crédito
TRX-98885,SOC-2136,PROD-507,2025-10-13,750.0,Efectivo
TRX-98886,SOC-2264,PROD-509,2024-05-09,400.0,Tarjeta de Débito
TRX-98887,SOC-3238,PROD-508,2026-03-04,203.01,Tarjeta de Crédito
TRX-98888,SOC-2583,PROD-509,2025-08-29,359.46,Tarjeta de Débito
TRX-98889,SOC-2962,PROD-510,2025-08-09,75.0,Tarjeta de Débito
TRX-98890,SOC-3571,PROD-509,2026-01-31,400.0,Tarjeta de Débito
TRX-98891,SOC-3390,PROD-506,2025-01-22,550.0,Efectivo
TRX-98892,SOC-3333,PROD-503,2026-02-28,6999.0,Tarjeta de Crédito
TRX-98893,SOC-2544,PROD-505,2024-02-27,480.0,Transferencia SPEI
TRX-98894,SOC-3417,PROD-501,2025-06-10,650.0,Transferencia SPEI
TRX-98895,SOC-3748,PROD-511,2024-08-09,42.0,Tarjeta de Débito
TRX-98896,SOC-3250,PROD-511,2024-10-26,50.0,Transferencia SPEI
TRX-98897,SOC-3106,PROD-512,2026-03-13,35.0,Tarjeta de Débito
TRX-98898,SOC-3755,PROD-506,2025-09-26,483.51,Efectivo
TRX-98899,SOC-2320,PROD-509,2024-06-16,373.95,Efectivo
TRX-98900,SOC-2374,PROD-507,2024-11-11,750.0,Efectivo
TRX-98901,SOC-3352,PROD-509,2024-03-21,400.0,Tarjeta de Débito
TRX-98902,SOC-3574,PROD-508,2025-07-20,250.0,Tarjeta de Crédito
TRX-98903,SOC-3572,PROD-508,2025-10-12,250.0,Efectivo
TRX-98904,SOC-2999,PROD-501,2025-01-13,650.0,Transferencia SPEI
TRX-98905,SOC-2052,PROD-510,2025-01-14,75.0,Efectivo
TRX-98906,SOC-3308,PROD-507,2024-05-13,750.0,Tarjeta de Crédito
TRX-98907,SOC-2380,PROD-508,2025-02-18,250.0,Tarjeta de Débito
TRX-98908,SOC-3462,PROD-511,2026-02-20,50.0,Tarjeta de Crédito
TRX-98909,SOC-2267,PROD-507,2024-12-08,750.0,Efectivo
TRX-98910,SOC-3575,PROD-508,2025-09-12,250.0,Tarjeta de Débito
TRX-98911,SOC-3513,PROD-508,2024-02-11,250.0,Tarjeta de Crédito
TRX-98912,SOC-2904,PROD-510,2025-06-13,75.0,Tarjeta de Débito
TRX-98913,SOC-2334,PROD-512,2025-10-29,35.0,Transferencia SPEI
TRX-98914,SOC-3712,PROD-504,2025-02-02,950.0,Efectivo
TRX-98915,SOC-3661,PROD-509,2024-11-03,400.0,Tarjeta de Débito
TRX-98916,SOC-2221,PROD-511,2026-04-05,50.0,Tarjeta de Crédito
TRX-98917,SOC-3039,PROD-506,2025-04-08,550.0,Tarjeta de Crédito
TRX-98918,SOC-3080,PROD-503,2025-02-13,6999.0,Efectivo
TRX-98919,SOC-2207,PROD-507,2026-04-02,750.0,Efectivo
TRX-98920,SOC-2647,PROD-510,2026-01-10,75.0,Tarjeta de Crédito
TRX-98921,SOC-2987,PROD-505,2025-04-02,480.0,Transferencia SPEI
TRX-98922,SOC-2203,PROD-506,2025-10-20,550.0,Tarjeta de Crédito
TRX-98923,SOC-2396,PROD-504,2024-03-13,950.0,Transferencia SPEI
TRX-98924,SOC-3176,PROD-504,2024-03-13,950.0,Tarjeta de Crédito
TRX-98925,SOC-3314,PROD-505,2026-04-16,480.0,Transferencia SPEI
TRX-98926,SOC-2131,PROD-510,2025-03-09,75.0,Transferencia SPEI
TRX-98927,SOC-2778,PROD-506,2025-10-07,513.21,Efectivo
TRX-98928,SOC-3643,PROD-501,2026-03-15,568.88,Transferencia SPEI
TRX-98929,SOC-2631,PROD-511,2025-09-17,50.0,Tarjeta de Débito
TRX-98930,SOC-3673,PROD-509,2025-11-17,400.0,Transferencia SPEI
TRX-98931,SOC-2116,PROD-501,2024-12-25,605.29,Tarjeta de Débito
TRX-98932,SOC-2466,PROD-509,2025-10-29,341.02,Transferencia SPEI
TRX-98933,SOC-2396,PROD-502,2025-09-20,1300.0,Tarjeta de Débito
TRX-98934,SOC-2442,PROD-508,2025-01-27,250.0,Tarjeta de Crédito
TRX-98935,SOC-2350,PROD-512,2025-07-23,35.0,Tarjeta de Crédito
TRX-98936,SOC-3452,PROD-508,2024-10-20,250.0,Transferencia SPEI
TRX-98937,SOC-3587,PROD-503,2024-07-02,6999.0,Transferencia SPEI
TRX-98938,SOC-2650,PROD-504,2024-03-31,776.85,Tarjeta de Crédito
TRX-98939,SOC-3369,PROD-505,2026-02-16,480.0,Transferencia SPEI
TRX-98940,SOC-2275,PROD-511,2024-01-27,50.0,Transferencia SPEI
TRX-98941,SOC-3235,PROD-504,2026-01-20,779.79,Tarjeta de Débito
TRX-98942,SOC-2515,PROD-511,2025-09-15,50.0,Efectivo
TRX-98943,SOC-3216,PROD-512,2025-08-01,35.0,Tarjeta de Débito
TRX-98944,SOC-2647,PROD-511,2025-08-11,50.0,Transferencia SPEI
TRX-98945,SOC-2361,PROD-511,2024-09-26,50.0,Tarjeta de Débito
TRX-98946,SOC-2013,PROD-510,2026-01-03,75.0,Transferencia SPEI
TRX-98947,SOC-2915,PROD-511,2024-03-17,50.0,Transferencia SPEI
TRX-98948,SOC-3749,PROD-504,2025-11-12,950.0,Tarjeta de Débito
TRX-98949,SOC-2012,PROD-511,2025-03-31,42.45,Tarjeta de Crédito
TRX-98950,SOC-2716,PROD-502,2025-10-23,1300.0,Efectivo
TRX-98951,SOC-2393,PROD-502,2025-10-30,1300.0,Transferencia SPEI
TRX-98952,SOC-2268,PROD-501,2025-05-03,650.0,Efectivo
TRX-98953,SOC-2561,PROD-505,2026-04-28,480.0,Transferencia SPEI
TRX-98954,SOC-2880,PROD-502,2025-09-26,1300.0,Transferencia SPEI
TRX-98955,SOC-3492,PROD-508,2025-12-03,250.0,Efectivo
TRX-98956,SOC-2189,PROD-512,2024-12-06,31.83,Tarjeta de Débito
TRX-98957,SOC-2004,PROD-502,2024-01-02,1300.0,Transferencia SPEI
TRX-98958,SOC-3340,PROD-506,2024-12-16,550.0,Tarjeta de Débito
TRX-98959,SOC-2946,PROD-506,2025-03-05,550.0,Transferencia SPEI
TRX-98960,SOC-2743,PROD-512,2025-04-13,35.0,Tarjeta de Crédito
TRX-98961,SOC-3205,PROD-511,2025-05-03,50.0,Tarjeta de Débito
TRX-98962,SOC-2172,PROD-501,2024-12-11,566.83,Efectivo
TRX-98963,SOC-3623,PROD-512,2024-06-04,35.0,Efectivo
TRX-98964,SOC-3254,PROD-505,2025-03-12,480.0,Tarjeta de Crédito
TRX-98965,SOC-2241,PROD-505,2025-12-20,480.0,Efectivo
TRX-98966,SOC-3770,PROD-507,2024-04-10,750.0,Tarjeta de Débito
TRX-98967,SOC-2452,PROD-508,2024-08-13,250.0,Efectivo
TRX-98968,SOC-2660,PROD-504,2026-03-05,950.0,Tarjeta de Débito
TRX-98969,SOC-2338,PROD-509,2025-09-02,350.56,Efectivo
TRX-98970,SOC-3301,PROD-507,2024-06-01,750.0,Efectivo
TRX-98971,SOC-3179,PROD-511,2025-01-21,40.99,Transferencia SPEI
TRX-98972,SOC-2229,PROD-501,2025-03-18,650.0,Transferencia SPEI
TRX-98973,SOC-3237,PROD-501,2024-08-13,650.0,Transferencia SPEI
TRX-98974,SOC-2119,PROD-506,2025-08-13,512.73,Transferencia SPEI
TRX-98975,SOC-3346,PROD-510,2025-10-17,75.0,Transferencia SPEI
TRX-98976,SOC-2908,PROD-510,2025-03-17,75.0,Efectivo
TRX-98977,SOC-3218,PROD-510,2024-10-18,75.0,Efectivo
TRX-98978,SOC-3163,PROD-510,2025-01-31,75.0,Transferencia SPEI
TRX-98979,SOC-2556,PROD-510,2025-03-06,75.0,Tarjeta de Crédito
TRX-98980,SOC-2307,PROD-510,2025-06-07,75.0,Transferencia SPEI
TRX-98981,SOC-3109,PROD-509,2024-11-14,400.0,Transferencia SPEI
TRX-98982,SOC-3740,PROD-510,2025-07-06,75.0,Tarjeta de Crédito
TRX-98983,SOC-2525,PROD-504,2025-04-11,950.0,Transferencia SPEI
TRX-98984,SOC-3088,PROD-512,2025-02-05,35.0,Transferencia SPEI
TRX-98985,SOC-2363,PROD-508,2024-09-16,250.0,Tarjeta de Crédito
TRX-98986,SOC-3426,PROD-504,2024-01-13,950.0,Efectivo
TRX-98987,SOC-3168,PROD-512,2025-03-26,31.55,Transferencia SPEI
TRX-98988,SOC-3668,PROD-506,2025-08-27,550.0,Efectivo
TRX-98989,SOC-2237,PROD-504,2026-02-18,950.0,Tarjeta de Crédito
TRX-98990,SOC-2788,PROD-508,2024-06-04,250.0,Efectivo
TRX-98991,SOC-2135,PROD-506,2025-01-26,550.0,Efectivo
TRX-98992,SOC-2568,PROD-501,2025-07-02,650.0,Tarjeta de Crédito
TRX-98993,SOC-2602,PROD-507,2024-11-11,750.0,Efectivo
TRX-98994,SOC-3313,PROD-504,2025-04-05,789.62,Efectivo
TRX-98995,SOC-3164,PROD-505,2025-11-17,480.0,Tarjeta de Crédito
TRX-98996,SOC-3354,PROD-502,2025-01-17,1300.0,Transferencia SPEI
TRX-98997,SOC-3309,PROD-504,2025-04-25,950.0,Efectivo
TRX-98998,SOC-3631,PROD-504,2024-04-30,950.0,Efectivo
TRX-98999,SOC-2747,PROD-502,2025-06-08,1300.0,Tarjeta de Crédito
TRX-99000,SOC-2781,PROD-510,2026-04-02,68.15,Transferencia SPEI
TRX-99001,SOC-3217,PROD-501,2024-11-07,650.0,Tarjeta de Débito
TRX-99002,SOC-2577,PROD-510,2024-09-25,67.34,Efectivo
TRX-99003,SOC-2673,PROD-502,2025-09-11,1300.0,Tarjeta de Débito
TRX-99004,SOC-2319,PROD-508,2025-07-27,250.0,Efectivo
TRX-99005,SOC-3773,PROD-512,2025-10-02,35.0,Tarjeta de Crédito
TRX-99006,SOC-2889,PROD-509,2025-09-02,342.58,Transferencia SPEI
TRX-99007,SOC-3389,PROD-501,2025-10-17,650.0,Efectivo
TRX-99008,SOC-3706,PROD-505,2024-11-11,480.0,Transferencia SPEI
TRX-99009,SOC-3309,PROD-507,2026-01-09,750.0,Efectivo
TRX-99010,SOC-2977,PROD-508,2025-12-02,250.0,Tarjeta de Débito
TRX-99011,SOC-2335,PROD-501,2025-02-23,650.0,Transferencia SPEI
TRX-99012,SOC-2103,PROD-509,2024-01-31,400.0,Tarjeta de Débito
TRX-99013,SOC-3136,PROD-503,2024-10-13,6999.0,Efectivo
TRX-99014,SOC-2523,PROD-510,2025-10-25,75.0,Tarjeta de Débito
TRX-99015,SOC-3438,PROD-508,2024-06-29,250.0,Efectivo
TRX-99016,SOC-2069,PROD-504,2024-03-01,950.0,Tarjeta de Débito
TRX-99017,SOC-2133,PROD-512,2026-03-16,35.0,Transferencia SPEI
TRX-99018,SOC-2190,PROD-508,2024-12-21,250.0,Transferencia SPEI
TRX-99019,SOC-2365,PROD-503,2025-12-03,6999.0,Tarjeta de Débito
TRX-99020,SOC-3298,PROD-508,2025-03-05,250.0,Efectivo
TRX-99021,SOC-3250,PROD-505,2025-08-26,480.0,Tarjeta de Débito
TRX-99022,SOC-3770,PROD-509,2024-08-04,400.0,Tarjeta de Débito
TRX-99023,SOC-2155,PROD-510,2025-08-09,71.14,Transferencia SPEI
TRX-99024,SOC-2476,PROD-504,2024-09-25,950.0,Tarjeta de Crédito
TRX-99025,SOC-2297,PROD-508,2026-02-08,250.0,Transferencia SPEI
TRX-99026,SOC-2113,PROD-509,2024-12-01,400.0,Tarjeta de Crédito
TRX-99027,SOC-2866,PROD-509,2024-06-25,400.0,Tarjeta de Débito
TRX-99028,SOC-3519,PROD-506,2024-09-27,550.0,Tarjeta de Débito
TRX-99029,SOC-2525,PROD-509,2026-03-17,400.0,Tarjeta de Crédito
TRX-99030,SOC-3071,PROD-511,2024-01-05,45.15,Tarjeta de Débito
TRX-99031,SOC-2978,PROD-507,2025-09-08,750.0,Efectivo
TRX-99032,SOC-3377,PROD-506,2024-04-15,550.0,Tarjeta de Débito
TRX-99033,SOC-2755,PROD-504,2024-06-09,950.0,Tarjeta de Crédito
TRX-99034,SOC-2964,PROD-506,2024-01-15,550.0,Tarjeta de Crédito
TRX-99035,SOC-3249,PROD-508,2024-09-05,225.51,Tarjeta de Crédito
TRX-99036,SOC-3671,PROD-506,2024-06-02,550.0,Tarjeta de Crédito
TRX-99037,SOC-2302,PROD-505,2024-08-28,480.0,Tarjeta de Crédito
TRX-99038,SOC-2197,PROD-512,2024-07-28,35.0,Transferencia SPEI
TRX-99039,SOC-3622,PROD-510,2025-03-18,75.0,Transferencia SPEI
TRX-99040,SOC-2340,PROD-509,2024-01-07,400.0,Tarjeta de Crédito
TRX-99041,SOC-2766,PROD-501,2024-01-13,650.0,Tarjeta de Débito
TRX-99042,SOC-3755,PROD-512,2024-11-29,35.0,Efectivo
TRX-99043,SOC-2625,PROD-509,2024-06-23,400.0,Tarjeta de Débito
TRX-99044,SOC-2086,PROD-508,2025-11-26,250.0,Transferencia SPEI
TRX-99045,SOC-2384,PROD-506,2026-01-22,550.0,Transferencia SPEI
TRX-99046,SOC-3533,PROD-503,2025-08-13,6999.0,Transferencia SPEI
TRX-99047,SOC-2048,PROD-507,2026-02-09,750.0,Tarjeta de Débito
TRX-99048,SOC-3780,PROD-509,2025-04-19,400.0,Transferencia SPEI
TRX-99049,SOC-2040,PROD-509,2024-03-02,400.0,Tarjeta de Crédito
TRX-99050,SOC-3693,PROD-511,2024-05-19,50.0,Tarjeta de Crédito
TRX-99051,SOC-3448,PROD-511,2024-03-25,50.0,Transferencia SPEI
TRX-99052,SOC-2765,PROD-501,2024-03-06,598.2,Tarjeta de Crédito
TRX-99053,SOC-3303,PROD-508,2026-02-04,208.42000000000002,Tarjeta de Débito
TRX-99054,SOC-3571,PROD-502,2026-04-29,1300.0,Tarjeta de Débito
TRX-99055,SOC-2909,PROD-508,2024-12-11,250.0,Transferencia SPEI
TRX-99056,SOC-2434,PROD-512,2025-05-14,28.07,Transferencia SPEI
TRX-99057,SOC-2017,PROD-509,2024-02-01,400.0,Tarjeta de Débito
TRX-99058,SOC-2509,PROD-509,2024-07-07,400.0,Efectivo
TRX-99059,SOC-3635,PROD-503,2025-12-22,6999.0,Tarjeta de Crédito
TRX-99060,SOC-3350,PROD-510,2025-02-03,75.0,Tarjeta de Débito
TRX-99061,SOC-2928,PROD-512,2026-02-04,35.0,Tarjeta de Crédito
TRX-99062,SOC-3556,PROD-511,2025-05-13,50.0,Transferencia SPEI
TRX-99063,SOC-2553,PROD-505,2024-12-06,410.90999999999997,Transferencia SPEI
TRX-99064,SOC-2317,PROD-503,2024-06-05,5636.26,Tarjeta de Crédito
TRX-99065,SOC-3608,PROD-505,2026-03-01,480.0,Tarjeta de Débito
TRX-99066,SOC-3386,PROD-505,2026-03-30,480.0,Transferencia SPEI
TRX-99067,SOC-2250,PROD-504,2025-06-14,891.79,Transferencia SPEI
TRX-99068,SOC-2091,PROD-512,2025-03-18,35.0,Tarjeta de Crédito
TRX-99069,SOC-3240,PROD-510,2024-09-26,75.0,Efectivo
TRX-99070,SOC-2788,PROD-511,2025-06-25,50.0,Tarjeta de Crédito
TRX-99071,SOC-3263,PROD-503,2024-03-13,6999.0,Transferencia SPEI
TRX-99072,SOC-2031,PROD-505,2025-12-11,480.0,Tarjeta de Débito
TRX-99073,SOC-3436,PROD-508,2026-03-25,250.0,Efectivo
TRX-99074,SOC-2503,PROD-507,2025-10-28,750.0,Efectivo
TRX-99075,SOC-2738,PROD-507,2025-09-04,750.0,Transferencia SPEI
TRX-99076,SOC-2361,PROD-506,2025-10-03,474.55,Tarjeta de Débito
TRX-99077,SOC-2151,PROD-503,2024-08-07,6999.0,Efectivo
TRX-99078,SOC-3388,PROD-509,2025-06-10,400.0,Transferencia SPEI
TRX-99079,SOC-3562,PROD-501,2025-06-21,531.27,Efectivo
TRX-99080,SOC-2943,PROD-502,2024-10-16,1300.0,Tarjeta de Crédito
TRX-99081,SOC-2419,PROD-512,2025-02-13,29.16,Transferencia SPEI
TRX-99082,SOC-3048,PROD-501,2025-06-03,650.0,Tarjeta de Débito
TRX-99083,SOC-2535,PROD-505,2024-08-02,480.0,Transferencia SPEI
TRX-99084,SOC-2276,PROD-502,2024-07-22,1300.0,Transferencia SPEI
TRX-99085,SOC-3016,PROD-507,2024-08-05,750.0,Tarjeta de Crédito
TRX-99086,SOC-3589,PROD-502,2026-01-02,1300.0,Efectivo
TRX-99087,SOC-3641,PROD-505,2024-08-26,480.0,Tarjeta de Débito
TRX-99088,SOC-3431,PROD-504,2024-02-17,950.0,Transferencia SPEI
TRX-99089,SOC-3168,PROD-508,2024-12-03,250.0,Transferencia SPEI
TRX-99090,SOC-3050,PROD-512,2026-03-16,35.0,Efectivo
TRX-99091,SOC-3138,PROD-502,2025-07-23,1300.0,Efectivo
TRX-99092,SOC-2135,PROD-509,2026-02-03,400.0,Transferencia SPEI
TRX-99093,SOC-2341,PROD-510,2024-04-03,75.0,Tarjeta de Crédito
TRX-99094,SOC-2215,PROD-502,2024-06-12,1300.0,Tarjeta de Débito
TRX-99095,SOC-3268,PROD-512,2025-03-27,35.0,Efectivo
TRX-99096,SOC-2445,PROD-501,2024-05-14,650.0,Efectivo
TRX-99097,SOC-2273,PROD-502,2025-05-16,1300.0,Transferencia SPEI
TRX-99098,SOC-3611,PROD-501,2024-11-11,650.0,Tarjeta de Crédito
TRX-99099,SOC-3780,PROD-503,2025-05-20,6999.0,Efectivo
TRX-99100,SOC-3788,PROD-502,2025-06-29,1300.0,Tarjeta de Crédito
TRX-99101,SOC-2050,PROD-507,2024-08-11,683.06,Transferencia SPEI
TRX-99102,SOC-2705,PROD-503,2025-04-09,6999.0,Transferencia SPEI
TRX-99103,SOC-2184,PROD-509,2025-08-03,345.51,Tarjeta de Crédito
TRX-99104,SOC-2199,PROD-501,2024-01-20,650.0,Efectivo
TRX-99105,SOC-2942,PROD-510,2025-11-05,75.0,Tarjeta de Débito
TRX-99106,SOC-2132,PROD-504,2025-02-10,950.0,Tarjeta de Crédito
TRX-99107,SOC-2320,PROD-504,2025-07-10,950.0,Efectivo
TRX-99108,SOC-2441,PROD-511,2025-04-04,50.0,Tarjeta de Crédito
TRX-99109,SOC-2062,PROD-510,2025-10-30,75.0,Efectivo
TRX-99110,SOC-3706,PROD-510,2024-11-15,61.51,Tarjeta de Débito
TRX-99111,SOC-2795,PROD-510,2025-01-31,63.32,Transferencia SPEI
TRX-99112,SOC-2074,PROD-508,2025-05-22,219.09,Efectivo
TRX-99113,SOC-3296,PROD-512,2024-10-16,35.0,Efectivo
TRX-99114,SOC-2889,PROD-512,2024-07-28,35.0,Tarjeta de Débito
TRX-99115,SOC-2469,PROD-504,2024-07-30,950.0,Efectivo
TRX-99116,SOC-2824,PROD-512,2024-07-10,35.0,Tarjeta de Débito
TRX-99117,SOC-2140,PROD-501,2024-11-15,650.0,Tarjeta de Débito
TRX-99118,SOC-2774,PROD-502,2025-05-11,1300.0,Tarjeta de Débito
TRX-99119,SOC-3364,PROD-502,2026-04-09,1300.0,Tarjeta de Débito
TRX-99120,SOC-2206,PROD-504,2024-08-14,950.0,Efectivo
TRX-99121,SOC-3212,PROD-507,2025-03-29,750.0,Tarjeta de Crédito
TRX-99122,SOC-2601,PROD-501,2025-05-04,650.0,Tarjeta de Crédito
TRX-99123,SOC-2693,PROD-510,2025-10-08,75.0,Transferencia SPEI
TRX-99124,SOC-2692,PROD-504,2024-08-30,950.0,Tarjeta de Crédito
TRX-99125,SOC-3629,PROD-507,2024-08-18,750.0,Tarjeta de Débito
TRX-99126,SOC-2985,PROD-505,2024-07-24,480.0,Efectivo
TRX-99127,SOC-3205,PROD-506,2025-05-31,521.54,Tarjeta de Débito
TRX-99128,SOC-2209,PROD-507,2024-05-25,750.0,Transferencia SPEI
TRX-99129,SOC-2739,PROD-501,2024-04-04,650.0,Transferencia SPEI
TRX-99130,SOC-3064,PROD-504,2025-10-25,846.74,Efectivo
TRX-99131,SOC-3701,PROD-501,2024-08-18,650.0,Tarjeta de Débito
TRX-99132,SOC-3777,PROD-506,2025-06-07,550.0,Tarjeta de Débito
TRX-99133,SOC-2796,PROD-512,2024-10-21,35.0,Efectivo
TRX-99134,SOC-2201,PROD-509,2024-04-18,400.0,Efectivo
TRX-99135,SOC-2288,PROD-504,2024-06-22,849.02,Tarjeta de Débito
TRX-99136,SOC-2216,PROD-510,2025-06-18,75.0,Efectivo
TRX-99137,SOC-2832,PROD-512,2024-01-17,35.0,Efectivo
TRX-99138,SOC-3745,PROD-508,2026-02-23,250.0,Transferencia SPEI
TRX-99139,SOC-2704,PROD-502,2026-01-30,1300.0,Tarjeta de Crédito
TRX-99140,SOC-2799,PROD-508,2025-04-29,250.0,Efectivo
TRX-99141,SOC-2575,PROD-507,2024-04-06,750.0,Tarjeta de Crédito
TRX-99142,SOC-3356,PROD-503,2025-11-20,6999.0,Tarjeta de Débito
TRX-99143,SOC-2402,PROD-512,2025-09-10,35.0,Tarjeta de Débito
TRX-99144,SOC-2871,PROD-509,2026-01-31,400.0,Transferencia SPEI
TRX-99145,SOC-3607,PROD-503,2024-01-11,6645.38,Transferencia SPEI
TRX-99146,SOC-2165,PROD-501,2026-04-28,650.0,Tarjeta de Débito
TRX-99147,SOC-2466,PROD-505,2025-05-14,480.0,Tarjeta de Débito
TRX-99148,SOC-2182,PROD-505,2024-10-25,480.0,Transferencia SPEI
TRX-99149,SOC-2236,PROD-511,2025-08-19,50.0,Tarjeta de Débito
TRX-99150,SOC-2691,PROD-504,2024-03-06,950.0,Tarjeta de Débito
TRX-99151,SOC-3189,PROD-506,2024-12-29,476.31,Efectivo
TRX-99152,SOC-2102,PROD-503,2025-10-05,6999.0,Efectivo
TRX-99153,SOC-2874,PROD-512,2025-08-19,35.0,Transferencia SPEI
TRX-99154,SOC-2401,PROD-506,2025-03-10,550.0,Tarjeta de Débito
TRX-99155,SOC-2277,PROD-508,2025-12-05,227.97,Transferencia SPEI
TRX-99156,SOC-3289,PROD-502,2024-02-08,1300.0,Efectivo
TRX-99157,SOC-3159,PROD-509,2024-06-12,400.0,Efectivo
TRX-99158,SOC-3321,PROD-509,2024-04-29,400.0,Transferencia SPEI
TRX-99159,SOC-3362,PROD-505,2025-03-28,395.81,Transferencia SPEI
TRX-99160,SOC-2013,PROD-508,2024-10-29,235.28,Transferencia SPEI
TRX-99161,SOC-2027,PROD-503,2024-06-26,6999.0,Tarjeta de Débito
TRX-99162,SOC-2662,PROD-504,2025-11-07,950.0,Tarjeta de Crédito
TRX-99163,SOC-2522,PROD-512,2024-04-05,35.0,Tarjeta de Crédito
TRX-99164,SOC-2383,PROD-509,2024-01-29,400.0,Tarjeta de Débito
TRX-99165,SOC-2613,PROD-502,2025-05-18,1300.0,Efectivo
TRX-99166,SOC-2198,PROD-507,2024-09-10,750.0,Transferencia SPEI
TRX-99167,SOC-3258,PROD-501,2024-12-25,650.0,Tarjeta de Débito
TRX-99168,SOC-3136,PROD-503,2025-07-20,6451.75,Tarjeta de Crédito
TRX-99169,SOC-2433,PROD-510,2026-01-30,75.0,Efectivo
TRX-99170,SOC-2054,PROD-509,2024-06-16,400.0,Transferencia SPEI
TRX-99171,SOC-3335,PROD-511,2024-12-28,50.0,Efectivo
TRX-99172,SOC-2280,PROD-501,2026-03-11,650.0,Transferencia SPEI
TRX-99173,SOC-2584,PROD-507,2024-10-11,750.0,Transferencia SPEI
TRX-99174,SOC-2771,PROD-505,2025-04-19,480.0,Tarjeta de Débito
TRX-99175,SOC-2784,PROD-503,2024-12-04,6999.0,Tarjeta de Débito
TRX-99176,SOC-2723,PROD-501,2026-02-01,650.0,Tarjeta de Débito
TRX-99177,SOC-2508,PROD-510,2025-08-17,75.0,Tarjeta de Débito
TRX-99178,SOC-2960,PROD-501,2025-08-17,650.0,Tarjeta de Crédito
TRX-99179,SOC-3054,PROD-507,2024-05-02,653.89,Tarjeta de Débito
TRX-99180,SOC-3567,PROD-502,2024-09-13,1300.0,Tarjeta de Crédito
TRX-99181,SOC-2661,PROD-511,2024-12-07,45.65,Transferencia SPEI
TRX-99182,SOC-2691,PROD-510,2024-04-30,75.0,Efectivo
TRX-99183,SOC-3764,PROD-510,2026-03-21,75.0,Efectivo
TRX-99184,SOC-3596,PROD-506,2024-07-09,550.0,Tarjeta de Crédito
TRX-99185,SOC-3658,PROD-510,2026-02-28,75.0,Efectivo
TRX-99186,SOC-3742,PROD-506,2024-07-18,486.77,Tarjeta de Crédito
TRX-99187,SOC-2031,PROD-512,2025-11-17,35.0,Efectivo
TRX-99188,SOC-2465,PROD-509,2025-06-23,400.0,Efectivo
TRX-99189,SOC-3511,PROD-507,2025-10-14,750.0,Transferencia SPEI
TRX-99190,SOC-3214,PROD-503,2025-12-13,6999.0,Efectivo
TRX-99191,SOC-3192,PROD-511,2024-05-05,50.0,Tarjeta de Débito
TRX-99192,SOC-2027,PROD-508,2024-04-13,250.0,Efectivo
TRX-99193,SOC-3233,PROD-506,2025-05-11,550.0,Tarjeta de Débito
TRX-99194,SOC-2714,PROD-512,2024-10-11,30.96,Efectivo
TRX-99195,SOC-2634,PROD-504,2025-06-06,950.0,Transferencia SPEI
TRX-99196,SOC-2965,PROD-504,2025-07-19,950.0,Tarjeta de Crédito
TRX-99197,SOC-2239,PROD-512,2025-10-10,35.0,Tarjeta de Débito
TRX-99198,SOC-2847,PROD-508,2025-03-10,250.0,Transferencia SPEI
TRX-99199,SOC-3280,PROD-503,2025-07-30,6999.0,Transferencia SPEI
TRX-99200,SOC-2465,PROD-503,2026-01-03,6999.0,Tarjeta de Crédito
TRX-99201,SOC-2542,PROD-504,2025-05-15,950.0,Tarjeta de Crédito
TRX-99202,SOC-3386,PROD-511,2025-09-22,42.5,Efectivo
TRX-99203,SOC-2669,PROD-507,2025-02-19,750.0,Efectivo
TRX-99204,SOC-2544,PROD-502,2025-12-02,1300.0,Tarjeta de Crédito
TRX-99205,SOC-2044,PROD-508,2025-02-10,250.0,Tarjeta de Crédito
TRX-99206,SOC-2308,PROD-510,2026-03-09,75.0,Transferencia SPEI
TRX-99207,SOC-3661,PROD-512,2025-07-14,29.93,Transferencia SPEI
TRX-99208,SOC-2069,PROD-506,2026-04-09,550.0,Efectivo
TRX-99209,SOC-3195,PROD-502,2025-04-27,1300.0,Tarjeta de Crédito
TRX-99210,SOC-3395,PROD-505,2024-07-09,480.0,Transferencia SPEI
TRX-99211,SOC-3535,PROD-504,2025-03-28,950.0,Tarjeta de Crédito
TRX-99212,SOC-2948,PROD-504,2025-06-30,871.46,Efectivo
TRX-99213,SOC-3077,PROD-505,2024-07-16,480.0,Tarjeta de Crédito
TRX-99214,SOC-2706,PROD-511,2025-05-08,50.0,Transferencia SPEI
TRX-99215,SOC-3536,PROD-509,2024-05-26,400.0,Efectivo
TRX-99216,SOC-2223,PROD-512,2024-10-20,35.0,Tarjeta de Crédito
TRX-99217,SOC-2052,PROD-508,2024-07-28,250.0,Transferencia SPEI
TRX-99218,SOC-3621,PROD-504,2026-01-20,950.0,Efectivo
TRX-99219,SOC-2575,PROD-506,2024-12-23,550.0,Transferencia SPEI
TRX-99220,SOC-3784,PROD-505,2025-04-07,480.0,Tarjeta de Crédito
TRX-99221,SOC-2132,PROD-511,2024-04-10,50.0,Tarjeta de Débito
TRX-99222,SOC-3214,PROD-503,2025-02-18,6999.0,Transferencia SPEI
TRX-99223,SOC-3305,PROD-512,2024-01-20,28.69,Tarjeta de Débito
TRX-99224,SOC-2458,PROD-509,2024-07-18,362.11,Tarjeta de Débito
TRX-99225,SOC-2971,PROD-509,2026-01-23,400.0,Efectivo
TRX-99226,SOC-2829,PROD-506,2025-03-19,478.82,Efectivo
TRX-99227,SOC-3389,PROD-505,2024-03-11,480.0,Efectivo
TRX-99228,SOC-3539,PROD-511,2024-05-12,50.0,Transferencia SPEI
TRX-99229,SOC-3652,PROD-512,2024-07-08,35.0,Tarjeta de Crédito
TRX-99230,SOC-2886,PROD-502,2025-04-23,1300.0,Transferencia SPEI
TRX-99231,SOC-2070,PROD-509,2025-04-13,400.0,Transferencia SPEI
TRX-99232,SOC-3710,PROD-504,2024-03-21,950.0,Tarjeta de Crédito
TRX-99233,SOC-3413,PROD-502,2025-06-12,1146.97,Tarjeta de Crédito
TRX-99234,SOC-3563,PROD-503,2025-08-26,6999.0,Efectivo
TRX-99235,SOC-2626,PROD-506,2024-01-07,550.0,Efectivo
TRX-99236,SOC-3590,PROD-511,2025-06-21,50.0,Tarjeta de Crédito
TRX-99237,SOC-2568,PROD-510,2024-04-24,75.0,Transferencia SPEI
TRX-99238,SOC-2587,PROD-508,2025-02-26,250.0,Tarjeta de Crédito
TRX-99239,SOC-3486,PROD-508,2024-07-21,250.0,Transferencia SPEI
TRX-99240,SOC-3137,PROD-502,2024-07-27,1300.0,Transferencia SPEI
TRX-99241,SOC-3330,PROD-503,2025-12-16,6999.0,Transferencia SPEI
TRX-99242,SOC-3659,PROD-512,2026-03-10,35.0,Efectivo
TRX-99243,SOC-2746,PROD-506,2024-07-31,550.0,Tarjeta de Crédito
TRX-99244,SOC-2748,PROD-512,2025-05-30,35.0,Efectivo
TRX-99245,SOC-2359,PROD-502,2024-07-23,1300.0,Efectivo
TRX-99246,SOC-2836,PROD-501,2025-10-29,650.0,Tarjeta de Débito
TRX-99247,SOC-2149,PROD-512,2025-04-29,35.0,Transferencia SPEI
TRX-99248,SOC-2827,PROD-501,2024-06-07,650.0,Tarjeta de Débito
TRX-99249,SOC-3225,PROD-501,2025-04-28,650.0,Tarjeta de Débito
TRX-99250,SOC-3087,PROD-509,2024-03-13,338.31,Tarjeta de Crédito
TRX-99251,SOC-3204,PROD-502,2025-03-03,1300.0,Efectivo
TRX-99252,SOC-2356,PROD-509,2025-06-06,400.0,Transferencia SPEI
TRX-99253,SOC-3249,PROD-511,2024-08-14,50.0,Tarjeta de Débito
TRX-99254,SOC-3299,PROD-510,2024-08-16,75.0,Efectivo
TRX-99255,SOC-3592,PROD-509,2024-06-07,400.0,Tarjeta de Crédito
TRX-99256,SOC-3613,PROD-508,2025-10-23,250.0,Efectivo
TRX-99257,SOC-2561,PROD-507,2025-08-08,750.0,Tarjeta de Débito
TRX-99258,SOC-2502,PROD-507,2025-08-27,750.0,Tarjeta de Crédito
TRX-99259,SOC-2498,PROD-503,2024-02-13,6999.0,Tarjeta de Débito
TRX-99260,SOC-3668,PROD-509,2025-02-28,339.25,Tarjeta de Débito
TRX-99261,SOC-2885,PROD-511,2026-03-18,50.0,Tarjeta de Crédito
TRX-99262,SOC-2474,PROD-501,2026-04-17,650.0,Transferencia SPEI
TRX-99263,SOC-3132,PROD-501,2024-03-07,650.0,Tarjeta de Débito
TRX-99264,SOC-2790,PROD-508,2024-02-08,250.0,Tarjeta de Débito
TRX-99265,SOC-3442,PROD-502,2024-06-03,1300.0,Efectivo
TRX-99266,SOC-2523,PROD-505,2025-03-24,385.11,Tarjeta de Crédito
TRX-99267,SOC-2077,PROD-509,2024-07-25,400.0,Tarjeta de Crédito
TRX-99268,SOC-2584,PROD-509,2025-04-02,400.0,Tarjeta de Débito
TRX-99269,SOC-2825,PROD-503,2024-08-07,6999.0,Transferencia SPEI
TRX-99270,SOC-3439,PROD-502,2025-05-06,1300.0,Tarjeta de Crédito
TRX-99271,SOC-3634,PROD-508,2025-04-15,250.0,Efectivo
TRX-99272,SOC-3441,PROD-507,2026-02-15,750.0,Tarjeta de Débito
TRX-99273,SOC-3312,PROD-502,2025-12-23,1300.0,Efectivo
TRX-99274,SOC-2874,PROD-506,2026-03-02,550.0,Efectivo
TRX-99275,SOC-3430,PROD-507,2025-08-30,750.0,Tarjeta de Crédito
TRX-99276,SOC-2851,PROD-507,2025-12-26,750.0,Tarjeta de Crédito
TRX-99277,SOC-2975,PROD-512,2025-01-15,35.0,Efectivo
TRX-99278,SOC-3763,PROD-509,2024-10-05,400.0,Tarjeta de Débito
TRX-99279,SOC-2987,PROD-508,2025-05-08,250.0,Tarjeta de Débito
TRX-99280,SOC-3153,PROD-503,2025-12-05,6999.0,Tarjeta de Débito
TRX-99281,SOC-3035,PROD-504,2025-02-27,763.85,Tarjeta de Crédito
TRX-99282,SOC-2901,PROD-505,2024-11-15,480.0,Tarjeta de Crédito
TRX-99283,SOC-2390,PROD-510,2025-01-21,69.78,Tarjeta de Débito
TRX-99284,SOC-2665,PROD-501,2024-07-05,650.0,Transferencia SPEI
TRX-99285,SOC-3017,PROD-511,2024-03-04,50.0,Transferencia SPEI
TRX-99286,SOC-3664,PROD-509,2024-06-26,400.0,Efectivo
TRX-99287,SOC-2816,PROD-502,2026-01-10,1189.34,Transferencia SPEI
TRX-99288,SOC-2427,PROD-503,2025-08-26,6999.0,Tarjeta de Crédito
TRX-99289,SOC-3709,PROD-509,2026-04-19,400.0,Efectivo
TRX-99290,SOC-2623,PROD-504,2025-05-17,950.0,Tarjeta de Crédito
TRX-99291,SOC-2896,PROD-510,2026-04-21,75.0,Efectivo
TRX-99292,SOC-3050,PROD-512,2025-01-19,35.0,Efectivo
TRX-99293,SOC-2032,PROD-509,2025-02-27,400.0,Efectivo
TRX-99294,SOC-3259,PROD-510,2025-04-18,75.0,Efectivo
TRX-99295,SOC-3775,PROD-508,2026-01-12,250.0,Tarjeta de Crédito
TRX-99296,SOC-3280,PROD-504,2025-11-25,884.27,Tarjeta de Débito
TRX-99297,SOC-2067,PROD-503,2025-11-23,6999.0,Tarjeta de Débito
TRX-99298,SOC-3205,PROD-505,2024-07-04,480.0,Efectivo
TRX-99299,SOC-2136,PROD-507,2025-01-17,750.0,Tarjeta de Débito
TRX-99300,SOC-2655,PROD-508,2024-11-04,250.0,Tarjeta de Crédito
TRX-99301,SOC-3300,PROD-503,2025-07-22,6637.76,Transferencia SPEI
TRX-99302,SOC-3372,PROD-512,2026-02-11,31.46,Efectivo
TRX-99303,SOC-3785,PROD-506,2024-11-18,550.0,Tarjeta de Débito
TRX-99304,SOC-2238,PROD-501,2025-08-08,650.0,Efectivo
TRX-99305,SOC-3529,PROD-507,2025-01-23,750.0,Transferencia SPEI
TRX-99306,SOC-3800,PROD-511,2024-03-09,50.0,Tarjeta de Crédito
TRX-99307,SOC-2163,PROD-508,2025-01-22,250.0,Tarjeta de Crédito
TRX-99308,SOC-2601,PROD-505,2025-12-11,480.0,Transferencia SPEI
TRX-99309,SOC-3439,PROD-510,2024-04-03,75.0,Tarjeta de Débito
TRX-99310,SOC-2437,PROD-504,2026-02-16,950.0,Transferencia SPEI
TRX-99311,SOC-3776,PROD-510,2025-04-07,75.0,Tarjeta de Débito
TRX-99312,SOC-3735,PROD-506,2024-09-26,550.0,Efectivo
TRX-99313,SOC-2788,PROD-509,2024-07-14,400.0,Tarjeta de Crédito
TRX-99314,SOC-2856,PROD-501,2025-01-16,650.0,Tarjeta de Crédito
TRX-99315,SOC-3665,PROD-511,2024-11-13,50.0,Transferencia SPEI
TRX-99316,SOC-3206,PROD-507,2025-01-21,750.0,Efectivo
TRX-99317,SOC-3053,PROD-508,2026-02-14,250.0,Efectivo
TRX-99318,SOC-2591,PROD-502,2024-10-23,1300.0,Tarjeta de Crédito
TRX-99319,SOC-2859,PROD-504,2024-11-09,950.0,Tarjeta de Débito
TRX-99320,SOC-2684,PROD-502,2024-05-21,1300.0,Transferencia SPEI
TRX-99321,SOC-2248,PROD-510,2024-09-03,75.0,Efectivo
TRX-99322,SOC-3774,PROD-503,2024-06-10,6999.0,Tarjeta de Crédito
TRX-99323,SOC-2046,PROD-510,2025-10-24,75.0,Tarjeta de Débito
TRX-99324,SOC-2442,PROD-502,2025-12-03,1300.0,Tarjeta de Crédito
TRX-99325,SOC-2563,PROD-512,2024-11-27,35.0,Transferencia SPEI
TRX-99326,SOC-3243,PROD-510,2025-09-02,70.79,Tarjeta de Crédito
TRX-99327,SOC-2702,PROD-507,2025-01-31,750.0,Transferencia SPEI
TRX-99328,SOC-2269,PROD-504,2024-02-28,950.0,Tarjeta de Crédito
TRX-99329,SOC-2859,PROD-506,2025-04-02,550.0,Tarjeta de Crédito
TRX-99330,SOC-2906,PROD-512,2024-03-16,35.0,Tarjeta de Débito
TRX-99331,SOC-2224,PROD-501,2024-10-18,578.6,Transferencia SPEI
TRX-99332,SOC-2990,PROD-507,2025-05-13,750.0,Tarjeta de Crédito
TRX-99333,SOC-3523,PROD-503,2026-01-06,6999.0,Tarjeta de Débito
TRX-99334,SOC-3783,PROD-510,2025-01-27,75.0,Transferencia SPEI
TRX-99335,SOC-2163,PROD-510,2025-03-07,75.0,Tarjeta de Débito
TRX-99336,SOC-3597,PROD-508,2025-08-19,250.0,Tarjeta de Crédito
TRX-99337,SOC-2062,PROD-510,2024-11-09,75.0,Efectivo
TRX-99338,SOC-2335,PROD-509,2025-12-22,400.0,Tarjeta de Débito
TRX-99339,SOC-2611,PROD-504,2025-07-27,950.0,Tarjeta de Crédito
TRX-99340,SOC-2773,PROD-510,2025-04-02,75.0,Tarjeta de Débito
TRX-99341,SOC-2248,PROD-504,2025-11-22,950.0,Transferencia SPEI
TRX-99342,SOC-2553,PROD-509,2025-06-17,400.0,Transferencia SPEI
TRX-99343,SOC-3234,PROD-501,2025-06-15,650.0,Transferencia SPEI
TRX-99344,SOC-2476,PROD-510,2024-03-21,75.0,Tarjeta de Débito
TRX-99345,SOC-2251,PROD-509,2025-12-10,400.0,Efectivo
TRX-99346,SOC-3528,PROD-512,2025-09-30,35.0,Efectivo
TRX-99347,SOC-3407,PROD-505,2026-03-19,480.0,Transferencia SPEI
TRX-99348,SOC-2572,PROD-503,2025-04-14,6504.48,Tarjeta de Débito
TRX-99349,SOC-2559,PROD-506,2026-01-13,550.0,Transferencia SPEI
TRX-99350,SOC-2131,PROD-501,2025-09-08,650.0,Transferencia SPEI
TRX-99351,SOC-3695,PROD-511,2024-06-16,50.0,Tarjeta de Débito
TRX-99352,SOC-2113,PROD-508,2024-11-21,250.0,Tarjeta de Crédito
TRX-99353,SOC-3252,PROD-502,2024-09-15,1300.0,Efectivo
TRX-99354,SOC-2490,PROD-508,2025-07-13,250.0,Efectivo
TRX-99355,SOC-2468,PROD-506,2025-02-27,550.0,Efectivo
TRX-99356,SOC-3385,PROD-501,2025-07-27,650.0,Tarjeta de Débito
TRX-99357,SOC-3096,PROD-508,2025-05-06,250.0,Transferencia SPEI
TRX-99358,SOC-2734,PROD-501,2024-04-18,650.0,Tarjeta de Crédito
TRX-99359,SOC-3717,PROD-510,2025-10-04,75.0,Tarjeta de Débito
TRX-99360,SOC-2807,PROD-508,2025-09-18,250.0,Transferencia SPEI
TRX-99361,SOC-3417,PROD-505,2026-03-02,480.0,Transferencia SPEI
TRX-99362,SOC-3669,PROD-504,2024-04-04,950.0,Transferencia SPEI
TRX-99363,SOC-3593,PROD-508,2024-03-09,250.0,Tarjeta de Crédito
TRX-99364,SOC-2833,PROD-507,2026-01-18,750.0,Transferencia SPEI
TRX-99365,SOC-2144,PROD-507,2024-08-26,750.0,Transferencia SPEI
TRX-99366,SOC-2426,PROD-509,2024-05-02,400.0,Tarjeta de Crédito
TRX-99367,SOC-2292,PROD-512,2026-03-29,35.0,Tarjeta de Débito
TRX-99368,SOC-3403,PROD-510,2025-06-12,75.0,Efectivo
TRX-99369,SOC-3250,PROD-505,2025-02-16,480.0,Tarjeta de Débito
TRX-99370,SOC-3162,PROD-508,2025-04-08,225.77,Transferencia SPEI
TRX-99371,SOC-2609,PROD-505,2026-04-02,480.0,Tarjeta de Débito
TRX-99372,SOC-3154,PROD-511,2024-12-10,50.0,Tarjeta de Crédito
TRX-99373,SOC-2224,PROD-511,2025-04-21,50.0,Efectivo
TRX-99374,SOC-3108,PROD-511,2024-02-02,50.0,Tarjeta de Crédito
TRX-99375,SOC-3770,PROD-509,2025-09-22,400.0,Tarjeta de Débito
TRX-99376,SOC-3040,PROD-503,2025-06-29,6624.31,Tarjeta de Crédito
TRX-99377,SOC-3686,PROD-501,2024-12-29,650.0,Transferencia SPEI
TRX-99378,SOC-2659,PROD-501,2024-10-22,650.0,Transferencia SPEI
TRX-99379,SOC-3075,PROD-507,2025-09-25,750.0,Efectivo
TRX-99380,SOC-2079,PROD-502,2025-09-07,1300.0,Tarjeta de Crédito
TRX-99381,SOC-2386,PROD-502,2026-03-15,1300.0,Tarjeta de Crédito
TRX-99382,SOC-3651,PROD-505,2024-01-15,480.0,Efectivo
TRX-99383,SOC-2642,PROD-511,2025-04-12,50.0,Tarjeta de Débito
TRX-99384,SOC-3424,PROD-503,2025-04-18,6999.0,Transferencia SPEI
TRX-99385,SOC-3732,PROD-502,2025-10-29,1300.0,Transferencia SPEI
TRX-99386,SOC-2920,PROD-512,2025-08-07,35.0,Tarjeta de Crédito
TRX-99387,SOC-3648,PROD-504,2024-08-19,950.0,Tarjeta de Débito
TRX-99388,SOC-2893,PROD-510,2024-11-14,75.0,Efectivo
TRX-99389,SOC-2192,PROD-509,2024-10-01,400.0,Tarjeta de Débito
TRX-99390,SOC-2917,PROD-507,2025-01-22,614.76,Tarjeta de Crédito
TRX-99391,SOC-3179,PROD-512,2026-02-28,35.0,Transferencia SPEI
TRX-99392,SOC-2577,PROD-502,2024-01-15,1300.0,Tarjeta de Débito
TRX-99393,SOC-2130,PROD-511,2025-10-28,50.0,Transferencia SPEI
TRX-99394,SOC-2504,PROD-511,2024-07-03,50.0,Tarjeta de Débito
TRX-99395,SOC-3693,PROD-503,2024-08-05,6999.0,Transferencia SPEI
TRX-99396,SOC-2757,PROD-512,2025-01-05,35.0,Efectivo
TRX-99397,SOC-2262,PROD-511,2026-03-30,41.79,Tarjeta de Débito
TRX-99398,SOC-3511,PROD-507,2025-04-10,750.0,Transferencia SPEI
TRX-99399,SOC-2534,PROD-505,2025-11-22,393.17,Tarjeta de Crédito
TRX-99400,SOC-3445,PROD-509,2025-09-08,362.0,Tarjeta de Crédito
TRX-99401,SOC-3695,PROD-506,2024-08-05,550.0,Tarjeta de Débito
TRX-99402,SOC-3691,PROD-503,2024-12-17,6999.0,Transferencia SPEI
TRX-99403,SOC-2257,PROD-509,2025-11-15,400.0,Efectivo
TRX-99404,SOC-3017,PROD-512,2025-06-07,29.27,Tarjeta de Débito
TRX-99405,SOC-3458,PROD-508,2026-03-25,250.0,Efectivo
TRX-99406,SOC-2502,PROD-512,2026-02-22,35.0,Efectivo
TRX-99407,SOC-2949,PROD-511,2024-10-06,50.0,Tarjeta de Débito
TRX-99408,SOC-2038,PROD-506,2025-12-16,550.0,Tarjeta de Crédito
TRX-99409,SOC-3372,PROD-505,2024-02-23,480.0,Tarjeta de Débito
TRX-99410,SOC-3575,PROD-505,2025-03-03,480.0,Efectivo
TRX-99411,SOC-2269,PROD-501,2025-02-15,650.0,Transferencia SPEI
TRX-99412,SOC-2223,PROD-502,2025-10-01,1300.0,Tarjeta de Débito
TRX-99413,SOC-3580,PROD-510,2025-04-10,75.0,Transferencia SPEI
TRX-99414,SOC-2319,PROD-506,2024-09-01,550.0,Tarjeta de Crédito
TRX-99415,SOC-2244,PROD-506,2025-07-01,550.0,Tarjeta de Débito
TRX-99416,SOC-2467,PROD-510,2026-03-12,75.0,Tarjeta de Crédito
TRX-99417,SOC-3121,PROD-501,2025-12-05,650.0,Efectivo
TRX-99418,SOC-2126,PROD-510,2024-06-17,75.0,Tarjeta de Crédito
TRX-99419,SOC-2221,PROD-510,2024-12-29,75.0,Efectivo
TRX-99420,SOC-2968,PROD-509,2025-05-23,400.0,Tarjeta de Débito
TRX-99421,SOC-3402,PROD-504,2025-08-18,897.09,Tarjeta de Débito
TRX-99422,SOC-3299,PROD-512,2026-02-20,35.0,Tarjeta de Crédito
TRX-99423,SOC-3528,PROD-510,2024-06-11,75.0,Tarjeta de Crédito
TRX-99424,SOC-2052,PROD-506,2025-11-28,550.0,Tarjeta de Débito
TRX-99425,SOC-3448,PROD-506,2026-01-12,550.0,Tarjeta de Crédito
TRX-99426,SOC-3035,PROD-505,2025-09-13,480.0,Transferencia SPEI
TRX-99427,SOC-3632,PROD-506,2026-01-20,550.0,Tarjeta de Crédito
TRX-99428,SOC-3709,PROD-504,2025-08-31,950.0,Tarjeta de Débito
TRX-99429,SOC-2426,PROD-502,2024-01-31,1300.0,Tarjeta de Débito
TRX-99430,SOC-2163,PROD-509,2025-05-31,400.0,Transferencia SPEI
TRX-99431,SOC-3121,PROD-508,2025-06-27,250.0,Efectivo
TRX-99432,SOC-3391,PROD-510,2024-12-14,75.0,Tarjeta de Crédito
TRX-99433,SOC-3237,PROD-508,2025-06-14,250.0,Efectivo
TRX-99434,SOC-3149,PROD-510,2025-07-29,75.0,Tarjeta de Débito
TRX-99435,SOC-3293,PROD-511,2025-08-25,50.0,Tarjeta de Débito
TRX-99436,SOC-2828,PROD-511,2025-12-09,50.0,Transferencia SPEI
TRX-99437,SOC-3544,PROD-505,2024-12-15,480.0,Tarjeta de Crédito
TRX-99438,SOC-3371,PROD-506,2025-11-26,550.0,Transferencia SPEI
TRX-99439,SOC-2008,PROD-504,2024-06-09,950.0,Transferencia SPEI
TRX-99440,SOC-2731,PROD-509,2025-04-07,400.0,Efectivo
TRX-99441,SOC-3628,PROD-510,2025-07-19,75.0,Tarjeta de Crédito
TRX-99442,SOC-2071,PROD-508,2024-12-15,250.0,Tarjeta de Crédito
TRX-99443,SOC-2094,PROD-505,2025-02-13,480.0,Efectivo
TRX-99444,SOC-2948,PROD-505,2024-08-01,480.0,Transferencia SPEI
TRX-99445,SOC-3692,PROD-505,2025-06-29,480.0,Transferencia SPEI
TRX-99446,SOC-2390,PROD-510,2024-06-20,67.9,Tarjeta de Débito
TRX-99447,SOC-3689,PROD-505,2024-01-14,480.0,Tarjeta de Crédito
TRX-99448,SOC-3302,PROD-502,2025-08-10,1300.0,Efectivo
TRX-99449,SOC-2248,PROD-502,2024-07-04,1196.81,Transferencia SPEI
TRX-99450,SOC-3001,PROD-503,2025-09-17,6999.0,Efectivo
TRX-99451,SOC-3506,PROD-507,2025-09-25,750.0,Tarjeta de Débito
TRX-99452,SOC-2257,PROD-507,2024-03-25,750.0,Transferencia SPEI
TRX-99453,SOC-2851,PROD-511,2025-03-06,50.0,Efectivo
TRX-99454,SOC-2060,PROD-508,2025-12-12,250.0,Tarjeta de Débito
TRX-99455,SOC-2375,PROD-508,2024-12-15,250.0,Tarjeta de Crédito
TRX-99456,SOC-3436,PROD-512,2024-01-26,35.0,Efectivo
TRX-99457,SOC-3403,PROD-504,2024-01-12,950.0,Efectivo
TRX-99458,SOC-3509,PROD-507,2024-03-22,750.0,Tarjeta de Crédito
TRX-99459,SOC-2366,PROD-502,2024-12-04,1300.0,Efectivo
TRX-99460,SOC-2122,PROD-508,2024-10-29,209.81,Transferencia SPEI
TRX-99461,SOC-3457,PROD-512,2024-10-01,35.0,Efectivo
TRX-99462,SOC-3127,PROD-507,2024-01-25,750.0,Tarjeta de Crédito
TRX-99463,SOC-3140,PROD-511,2024-08-28,43.82,Tarjeta de Crédito
TRX-99464,SOC-2268,PROD-505,2025-01-26,480.0,Tarjeta de Débito
TRX-99465,SOC-2576,PROD-508,2024-04-28,235.69,Transferencia SPEI
TRX-99466,SOC-2126,PROD-507,2025-04-10,750.0,Tarjeta de Crédito
TRX-99467,SOC-3007,PROD-508,2025-06-25,250.0,Tarjeta de Crédito
TRX-99468,SOC-2149,PROD-505,2024-05-05,480.0,Efectivo
TRX-99469,SOC-2123,PROD-508,2024-06-13,250.0,Efectivo
TRX-99470,SOC-3032,PROD-511,2024-09-20,50.0,Efectivo
TRX-99471,SOC-3488,PROD-502,2025-11-02,1223.11,Tarjeta de Débito
TRX-99472,SOC-3572,PROD-507,2024-10-04,750.0,Transferencia SPEI
TRX-99473,SOC-3516,PROD-506,2025-07-06,550.0,Transferencia SPEI
TRX-99474,SOC-3549,PROD-506,2025-04-05,550.0,Tarjeta de Crédito
TRX-99475,SOC-3650,PROD-512,2024-08-18,35.0,Transferencia SPEI
TRX-99476,SOC-3784,PROD-512,2024-11-23,35.0,Tarjeta de Débito
TRX-99477,SOC-3574,PROD-508,2025-09-09,250.0,Efectivo
TRX-99478,SOC-3676,PROD-510,2026-02-18,75.0,Tarjeta de Crédito
TRX-99479,SOC-3521,PROD-508,2025-06-25,250.0,Transferencia SPEI
TRX-99480,SOC-2645,PROD-503,2024-08-10,6999.0,Efectivo
TRX-99481,SOC-2592,PROD-506,2024-08-07,550.0,Tarjeta de Crédito
TRX-99482,SOC-2051,PROD-505,2025-09-18,480.0,Tarjeta de Crédito
TRX-99483,SOC-2054,PROD-508,2024-02-03,231.73,Transferencia SPEI
TRX-99484,SOC-2716,PROD-506,2024-09-25,550.0,Tarjeta de Crédito
TRX-99485,SOC-3664,PROD-512,2026-03-05,35.0,Tarjeta de Débito
TRX-99486,SOC-3618,PROD-512,2024-04-01,35.0,Tarjeta de Crédito
TRX-99487,SOC-3084,PROD-503,2024-12-15,6154.46,Tarjeta de Crédito
TRX-99488,SOC-3680,PROD-511,2024-07-26,41.18,Tarjeta de Débito
TRX-99489,SOC-3039,PROD-503,2024-04-01,6999.0,Tarjeta de Crédito
TRX-99490,SOC-2796,PROD-504,2025-12-02,950.0,Efectivo
TRX-99491,SOC-3115,PROD-501,2026-03-12,650.0,Tarjeta de Débito
TRX-99492,SOC-3134,PROD-511,2025-10-15,40.83,Transferencia SPEI
TRX-99493,SOC-3423,PROD-502,2024-04-19,1300.0,Tarjeta de Débito
TRX-99494,SOC-3029,PROD-501,2024-11-05,650.0,Tarjeta de Crédito
TRX-99495,SOC-2124,PROD-507,2024-11-22,750.0,Transferencia SPEI
TRX-99496,SOC-2991,PROD-503,2024-04-04,6181.63,Transferencia SPEI
TRX-99497,SOC-3058,PROD-502,2024-01-01,1300.0,Efectivo
TRX-99498,SOC-3743,PROD-511,2025-04-09,50.0,Transferencia SPEI
TRX-99499,SOC-2478,PROD-506,2024-05-11,509.94,Transferencia SPEI
TRX-99500,SOC-2992,PROD-504,2026-04-27,950.0,Efectivo
TRX-99501,SOC-2149,PROD-501,2025-04-07,650.0,Transferencia SPEI
TRX-99502,SOC-3094,PROD-507,2025-06-22,750.0,Tarjeta de Débito
TRX-99503,SOC-2859,PROD-512,2024-11-10,30.77,Tarjeta de Crédito
TRX-99504,SOC-2717,PROD-510,2024-11-14,75.0,Tarjeta de Débito
TRX-99505,SOC-2393,PROD-511,2025-04-22,50.0,Tarjeta de Crédito
TRX-99506,SOC-2703,PROD-503,2024-11-21,6999.0,Transferencia SPEI
TRX-99507,SOC-3103,PROD-510,2025-08-06,75.0,Transferencia SPEI
TRX-99508,SOC-3470,PROD-508,2026-04-10,250.0,Tarjeta de Débito
TRX-99509,SOC-2182,PROD-507,2025-10-03,750.0,Efectivo
TRX-99510,SOC-2460,PROD-512,2024-06-13,35.0,Tarjeta de Crédito
TRX-99511,SOC-3345,PROD-508,2026-01-27,250.0,Efectivo
TRX-99512,SOC-2543,PROD-511,2026-01-11,42.89,Efectivo
TRX-99513,SOC-3391,PROD-508,2026-03-26,250.0,Efectivo
TRX-99514,SOC-2720,PROD-511,2026-02-25,42.93,Transferencia SPEI
TRX-99515,SOC-3492,PROD-511,2025-10-08,50.0,Tarjeta de Crédito
TRX-99516,SOC-2458,PROD-501,2025-10-28,650.0,Transferencia SPEI
TRX-99517,SOC-2310,PROD-506,2026-01-04,550.0,Efectivo
TRX-99518,SOC-3438,PROD-502,2025-01-05,1300.0,Tarjeta de Débito
TRX-99519,SOC-3407,PROD-511,2025-10-06,50.0,Tarjeta de Crédito
TRX-99520,SOC-3648,PROD-509,2026-03-03,400.0,Transferencia SPEI
TRX-99521,SOC-2258,PROD-511,2026-04-15,50.0,Efectivo
TRX-99522,SOC-2890,PROD-503,2025-07-14,6999.0,Efectivo
TRX-99523,SOC-2658,PROD-512,2025-12-13,35.0,Transferencia SPEI
TRX-99524,SOC-2110,PROD-511,2026-04-28,50.0,Tarjeta de Crédito
TRX-99525,SOC-2055,PROD-510,2025-07-01,60.66,Tarjeta de Crédito
TRX-99526,SOC-2539,PROD-504,2024-10-07,950.0,Tarjeta de Crédito
TRX-99527,SOC-2835,PROD-504,2024-11-25,950.0,Efectivo
TRX-99528,SOC-3419,PROD-509,2025-05-25,400.0,Tarjeta de Crédito
TRX-99529,SOC-2583,PROD-508,2024-05-28,250.0,Tarjeta de Débito
TRX-99530,SOC-2193,PROD-512,2025-03-10,35.0,Tarjeta de Crédito
TRX-99531,SOC-2194,PROD-509,2025-05-17,400.0,Tarjeta de Crédito
TRX-99532,SOC-2043,PROD-510,2025-02-20,75.0,Tarjeta de Débito
TRX-99533,SOC-2268,PROD-510,2025-10-17,75.0,Transferencia SPEI
TRX-99534,SOC-3082,PROD-504,2026-01-16,950.0,Transferencia SPEI
TRX-99535,SOC-2050,PROD-510,2026-01-06,75.0,Tarjeta de Crédito
TRX-99536,SOC-3196,PROD-506,2024-04-16,550.0,Tarjeta de Crédito
TRX-99537,SOC-3148,PROD-512,2025-08-26,31.61,Tarjeta de Débito
TRX-99538,SOC-3078,PROD-503,2025-01-21,6148.51,Tarjeta de Crédito
TRX-99539,SOC-2458,PROD-502,2024-07-10,1300.0,Efectivo
TRX-99540,SOC-2268,PROD-511,2026-02-25,50.0,Transferencia SPEI
TRX-99541,SOC-2806,PROD-507,2024-08-16,750.0,Tarjeta de Débito
TRX-99542,SOC-3634,PROD-502,2025-09-29,1300.0,Tarjeta de Débito
TRX-99543,SOC-2536,PROD-508,2025-03-11,250.0,Tarjeta de Crédito
TRX-99544,SOC-3741,PROD-503,2024-11-06,6999.0,Transferencia SPEI
TRX-99545,SOC-3057,PROD-506,2026-02-19,473.6,Efectivo
TRX-99546,SOC-2977,PROD-506,2024-03-14,550.0,Tarjeta de Crédito
TRX-99547,SOC-2761,PROD-512,2025-11-03,30.34,Tarjeta de Débito
TRX-99548,SOC-2534,PROD-511,2025-04-10,42.8,Tarjeta de Débito
TRX-99549,SOC-2015,PROD-511,2024-01-24,50.0,Transferencia SPEI
TRX-99550,SOC-2533,PROD-511,2024-12-06,50.0,Efectivo
TRX-99551,SOC-2993,PROD-507,2025-03-05,750.0,Transferencia SPEI
TRX-99552,SOC-3061,PROD-505,2024-04-27,480.0,Tarjeta de Crédito
TRX-99553,SOC-2244,PROD-503,2025-04-12,6999.0,Transferencia SPEI
TRX-99554,SOC-3098,PROD-504,2024-07-20,950.0,Tarjeta de Débito
TRX-99555,SOC-3108,PROD-503,2025-10-14,6999.0,Tarjeta de Crédito
TRX-99556,SOC-2525,PROD-506,2024-05-09,550.0,Efectivo
TRX-99557,SOC-2793,PROD-501,2025-11-10,650.0,Tarjeta de Débito
TRX-99558,SOC-3653,PROD-504,2024-11-12,842.09,Tarjeta de Débito
TRX-99559,SOC-2638,PROD-507,2024-04-19,750.0,Efectivo
TRX-99560,SOC-2212,PROD-511,2026-02-23,50.0,Efectivo
TRX-99561,SOC-2067,PROD-511,2024-04-12,50.0,Transferencia SPEI
TRX-99562,SOC-3771,PROD-504,2025-08-04,950.0,Efectivo
TRX-99563,SOC-3289,PROD-503,2026-04-28,6999.0,Tarjeta de Crédito
TRX-99564,SOC-3649,PROD-506,2025-06-16,550.0,Efectivo
TRX-99565,SOC-3381,PROD-502,2024-05-17,1300.0,Efectivo
TRX-99566,SOC-2278,PROD-508,2025-05-16,250.0,Tarjeta de Débito
TRX-99567,SOC-2789,PROD-511,2025-05-28,50.0,Tarjeta de Crédito
TRX-99568,SOC-3695,PROD-510,2024-01-05,75.0,Efectivo
TRX-99569,SOC-3395,PROD-508,2024-10-15,250.0,Tarjeta de Débito
TRX-99570,SOC-2029,PROD-509,2024-01-03,400.0,Efectivo
TRX-99571,SOC-3625,PROD-509,2025-09-01,400.0,Tarjeta de Crédito
TRX-99572,SOC-3160,PROD-511,2024-02-15,50.0,Tarjeta de Débito
TRX-99573,SOC-3696,PROD-502,2025-09-11,1300.0,Transferencia SPEI
TRX-99574,SOC-2668,PROD-509,2026-02-05,400.0,Tarjeta de Crédito
TRX-99575,SOC-3423,PROD-510,2024-09-07,75.0,Tarjeta de Débito
TRX-99576,SOC-2660,PROD-503,2026-04-21,6999.0,Tarjeta de Débito
TRX-99577,SOC-3137,PROD-508,2024-05-12,250.0,Tarjeta de Crédito
TRX-99578,SOC-2488,PROD-509,2025-01-29,400.0,Tarjeta de Crédito
TRX-99579,SOC-2848,PROD-501,2024-01-14,650.0,Tarjeta de Débito
TRX-99580,SOC-3188,PROD-509,2024-01-27,400.0,Efectivo
TRX-99581,SOC-3768,PROD-509,2026-02-25,400.0,Efectivo
TRX-99582,SOC-2015,PROD-512,2024-09-10,31.509999999999998,Tarjeta de Crédito
TRX-99583,SOC-2935,PROD-509,2024-06-06,400.0,Transferencia SPEI
TRX-99584,SOC-3773,PROD-509,2026-01-23,400.0,Tarjeta de Crédito
TRX-99585,SOC-3610,PROD-512,2025-11-02,35.0,Tarjeta de Crédito
TRX-99586,SOC-2105,PROD-504,2024-01-11,950.0,Efectivo
TRX-99587,SOC-3759,PROD-509,2024-03-05,400.0,Transferencia SPEI
TRX-99588,SOC-3170,PROD-512,2024-06-23,35.0,Tarjeta de Crédito
TRX-99589,SOC-3789,PROD-512,2025-08-27,35.0,Transferencia SPEI
TRX-99590,SOC-2343,PROD-502,2025-01-10,1300.0,Tarjeta de Débito
TRX-99591,SOC-3744,PROD-512,2024-03-10,35.0,Efectivo
TRX-99592,SOC-2913,PROD-501,2026-03-08,650.0,Tarjeta de Crédito
TRX-99593,SOC-2931,PROD-512,2024-05-17,35.0,Tarjeta de Crédito
TRX-99594,SOC-3704,PROD-512,2025-08-31,35.0,Tarjeta de Crédito
TRX-99595,SOC-3357,PROD-509,2025-02-22,400.0,Tarjeta de Crédito
TRX-99596,SOC-2628,PROD-510,2024-06-20,75.0,Transferencia SPEI
TRX-99597,SOC-2411,PROD-509,2025-08-19,400.0,Transferencia SPEI
TRX-99598,SOC-3321,PROD-511,2024-10-02,50.0,Tarjeta de Débito
TRX-99599,SOC-3248,PROD-502,2024-02-24,1300.0,Tarjeta de Crédito
TRX-99600,SOC-2492,PROD-506,2025-01-06,550.0,Tarjeta de Débito
TRX-99601,SOC-2933,PROD-503,2025-06-11,6999.0,Tarjeta de Débito
TRX-99602,SOC-2820,PROD-511,2024-08-08,50.0,Efectivo
TRX-99603,SOC-2891,PROD-502,2025-11-09,1300.0,Tarjeta de Débito
TRX-99604,SOC-2658,PROD-509,2025-05-14,400.0,Efectivo
TRX-99605,SOC-3430,PROD-511,2024-06-02,50.0,Efectivo
TRX-99606,SOC-2557,PROD-512,2025-08-22,35.0,Efectivo
TRX-99607,SOC-3617,PROD-511,2026-04-23,50.0,Tarjeta de Débito
TRX-99608,SOC-2133,PROD-507,2025-04-24,750.0,Tarjeta de Crédito
TRX-99609,SOC-3336,PROD-501,2024-07-10,650.0,Efectivo
TRX-99610,SOC-2563,PROD-506,2024-09-26,550.0,Efectivo
TRX-99611,SOC-3659,PROD-502,2025-07-29,1300.0,Efectivo
TRX-99612,SOC-2970,PROD-511,2024-06-14,50.0,Tarjeta de Débito
TRX-99613,SOC-3604,PROD-509,2024-11-04,400.0,Transferencia SPEI
TRX-99614,SOC-2554,PROD-510,2024-09-20,70.75,Tarjeta de Crédito
TRX-99615,SOC-2862,PROD-503,2025-07-19,6999.0,Transferencia SPEI
TRX-99616,SOC-2710,PROD-512,2025-07-07,35.0,Transferencia SPEI
TRX-99617,SOC-3346,PROD-503,2024-01-22,6999.0,Efectivo
TRX-99618,SOC-2729,PROD-508,2026-04-01,216.13,Transferencia SPEI
TRX-99619,SOC-2585,PROD-504,2026-02-19,950.0,Tarjeta de Débito
TRX-99620,SOC-2915,PROD-506,2025-12-03,447.62,Tarjeta de Crédito
TRX-99621,SOC-2677,PROD-506,2026-04-18,550.0,Tarjeta de Débito
TRX-99622,SOC-3789,PROD-511,2025-03-07,50.0,Tarjeta de Débito
TRX-99623,SOC-2870,PROD-510,2026-01-16,70.08,Efectivo
TRX-99624,SOC-2262,PROD-504,2025-01-24,950.0,Tarjeta de Débito
TRX-99625,SOC-3442,PROD-503,2024-10-27,6999.0,Tarjeta de Débito
TRX-99626,SOC-3608,PROD-508,2025-11-25,232.42000000000002,Tarjeta de Débito
TRX-99627,SOC-2238,PROD-510,2025-12-10,61.17,Transferencia SPEI
TRX-99628,SOC-2285,PROD-505,2025-12-12,480.0,Transferencia SPEI
TRX-99629,SOC-2104,PROD-510,2025-01-03,75.0,Transferencia SPEI
TRX-99630,SOC-3412,PROD-508,2024-06-12,250.0,Transferencia SPEI
TRX-99631,SOC-2993,PROD-505,2025-04-14,480.0,Efectivo
TRX-99632,SOC-3406,PROD-509,2024-08-05,400.0,Tarjeta de Crédito
TRX-99633,SOC-3371,PROD-509,2025-09-09,342.92,Efectivo
TRX-99634,SOC-2076,PROD-512,2025-12-08,35.0,Tarjeta de Crédito
TRX-99635,SOC-2547,PROD-511,2025-04-16,50.0,Efectivo
TRX-99636,SOC-3035,PROD-501,2026-04-19,650.0,Tarjeta de Crédito
TRX-99637,SOC-2094,PROD-511,2024-06-06,50.0,Efectivo
TRX-99638,SOC-2648,PROD-510,2025-05-03,75.0,Transferencia SPEI
TRX-99639,SOC-2511,PROD-504,2026-03-06,950.0,Tarjeta de Crédito
TRX-99640,SOC-3027,PROD-508,2025-01-22,250.0,Transferencia SPEI
TRX-99641,SOC-2738,PROD-512,2024-12-31,35.0,Tarjeta de Débito
TRX-99642,SOC-3043,PROD-507,2025-07-24,750.0,Transferencia SPEI
TRX-99643,SOC-3796,PROD-509,2025-01-03,322.61,Transferencia SPEI
TRX-99644,SOC-2548,PROD-509,2025-05-03,400.0,Transferencia SPEI
TRX-99645,SOC-2635,PROD-509,2025-04-29,377.3,Efectivo
TRX-99646,SOC-2360,PROD-506,2024-12-26,550.0,Tarjeta de Débito
TRX-99647,SOC-2698,PROD-504,2024-09-01,950.0,Tarjeta de Débito
TRX-99648,SOC-2280,PROD-510,2024-09-28,75.0,Tarjeta de Débito
TRX-99649,SOC-2590,PROD-508,2024-01-07,250.0,Efectivo
TRX-99650,SOC-3412,PROD-512,2024-11-14,35.0,Tarjeta de Débito
TRX-99651,SOC-3365,PROD-512,2025-01-29,35.0,Tarjeta de Crédito
TRX-99652,SOC-2988,PROD-501,2025-03-13,650.0,Tarjeta de Débito
TRX-99653,SOC-3329,PROD-502,2024-03-08,1300.0,Transferencia SPEI
TRX-99654,SOC-3328,PROD-502,2024-07-21,1300.0,Transferencia SPEI
TRX-99655,SOC-3753,PROD-506,2025-11-01,550.0,Tarjeta de Débito
TRX-99656,SOC-3155,PROD-505,2024-06-16,480.0,Efectivo
TRX-99657,SOC-3363,PROD-504,2024-09-09,950.0,Tarjeta de Crédito
TRX-99658,SOC-2592,PROD-502,2025-09-22,1300.0,Transferencia SPEI
TRX-99659,SOC-3735,PROD-508,2026-01-06,218.01,Efectivo
TRX-99660,SOC-3462,PROD-512,2025-01-21,35.0,Transferencia SPEI
TRX-99661,SOC-2604,PROD-504,2025-01-23,864.88,Efectivo
TRX-99662,SOC-3774,PROD-510,2025-06-16,75.0,Tarjeta de Crédito
TRX-99663,SOC-2899,PROD-502,2024-09-21,1300.0,Transferencia SPEI
TRX-99664,SOC-3175,PROD-505,2025-04-26,480.0,Tarjeta de Crédito
TRX-99665,SOC-3303,PROD-505,2026-03-05,480.0,Tarjeta de Crédito
TRX-99666,SOC-3465,PROD-509,2025-03-03,342.09000000000003,Efectivo
TRX-99667,SOC-3435,PROD-509,2025-11-12,400.0,Transferencia SPEI
TRX-99668,SOC-2785,PROD-505,2026-01-14,480.0,Efectivo
TRX-99669,SOC-3106,PROD-505,2024-07-12,411.48,Tarjeta de Débito
TRX-99670,SOC-2333,PROD-512,2024-03-09,35.0,Transferencia SPEI
TRX-99671,SOC-3715,PROD-510,2026-01-23,62.38,Tarjeta de Débito
TRX-99672,SOC-2397,PROD-511,2024-03-07,44.35,Tarjeta de Débito
TRX-99673,SOC-2653,PROD-512,2025-05-16,35.0,Tarjeta de Crédito
TRX-99674,SOC-3287,PROD-509,2026-02-09,400.0,Tarjeta de Débito
TRX-99675,SOC-3273,PROD-506,2025-07-04,550.0,Transferencia SPEI
TRX-99676,SOC-2868,PROD-510,2024-11-24,75.0,Efectivo
TRX-99677,SOC-3312,PROD-503,2025-03-01,6999.0,Tarjeta de Crédito
TRX-99678,SOC-2072,PROD-508,2025-06-14,250.0,Tarjeta de Crédito
TRX-99679,SOC-2224,PROD-509,2025-12-12,400.0,Tarjeta de Débito
TRX-99680,SOC-3191,PROD-505,2024-04-21,480.0,Tarjeta de Crédito
TRX-99681,SOC-3567,PROD-512,2024-09-24,35.0,Tarjeta de Crédito
TRX-99682,SOC-2414,PROD-503,2026-04-10,6999.0,Efectivo
TRX-99683,SOC-3535,PROD-503,2024-10-22,6999.0,Transferencia SPEI
TRX-99684,SOC-2159,PROD-502,2026-02-23,1300.0,Tarjeta de Crédito
TRX-99685,SOC-3661,PROD-512,2025-04-21,35.0,Tarjeta de Crédito
TRX-99686,SOC-2682,PROD-502,2026-03-13,1300.0,Tarjeta de Crédito
TRX-99687,SOC-3054,PROD-507,2024-07-24,633.66,Tarjeta de Crédito
TRX-99688,SOC-2421,PROD-502,2025-04-20,1300.0,Efectivo
TRX-99689,SOC-2266,PROD-509,2026-01-31,322.26,Efectivo
TRX-99690,SOC-3600,PROD-511,2025-05-11,50.0,Tarjeta de Débito
TRX-99691,SOC-2561,PROD-504,2024-07-31,950.0,Transferencia SPEI
TRX-99692,SOC-2005,PROD-503,2025-10-27,6999.0,Transferencia SPEI
TRX-99693,SOC-2427,PROD-504,2026-01-11,950.0,Tarjeta de Débito
TRX-99694,SOC-2152,PROD-512,2025-02-17,35.0,Transferencia SPEI
TRX-99695,SOC-2078,PROD-503,2024-12-04,6999.0,Tarjeta de Débito
TRX-99696,SOC-3477,PROD-512,2024-03-31,35.0,Tarjeta de Crédito
TRX-99697,SOC-2719,PROD-502,2025-05-01,1196.39,Transferencia SPEI
TRX-99698,SOC-3040,PROD-506,2024-02-14,550.0,Tarjeta de Débito
TRX-99699,SOC-3098,PROD-506,2024-06-22,550.0,Tarjeta de Crédito
TRX-99700,SOC-3684,PROD-512,2024-09-08,35.0,Transferencia SPEI
TRX-99701,SOC-2315,PROD-503,2024-09-19,6313.5599999999995,Tarjeta de Débito
TRX-99702,SOC-3645,PROD-504,2024-02-16,950.0,Efectivo
TRX-99703,SOC-2238,PROD-504,2025-09-19,864.55,Tarjeta de Crédito
TRX-99704,SOC-2970,PROD-506,2025-10-11,550.0,Tarjeta de Débito
TRX-99705,SOC-2106,PROD-509,2025-05-18,357.56,Tarjeta de Crédito
TRX-99706,SOC-2449,PROD-506,2025-01-09,550.0,Transferencia SPEI
TRX-99707,SOC-2492,PROD-509,2025-01-14,400.0,Efectivo
TRX-99708,SOC-3077,PROD-503,2025-07-23,6999.0,Tarjeta de Crédito
TRX-99709,SOC-3255,PROD-510,2026-03-07,75.0,Transferencia SPEI
TRX-99710,SOC-3188,PROD-509,2024-02-13,359.29,Tarjeta de Débito
TRX-99711,SOC-3001,PROD-512,2024-08-01,35.0,Tarjeta de Crédito
TRX-99712,SOC-3075,PROD-501,2025-04-16,650.0,Tarjeta de Crédito
TRX-99713,SOC-2832,PROD-511,2025-02-01,42.45,Efectivo
TRX-99714,SOC-2623,PROD-505,2025-04-11,480.0,Tarjeta de Débito
TRX-99715,SOC-2054,PROD-502,2025-04-10,1300.0,Efectivo
TRX-99716,SOC-2683,PROD-507,2025-11-26,750.0,Tarjeta de Débito
TRX-99717,SOC-3602,PROD-506,2025-06-12,550.0,Efectivo
TRX-99718,SOC-3323,PROD-507,2024-11-26,750.0,Transferencia SPEI
TRX-99719,SOC-3777,PROD-510,2025-05-23,75.0,Tarjeta de Crédito
TRX-99720,SOC-2336,PROD-504,2024-06-22,950.0,Efectivo
TRX-99721,SOC-2517,PROD-504,2024-01-19,868.4300000000001,Efectivo
TRX-99722,SOC-3176,PROD-502,2024-02-08,1300.0,Transferencia SPEI
TRX-99723,SOC-3717,PROD-502,2026-01-26,1300.0,Transferencia SPEI
TRX-99724,SOC-3555,PROD-504,2024-12-14,950.0,Efectivo
TRX-99725,SOC-3731,PROD-505,2026-01-05,452.44,Tarjeta de Crédito
TRX-99726,SOC-3122,PROD-507,2024-04-21,696.25,Tarjeta de Crédito
TRX-99727,SOC-3135,PROD-507,2025-11-26,750.0,Efectivo
TRX-99728,SOC-2553,PROD-501,2026-01-02,650.0,Tarjeta de Débito
TRX-99729,SOC-2676,PROD-505,2024-05-19,402.85,Tarjeta de Crédito
TRX-99730,SOC-2350,PROD-505,2024-09-02,439.34000000000003,Tarjeta de Crédito
TRX-99731,SOC-3586,PROD-512,2024-02-27,32.74,Tarjeta de Crédito
TRX-99732,SOC-2917,PROD-509,2025-09-10,400.0,Tarjeta de Crédito
TRX-99733,SOC-2543,PROD-511,2024-08-29,50.0,Transferencia SPEI
TRX-99734,SOC-3162,PROD-502,2026-01-01,1300.0,Tarjeta de Débito
TRX-99735,SOC-2472,PROD-503,2025-09-10,6999.0,Transferencia SPEI
TRX-99736,SOC-2239,PROD-511,2025-05-11,50.0,Tarjeta de Crédito
TRX-99737,SOC-3206,PROD-505,2026-01-24,480.0,Tarjeta de Débito
TRX-99738,SOC-2836,PROD-512,2025-05-14,35.0,Tarjeta de Débito
TRX-99739,SOC-2115,PROD-509,2026-02-10,400.0,Transferencia SPEI
TRX-99740,SOC-2939,PROD-510,2025-01-06,75.0,Efectivo
TRX-99741,SOC-2564,PROD-501,2025-07-19,650.0,Transferencia SPEI
TRX-99742,SOC-2082,PROD-510,2024-02-25,75.0,Tarjeta de Crédito
TRX-99743,SOC-2772,PROD-501,2024-05-11,650.0,Tarjeta de Crédito
TRX-99744,SOC-2250,PROD-512,2024-12-08,35.0,Tarjeta de Crédito
TRX-99745,SOC-2864,PROD-502,2025-05-16,1300.0,Tarjeta de Crédito
TRX-99746,SOC-2880,PROD-503,2025-08-24,6311.78,Transferencia SPEI
TRX-99747,SOC-3450,PROD-508,2025-04-10,250.0,Tarjeta de Crédito
TRX-99748,SOC-3416,PROD-505,2024-07-17,480.0,Tarjeta de Crédito
TRX-99749,SOC-2132,PROD-505,2025-03-18,480.0,Tarjeta de Crédito
TRX-99750,SOC-2340,PROD-503,2024-06-13,6999.0,Tarjeta de Crédito
TRX-99751,SOC-2404,PROD-509,2026-01-08,400.0,Tarjeta de Crédito
TRX-99752,SOC-3025,PROD-506,2024-06-29,550.0,Tarjeta de Crédito
TRX-99753,SOC-2692,PROD-510,2024-01-29,75.0,Transferencia SPEI
TRX-99754,SOC-3396,PROD-501,2026-02-28,650.0,Tarjeta de Débito
TRX-99755,SOC-3676,PROD-501,2026-01-06,650.0,Tarjeta de Débito
TRX-99756,SOC-2613,PROD-502,2024-06-24,1300.0,Tarjeta de Crédito
TRX-99757,SOC-2380,PROD-510,2024-06-07,75.0,Tarjeta de Débito
TRX-99758,SOC-2795,PROD-508,2025-11-22,212.55,Tarjeta de Crédito
TRX-99759,SOC-3179,PROD-512,2024-08-20,35.0,Tarjeta de Débito
TRX-99760,SOC-2071,PROD-505,2025-02-28,480.0,Tarjeta de Crédito
TRX-99761,SOC-2403,PROD-511,2025-04-15,50.0,Tarjeta de Débito
TRX-99762,SOC-2403,PROD-506,2025-07-20,550.0,Tarjeta de Crédito
TRX-99763,SOC-2425,PROD-512,2025-06-18,35.0,Tarjeta de Débito
TRX-99764,SOC-3614,PROD-510,2024-03-22,75.0,Efectivo
TRX-99765,SOC-2698,PROD-504,2026-02-19,811.44,Tarjeta de Débito
TRX-99766,SOC-2697,PROD-509,2025-05-08,400.0,Tarjeta de Débito
TRX-99767,SOC-2122,PROD-509,2025-12-17,400.0,Tarjeta de Débito
TRX-99768,SOC-3657,PROD-508,2024-05-12,250.0,Tarjeta de Crédito
TRX-99769,SOC-2029,PROD-501,2025-05-08,576.42,Efectivo
TRX-99770,SOC-3142,PROD-507,2025-09-09,750.0,Tarjeta de Débito
TRX-99771,SOC-2807,PROD-511,2025-04-12,50.0,Tarjeta de Débito
TRX-99772,SOC-2345,PROD-512,2025-09-26,30.37,Tarjeta de Débito
TRX-99773,SOC-3324,PROD-507,2025-01-06,640.72,Transferencia SPEI
TRX-99774,SOC-3171,PROD-503,2025-11-11,6999.0,Transferencia SPEI
TRX-99775,SOC-3730,PROD-511,2024-01-01,50.0,Tarjeta de Débito
TRX-99776,SOC-3677,PROD-503,2025-11-24,6999.0,Tarjeta de Débito
TRX-99777,SOC-3282,PROD-502,2026-03-26,1104.75,Tarjeta de Débito
TRX-99778,SOC-2728,PROD-512,2025-02-24,35.0,Tarjeta de Débito
TRX-99779,SOC-2147,PROD-503,2025-03-08,6999.0,Transferencia SPEI
TRX-99780,SOC-2862,PROD-511,2025-06-03,42.64,Tarjeta de Débito
TRX-99781,SOC-2102,PROD-512,2024-11-16,35.0,Tarjeta de Débito
TRX-99782,SOC-2991,PROD-501,2024-09-11,650.0,Tarjeta de Débito
TRX-99783,SOC-2350,PROD-505,2026-02-23,480.0,Tarjeta de Crédito
TRX-99784,SOC-3465,PROD-503,2024-01-25,6999.0,Tarjeta de Débito
TRX-99785,SOC-3742,PROD-512,2026-01-20,35.0,Transferencia SPEI
TRX-99786,SOC-3299,PROD-502,2024-10-29,1300.0,Tarjeta de Débito
TRX-99787,SOC-3779,PROD-501,2025-12-13,650.0,Tarjeta de Crédito
TRX-99788,SOC-2980,PROD-502,2024-12-19,1070.83,Tarjeta de Débito
TRX-99789,SOC-2390,PROD-502,2024-02-14,1300.0,Tarjeta de Débito
TRX-99790,SOC-3385,PROD-507,2025-06-30,750.0,Efectivo
TRX-99791,SOC-3268,PROD-512,2025-01-08,35.0,Efectivo
TRX-99792,SOC-3531,PROD-503,2024-06-16,6999.0,Tarjeta de Crédito
TRX-99793,SOC-3511,PROD-507,2024-10-09,750.0,Tarjeta de Débito
TRX-99794,SOC-2898,PROD-509,2025-04-19,353.7,Transferencia SPEI
TRX-99795,SOC-2595,PROD-505,2024-06-16,480.0,Tarjeta de Crédito
TRX-99796,SOC-2076,PROD-508,2025-11-05,250.0,Transferencia SPEI
TRX-99797,SOC-3074,PROD-502,2026-01-22,1221.51,Efectivo
TRX-99798,SOC-2224,PROD-503,2024-10-28,6999.0,Tarjeta de Débito
TRX-99799,SOC-3073,PROD-501,2025-01-15,650.0,Tarjeta de Débito
TRX-99800,SOC-2264,PROD-502,2024-04-25,1300.0,Transferencia SPEI
TRX-99801,SOC-2630,PROD-512,2025-08-23,35.0,Efectivo
TRX-99802,SOC-2573,PROD-505,2025-08-21,452.07,Efectivo
TRX-99803,SOC-2900,PROD-503,2025-12-16,6999.0,Efectivo
TRX-99804,SOC-3500,PROD-505,2025-08-06,480.0,Efectivo
TRX-99805,SOC-2581,PROD-510,2025-09-07,75.0,Transferencia SPEI
TRX-99806,SOC-2593,PROD-501,2024-09-28,610.35,Transferencia SPEI
TRX-99807,SOC-2083,PROD-511,2024-10-08,50.0,Tarjeta de Crédito
TRX-99808,SOC-2154,PROD-501,2026-03-30,650.0,Efectivo
TRX-99809,SOC-2445,PROD-502,2025-01-08,1300.0,Transferencia SPEI
TRX-99810,SOC-3126,PROD-506,2024-02-09,550.0,Efectivo
TRX-99811,SOC-3579,PROD-507,2025-03-31,750.0,Tarjeta de Débito
TRX-99812,SOC-3327,PROD-502,2024-09-30,1133.13,Tarjeta de Débito
TRX-99813,SOC-2148,PROD-506,2025-02-16,493.53,Tarjeta de Débito
TRX-99814,SOC-3474,PROD-503,2025-04-13,6999.0,Tarjeta de Crédito
TRX-99815,SOC-2134,PROD-506,2026-03-08,550.0,Transferencia SPEI
TRX-99816,SOC-2236,PROD-502,2024-12-08,1219.54,Transferencia SPEI
TRX-99817,SOC-2357,PROD-512,2025-04-27,35.0,Tarjeta de Débito
TRX-99818,SOC-2426,PROD-506,2025-09-23,550.0,Efectivo
TRX-99819,SOC-2074,PROD-507,2024-04-17,750.0,Transferencia SPEI
TRX-99820,SOC-2667,PROD-501,2025-10-08,650.0,Transferencia SPEI
TRX-99821,SOC-2383,PROD-506,2024-12-22,550.0,Efectivo
TRX-99822,SOC-3018,PROD-504,2025-05-26,950.0,Tarjeta de Crédito
TRX-99823,SOC-2299,PROD-501,2025-03-25,545.97,Tarjeta de Débito
TRX-99824,SOC-2658,PROD-512,2026-02-04,35.0,Efectivo
TRX-99825,SOC-3124,PROD-509,2025-03-23,400.0,Efectivo
TRX-99826,SOC-3515,PROD-510,2025-03-14,75.0,Tarjeta de Crédito
TRX-99827,SOC-2651,PROD-504,2026-04-12,950.0,Efectivo
TRX-99828,SOC-2204,PROD-511,2024-01-16,50.0,Tarjeta de Crédito
TRX-99829,SOC-3602,PROD-502,2025-08-27,1300.0,Tarjeta de Débito
TRX-99830,SOC-3583,PROD-501,2024-01-27,650.0,Efectivo
TRX-99831,SOC-2338,PROD-512,2025-10-01,35.0,Efectivo
TRX-99832,SOC-3621,PROD-510,2024-05-18,75.0,Tarjeta de Crédito
TRX-99833,SOC-3058,PROD-509,2025-04-03,400.0,Tarjeta de Débito
TRX-99834,SOC-3502,PROD-502,2024-12-09,1300.0,Tarjeta de Débito
TRX-99835,SOC-3276,PROD-503,2026-03-30,6999.0,Tarjeta de Crédito
TRX-99836,SOC-2611,PROD-512,2024-12-04,35.0,Tarjeta de Crédito
TRX-99837,SOC-2830,PROD-507,2024-09-23,750.0,Transferencia SPEI
TRX-99838,SOC-2498,PROD-509,2025-12-27,400.0,Transferencia SPEI
TRX-99839,SOC-3721,PROD-507,2024-10-12,750.0,Efectivo
TRX-99840,SOC-2077,PROD-506,2024-03-12,550.0,Tarjeta de Crédito
TRX-99841,SOC-3159,PROD-511,2026-01-17,40.92,Tarjeta de Crédito
TRX-99842,SOC-3678,PROD-505,2024-07-12,425.32,Transferencia SPEI
TRX-99843,SOC-3020,PROD-510,2025-06-13,75.0,Transferencia SPEI
TRX-99844,SOC-2933,PROD-508,2025-06-03,219.01,Tarjeta de Crédito
TRX-99845,SOC-2515,PROD-501,2025-05-30,650.0,Tarjeta de Crédito
TRX-99846,SOC-3297,PROD-506,2024-03-26,550.0,Tarjeta de Crédito
TRX-99847,SOC-2392,PROD-512,2026-02-19,31.38,Tarjeta de Crédito
TRX-99848,SOC-2113,PROD-509,2024-07-03,400.0,Transferencia SPEI
TRX-99849,SOC-2790,PROD-502,2026-04-28,1300.0,Tarjeta de Crédito
TRX-99850,SOC-2034,PROD-502,2025-04-01,1300.0,Tarjeta de Crédito
TRX-99851,SOC-3208,PROD-506,2026-01-21,510.92,Transferencia SPEI
TRX-99852,SOC-2119,PROD-511,2025-07-29,50.0,Transferencia SPEI
TRX-99853,SOC-3202,PROD-507,2026-03-05,702.66,Efectivo
TRX-99854,SOC-3136,PROD-505,2024-01-02,480.0,Efectivo
TRX-99855,SOC-3521,PROD-510,2024-07-03,75.0,Transferencia SPEI
TRX-99856,SOC-2801,PROD-508,2024-08-09,250.0,Efectivo
TRX-99857,SOC-3587,PROD-509,2025-03-03,400.0,Tarjeta de Crédito
TRX-99858,SOC-2448,PROD-510,2025-09-01,75.0,Tarjeta de Débito
TRX-99859,SOC-2091,PROD-507,2025-02-04,750.0,Transferencia SPEI
TRX-99860,SOC-2877,PROD-501,2026-03-22,650.0,Tarjeta de Débito
TRX-99861,SOC-2041,PROD-509,2025-10-23,377.78,Efectivo
TRX-99862,SOC-3391,PROD-510,2024-02-24,75.0,Efectivo
TRX-99863,SOC-2853,PROD-511,2025-09-28,50.0,Efectivo
TRX-99864,SOC-3417,PROD-512,2025-08-27,35.0,Efectivo
TRX-99865,SOC-2720,PROD-506,2025-03-17,550.0,Tarjeta de Débito
TRX-99866,SOC-3639,PROD-502,2025-08-22,1300.0,Tarjeta de Débito
TRX-99867,SOC-3587,PROD-502,2024-05-09,1300.0,Transferencia SPEI
TRX-99868,SOC-2135,PROD-507,2024-02-19,750.0,Tarjeta de Crédito
TRX-99869,SOC-3222,PROD-511,2026-02-08,50.0,Efectivo
TRX-99870,SOC-2902,PROD-507,2024-04-04,750.0,Efectivo
TRX-99871,SOC-3520,PROD-505,2025-09-17,480.0,Tarjeta de Crédito
TRX-99872,SOC-2846,PROD-508,2025-06-18,250.0,Efectivo
TRX-99873,SOC-2486,PROD-503,2024-04-05,6999.0,Tarjeta de Débito
TRX-99874,SOC-3155,PROD-512,2024-04-05,35.0,Transferencia SPEI
TRX-99875,SOC-2892,PROD-508,2024-12-06,250.0,Efectivo
TRX-99876,SOC-2572,PROD-504,2026-04-25,950.0,Tarjeta de Crédito
TRX-99877,SOC-3512,PROD-502,2024-12-06,1300.0,Tarjeta de Débito
TRX-99878,SOC-3321,PROD-511,2024-05-15,50.0,Tarjeta de Débito
TRX-99879,SOC-2108,PROD-512,2025-07-05,35.0,Transferencia SPEI
TRX-99880,SOC-2074,PROD-504,2025-08-20,842.01,Tarjeta de Débito
TRX-99881,SOC-3138,PROD-507,2025-03-28,750.0,Transferencia SPEI
TRX-99882,SOC-2967,PROD-506,2024-07-27,550.0,Tarjeta de Débito
TRX-99883,SOC-2154,PROD-506,2024-09-11,550.0,Transferencia SPEI
TRX-99884,SOC-2583,PROD-504,2025-09-04,950.0,Transferencia SPEI
TRX-99885,SOC-2003,PROD-509,2024-04-17,400.0,Transferencia SPEI
TRX-99886,SOC-3118,PROD-501,2026-02-19,650.0,Efectivo
TRX-99887,SOC-2425,PROD-508,2025-07-06,237.42,Efectivo
TRX-99888,SOC-2511,PROD-511,2024-05-26,50.0,Efectivo
TRX-99889,SOC-3030,PROD-503,2024-09-02,6999.0,Efectivo
TRX-99890,SOC-3665,PROD-507,2024-01-10,750.0,Efectivo
TRX-99891,SOC-3182,PROD-508,2024-12-21,250.0,Tarjeta de Débito
TRX-99892,SOC-2234,PROD-507,2025-02-12,710.42,Transferencia SPEI
TRX-99893,SOC-2534,PROD-505,2024-09-29,480.0,Efectivo
TRX-99894,SOC-2575,PROD-504,2026-03-13,950.0,Transferencia SPEI
TRX-99895,SOC-3470,PROD-502,2025-03-20,1300.0,Tarjeta de Crédito
TRX-99896,SOC-2257,PROD-512,2024-06-21,35.0,Transferencia SPEI
TRX-99897,SOC-2271,PROD-507,2024-04-17,682.29,Efectivo
TRX-99898,SOC-2347,PROD-512,2025-01-25,28.79,Tarjeta de Débito
TRX-99899,SOC-3744,PROD-507,2024-12-30,750.0,Tarjeta de Crédito
TRX-99900,SOC-2187,PROD-512,2025-06-27,35.0,Transferencia SPEI
TRX-99901,SOC-3108,PROD-509,2026-04-07,400.0,Tarjeta de Débito
TRX-99902,SOC-3790,PROD-510,2025-08-12,75.0,Tarjeta de Crédito
TRX-99903,SOC-3370,PROD-510,2025-04-05,75.0,Tarjeta de Débito
TRX-99904,SOC-2390,PROD-510,2024-03-05,75.0,Tarjeta de Crédito
TRX-99905,SOC-2478,PROD-509,2024-10-28,400.0,Transferencia SPEI
TRX-99906,SOC-2173,PROD-511,2024-11-07,50.0,Tarjeta de Crédito
TRX-99907,SOC-3499,PROD-512,2024-08-17,35.0,Transferencia SPEI
TRX-99908,SOC-2475,PROD-507,2026-02-28,750.0,Efectivo
TRX-99909,SOC-3271,PROD-501,2025-06-08,650.0,Tarjeta de Débito
TRX-99910,SOC-2457,PROD-512,2025-04-24,35.0,Transferencia SPEI
TRX-99911,SOC-2804,PROD-504,2024-04-17,950.0,Tarjeta de Crédito
TRX-99912,SOC-3340,PROD-505,2024-07-03,480.0,Efectivo
TRX-99913,SOC-2027,PROD-503,2024-10-19,6999.0,Tarjeta de Crédito
TRX-99914,SOC-3316,PROD-508,2025-07-04,250.0,Tarjeta de Débito
TRX-99915,SOC-2322,PROD-504,2024-10-29,950.0,Efectivo
TRX-99916,SOC-2650,PROD-502,2026-03-19,1300.0,Tarjeta de Crédito
TRX-99917,SOC-2229,PROD-507,2025-05-18,750.0,Efectivo
TRX-99918,SOC-3681,PROD-509,2025-09-15,400.0,Efectivo
TRX-99919,SOC-2041,PROD-507,2025-03-13,750.0,Transferencia SPEI
TRX-99920,SOC-3029,PROD-511,2024-06-12,50.0,Tarjeta de Crédito
TRX-99921,SOC-3506,PROD-506,2025-03-07,550.0,Tarjeta de Crédito
TRX-99922,SOC-3548,PROD-510,2024-08-11,75.0,Tarjeta de Débito
TRX-99923,SOC-2514,PROD-512,2025-10-15,35.0,Tarjeta de Débito
TRX-99924,SOC-3479,PROD-505,2025-10-03,480.0,Tarjeta de Crédito
TRX-99925,SOC-3177,PROD-509,2025-02-12,400.0,Tarjeta de Crédito
TRX-99926,SOC-3529,PROD-505,2025-01-21,480.0,Transferencia SPEI
TRX-99927,SOC-3235,PROD-501,2025-06-19,592.39,Transferencia SPEI
TRX-99928,SOC-2090,PROD-503,2025-09-11,6999.0,Tarjeta de Débito
TRX-99929,SOC-2462,PROD-503,2025-12-04,6999.0,Tarjeta de Crédito
TRX-99930,SOC-3774,PROD-502,2024-12-18,1300.0,Tarjeta de Crédito
TRX-99931,SOC-2046,PROD-508,2024-01-18,250.0,Efectivo
TRX-99932,SOC-3266,PROD-501,2026-03-26,650.0,Transferencia SPEI
TRX-99933,SOC-3058,PROD-507,2024-01-24,705.51,Tarjeta de Crédito
TRX-99934,SOC-2489,PROD-505,2026-04-08,480.0,Tarjeta de Crédito
TRX-99935,SOC-3242,PROD-509,2024-06-01,400.0,Tarjeta de Débito
TRX-99936,SOC-2711,PROD-505,2026-02-10,440.97,Transferencia SPEI
TRX-99937,SOC-3148,PROD-509,2024-04-20,400.0,Transferencia SPEI
TRX-99938,SOC-3542,PROD-512,2024-11-10,31.41,Transferencia SPEI
TRX-99939,SOC-3645,PROD-505,2024-08-15,480.0,Tarjeta de Crédito
TRX-99940,SOC-2094,PROD-504,2025-09-01,950.0,Efectivo
TRX-99941,SOC-3332,PROD-512,2026-04-01,30.58,Transferencia SPEI
TRX-99942,SOC-2915,PROD-506,2024-12-08,458.37,Tarjeta de Crédito
TRX-99943,SOC-3536,PROD-506,2025-05-10,550.0,Transferencia SPEI
TRX-99944,SOC-3461,PROD-501,2025-10-29,650.0,Transferencia SPEI
TRX-99945,SOC-2428,PROD-504,2025-02-02,876.74,Tarjeta de Débito
TRX-99946,SOC-2967,PROD-505,2024-03-27,480.0,Efectivo
TRX-99947,SOC-3702,PROD-507,2026-01-22,750.0,Tarjeta de Débito
TRX-99948,SOC-2895,PROD-507,2025-12-26,681.53,Tarjeta de Crédito
TRX-99949,SOC-3433,PROD-505,2025-10-30,480.0,Tarjeta de Débito
TRX-99950,SOC-3118,PROD-506,2024-03-17,550.0,Tarjeta de Crédito
TRX-99951,SOC-3425,PROD-508,2025-11-28,250.0,Transferencia SPEI
TRX-99952,SOC-2971,PROD-504,2024-03-02,950.0,Efectivo
TRX-99953,SOC-2534,PROD-507,2024-01-31,637.16,Efectivo
TRX-99954,SOC-3220,PROD-507,2024-11-09,630.86,Efectivo
TRX-99955,SOC-3691,PROD-512,2025-08-25,35.0,Transferencia SPEI
TRX-99956,SOC-3386,PROD-509,2026-03-20,400.0,Tarjeta de Débito
TRX-99957,SOC-3230,PROD-511,2025-03-12,50.0,Transferencia SPEI
TRX-99958,SOC-3066,PROD-504,2025-10-02,950.0,Transferencia SPEI
TRX-99959,SOC-2979,PROD-508,2025-01-26,250.0,Efectivo
TRX-99960,SOC-2275,PROD-504,2024-10-31,950.0,Transferencia SPEI
TRX-99961,SOC-3561,PROD-502,2024-10-16,1300.0,Tarjeta de Crédito
TRX-99962,SOC-2926,PROD-505,2025-11-05,480.0,Tarjeta de Crédito
TRX-99963,SOC-3089,PROD-511,2026-03-11,50.0,Tarjeta de Débito
TRX-99964,SOC-3634,PROD-511,2026-03-01,50.0,Tarjeta de Débito
TRX-99965,SOC-2371,PROD-510,2024-08-16,75.0,Transferencia SPEI
TRX-99966,SOC-2981,PROD-506,2025-02-01,550.0,Tarjeta de Débito
TRX-99967,SOC-3560,PROD-505,2024-12-15,480.0,Tarjeta de Débito
TRX-99968,SOC-2029,PROD-504,2026-03-08,950.0,Tarjeta de Crédito
TRX-99969,SOC-3240,PROD-508,2025-01-04,250.0,Tarjeta de Débito
TRX-99970,SOC-2486,PROD-507,2025-11-03,750.0,Tarjeta de Crédito
TRX-99971,SOC-2372,PROD-511,2024-02-20,50.0,Tarjeta de Débito
TRX-99972,SOC-2898,PROD-501,2024-12-05,650.0,Tarjeta de Débito
TRX-99973,SOC-3014,PROD-507,2025-01-01,750.0,Tarjeta de Crédito
TRX-99974,SOC-3250,PROD-511,2026-02-24,50.0,Efectivo
TRX-99975,SOC-2140,PROD-509,2026-01-16,400.0,Transferencia SPEI
TRX-99976,SOC-3583,PROD-512,2025-09-13,35.0,Transferencia SPEI
TRX-99977,SOC-2128,PROD-505,2024-09-02,480.0,Tarjeta de Débito
TRX-99978,SOC-3481,PROD-503,2025-06-15,6999.0,Tarjeta de Débito
TRX-99979,SOC-3576,PROD-512,2025-06-14,35.0,Tarjeta de Débito
TRX-99980,SOC-2461,PROD-501,2024-05-14,650.0,Transferencia SPEI
TRX-99981,SOC-3469,PROD-504,2025-07-16,950.0,Tarjeta de Débito
TRX-99982,SOC-3788,PROD-503,2026-04-02,6999.0,Tarjeta de Crédito
TRX-99983,SOC-3261,PROD-505,2026-04-19,480.0,Efectivo
TRX-99984,SOC-2618,PROD-512,2025-03-10,35.0,Transferencia SPEI
TRX-99985,SOC-3439,PROD-512,2025-10-04,35.0,Efectivo
TRX-99986,SOC-3105,PROD-512,2025-04-07,35.0,Tarjeta de Débito
TRX-99987,SOC-3346,PROD-503,2025-05-14,6999.0,Transferencia SPEI
TRX-99988,SOC-3650,PROD-508,2024-04-16,220.8,Transferencia SPEI
TRX-99989,SOC-2397,PROD-508,2026-03-11,250.0,Efectivo
TRX-99990,SOC-2700,PROD-507,2024-05-05,750.0,Transferencia SPEI
TRX-99991,SOC-2322,PROD-502,2026-01-28,1300.0,Transferencia SPEI
TRX-99992,SOC-2971,PROD-502,2024-08-28,1300.0,Transferencia SPEI
TRX-99993,SOC-2405,PROD-502,2024-10-25,1110.24,Tarjeta de Crédito
TRX-99994,SOC-2155,PROD-510,2025-12-08,75.0,Transferencia SPEI
TRX-99995,SOC-2871,PROD-507,2026-03-04,750.0,Transferencia SPEI
TRX-99996,SOC-2348,PROD-505,2026-02-03,480.0,Transferencia SPEI
TRX-99997,SOC-3265,PROD-512,2025-07-12,35.0,Transferencia SPEI
TRX-99998,SOC-2983,PROD-507,2024-06-25,750.0,Efectivo
TRX-99999,SOC-3029,PROD-503,2024-07-03,6999.0,Tarjeta de Crédito
TRX-100000,SOC-2258,PROD-505,2025-05-20,480.0,Transferencia SPEI
TRX-100001,SOC-2902,PROD-501,2025-12-04,650.0,Transferencia SPEI
TRX-100002,SOC-3725,PROD-508,2024-04-04,250.0,Tarjeta de Débito
TRX-100003,SOC-2943,PROD-510,2024-05-24,75.0,Tarjeta de Débito
TRX-100004,SOC-3417,PROD-503,2024-07-15,6999.0,Tarjeta de Crédito
TRX-100005,SOC-3224,PROD-509,2024-02-26,400.0,Efectivo
TRX-100006,SOC-3608,PROD-510,2024-07-12,75.0,Efectivo
TRX-100007,SOC-2457,PROD-508,2024-09-01,250.0,Tarjeta de Débito
TRX-100008,SOC-2264,PROD-505,2025-05-04,480.0,Efectivo
TRX-100009,SOC-2135,PROD-506,2024-11-18,550.0,Tarjeta de Crédito
TRX-100010,SOC-3757,PROD-503,2024-03-08,6999.0,Tarjeta de Débito
TRX-100011,SOC-2173,PROD-508,2024-04-04,250.0,Efectivo
TRX-100012,SOC-2924,PROD-501,2025-03-21,650.0,Transferencia SPEI
TRX-100013,SOC-3367,PROD-510,2024-07-21,75.0,Efectivo
TRX-100014,SOC-2430,PROD-502,2026-03-23,1300.0,Tarjeta de Débito
TRX-100015,SOC-2641,PROD-504,2025-07-20,950.0,Transferencia SPEI
TRX-100016,SOC-2607,PROD-503,2024-12-23,6999.0,Efectivo
TRX-100017,SOC-3752,PROD-504,2025-01-04,950.0,Tarjeta de Crédito
TRX-100018,SOC-3670,PROD-512,2024-03-31,32.41,Tarjeta de Débito
TRX-100019,SOC-3430,PROD-507,2025-04-06,750.0,Efectivo
TRX-100020,SOC-2599,PROD-510,2025-08-25,75.0,Tarjeta de Débito
TRX-100021,SOC-3739,PROD-510,2026-02-20,75.0,Transferencia SPEI
TRX-100022,SOC-2966,PROD-501,2024-08-26,539.04,Efectivo
TRX-100023,SOC-2739,PROD-507,2025-06-29,750.0,Tarjeta de Crédito
TRX-100024,SOC-2758,PROD-509,2024-07-19,400.0,Efectivo
TRX-100025,SOC-2545,PROD-504,2024-12-03,950.0,Transferencia SPEI
TRX-100026,SOC-3648,PROD-504,2026-03-15,950.0,Transferencia SPEI
TRX-100027,SOC-3262,PROD-509,2025-06-11,400.0,Tarjeta de Crédito
TRX-100028,SOC-2895,PROD-509,2025-03-19,400.0,Tarjeta de Débito
TRX-100029,SOC-3371,PROD-505,2026-01-06,480.0,Efectivo
TRX-100030,SOC-2063,PROD-511,2025-02-17,50.0,Tarjeta de Crédito
TRX-100031,SOC-3540,PROD-503,2026-03-13,6999.0,Transferencia SPEI
TRX-100032,SOC-3560,PROD-504,2025-08-01,898.64,Efectivo
TRX-100033,SOC-2563,PROD-503,2025-08-17,6999.0,Tarjeta de Crédito
TRX-100034,SOC-3549,PROD-502,2024-04-01,1300.0,Tarjeta de Crédito
TRX-100035,SOC-2546,PROD-508,2024-09-25,250.0,Tarjeta de Débito
TRX-100036,SOC-2103,PROD-507,2025-09-08,750.0,Tarjeta de Crédito
TRX-100037,SOC-2123,PROD-510,2025-08-15,75.0,Transferencia SPEI
TRX-100038,SOC-2276,PROD-502,2024-04-06,1231.39,Tarjeta de Crédito
TRX-100039,SOC-3482,PROD-510,2025-09-21,75.0,Efectivo
TRX-100040,SOC-2215,PROD-506,2024-01-03,550.0,Tarjeta de Débito
TRX-100041,SOC-3274,PROD-506,2024-11-01,550.0,Transferencia SPEI
TRX-100042,SOC-2162,PROD-507,2025-07-26,750.0,Efectivo
TRX-100043,SOC-3481,PROD-511,2025-02-01,50.0,Tarjeta de Crédito
TRX-100044,SOC-2079,PROD-505,2026-01-14,480.0,Efectivo
TRX-100045,SOC-2013,PROD-506,2025-11-29,550.0,Tarjeta de Débito
TRX-100046,SOC-3783,PROD-507,2025-06-17,622.0699999999999,Tarjeta de Crédito
TRX-100047,SOC-2243,PROD-505,2024-08-04,480.0,Transferencia SPEI
TRX-100048,SOC-2002,PROD-506,2025-05-20,550.0,Tarjeta de Crédito
TRX-100049,SOC-2210,PROD-512,2024-04-20,28.07,Tarjeta de Débito
TRX-100050,SOC-3177,PROD-506,2025-09-26,550.0,Tarjeta de Crédito
TRX-100051,SOC-3184,PROD-502,2026-02-15,1300.0,Efectivo
TRX-100052,SOC-3222,PROD-507,2025-09-28,750.0,Efectivo
TRX-100053,SOC-3234,PROD-502,2024-08-28,1300.0,Efectivo
TRX-100054,SOC-3004,PROD-511,2025-03-02,50.0,Tarjeta de Crédito
TRX-100055,SOC-2038,PROD-506,2025-08-10,550.0,Tarjeta de Crédito
TRX-100056,SOC-3611,PROD-507,2024-01-26,750.0,Efectivo
TRX-100057,SOC-3799,PROD-502,2025-03-06,1300.0,Efectivo
TRX-100058,SOC-2220,PROD-502,2024-12-14,1300.0,Tarjeta de Crédito
TRX-100059,SOC-3520,PROD-507,2024-01-19,750.0,Tarjeta de Débito
TRX-100060,SOC-2431,PROD-510,2024-11-02,75.0,Tarjeta de Crédito
TRX-100061,SOC-3342,PROD-505,2025-09-14,480.0,Tarjeta de Crédito
TRX-100062,SOC-2121,PROD-501,2025-08-20,650.0,Efectivo
TRX-100063,SOC-2762,PROD-504,2024-12-08,950.0,Efectivo
TRX-100064,SOC-2735,PROD-504,2024-07-02,950.0,Tarjeta de Débito
TRX-100065,SOC-2885,PROD-512,2024-06-25,35.0,Efectivo
TRX-100066,SOC-3770,PROD-505,2025-09-02,480.0,Tarjeta de Débito
TRX-100067,SOC-2844,PROD-505,2025-07-18,480.0,Tarjeta de Débito
TRX-100068,SOC-2661,PROD-506,2024-04-09,550.0,Tarjeta de Crédito
TRX-100069,SOC-2334,PROD-512,2024-10-16,31.5,Transferencia SPEI
TRX-100070,SOC-3550,PROD-511,2026-03-11,50.0,Efectivo
TRX-100071,SOC-3312,PROD-510,2024-07-28,75.0,Efectivo
TRX-100072,SOC-3284,PROD-501,2024-08-28,650.0,Efectivo
TRX-100073,SOC-3421,PROD-507,2026-04-13,750.0,Transferencia SPEI
TRX-100074,SOC-2903,PROD-511,2024-01-28,50.0,Tarjeta de Débito
TRX-100075,SOC-2318,PROD-502,2025-06-03,1300.0,Tarjeta de Débito
TRX-100076,SOC-3386,PROD-509,2025-01-22,400.0,Efectivo
TRX-100077,SOC-2535,PROD-512,2024-07-12,35.0,Tarjeta de Crédito
TRX-100078,SOC-3209,PROD-501,2024-02-03,650.0,Tarjeta de Crédito
TRX-100079,SOC-2669,PROD-509,2026-04-28,400.0,Transferencia SPEI
TRX-100080,SOC-3053,PROD-504,2025-09-15,950.0,Efectivo
TRX-100081,SOC-2393,PROD-508,2024-01-25,250.0,Transferencia SPEI
TRX-100082,SOC-2423,PROD-502,2024-06-06,1046.4,Transferencia SPEI
TRX-100083,SOC-3161,PROD-511,2025-12-05,50.0,Tarjeta de Débito
TRX-100084,SOC-2421,PROD-512,2024-03-04,35.0,Transferencia SPEI
TRX-100085,SOC-3129,PROD-502,2026-04-03,1300.0,Efectivo
TRX-100086,SOC-3481,PROD-510,2024-12-23,75.0,Efectivo
TRX-100087,SOC-2561,PROD-501,2024-11-23,610.49,Efectivo
TRX-100088,SOC-2498,PROD-512,2025-12-27,35.0,Transferencia SPEI
TRX-100089,SOC-3800,PROD-501,2024-01-03,590.58,Tarjeta de Débito
TRX-100090,SOC-2624,PROD-512,2025-11-03,28.79,Tarjeta de Crédito
TRX-100091,SOC-3397,PROD-504,2025-11-12,950.0,Efectivo
TRX-100092,SOC-2018,PROD-512,2025-08-19,35.0,Tarjeta de Débito
TRX-100093,SOC-2339,PROD-506,2024-11-30,550.0,Transferencia SPEI
TRX-100094,SOC-2300,PROD-506,2025-01-04,550.0,Tarjeta de Débito
TRX-100095,SOC-2551,PROD-502,2024-06-08,1300.0,Transferencia SPEI
TRX-100096,SOC-2126,PROD-502,2024-02-29,1300.0,Tarjeta de Crédito
TRX-100097,SOC-2249,PROD-506,2024-05-29,550.0,Efectivo
TRX-100098,SOC-3017,PROD-507,2024-04-22,612.96,Tarjeta de Débito
TRX-100099,SOC-3055,PROD-504,2024-06-10,950.0,Efectivo
TRX-100100,SOC-3227,PROD-507,2026-02-06,750.0,Tarjeta de Crédito
TRX-100101,SOC-3387,PROD-507,2026-04-12,698.61,Transferencia SPEI
TRX-100102,SOC-3463,PROD-510,2024-11-01,75.0,Efectivo
TRX-100103,SOC-2004,PROD-502,2024-03-06,1300.0,Tarjeta de Crédito
TRX-100104,SOC-2450,PROD-512,2024-01-24,30.86,Transferencia SPEI
TRX-100105,SOC-2691,PROD-506,2025-10-02,550.0,Transferencia SPEI
TRX-100106,SOC-2504,PROD-503,2024-08-14,6999.0,Tarjeta de Crédito
TRX-100107,SOC-2796,PROD-509,2024-11-10,365.55,Tarjeta de Débito
TRX-100108,SOC-2806,PROD-503,2024-06-28,6999.0,Efectivo
TRX-100109,SOC-3536,PROD-508,2024-09-27,250.0,Efectivo
TRX-100110,SOC-2643,PROD-504,2025-06-08,950.0,Efectivo
TRX-100111,SOC-2702,PROD-512,2025-09-20,35.0,Tarjeta de Débito
TRX-100112,SOC-2332,PROD-509,2025-10-18,347.4,Transferencia SPEI
TRX-100113,SOC-2313,PROD-506,2025-04-01,550.0,Efectivo
TRX-100114,SOC-2054,PROD-512,2025-05-28,35.0,Transferencia SPEI
TRX-100115,SOC-2588,PROD-502,2024-02-21,1300.0,Tarjeta de Débito
TRX-100116,SOC-3194,PROD-502,2024-12-24,1300.0,Efectivo
TRX-100117,SOC-2765,PROD-506,2024-12-10,496.76,Tarjeta de Débito
TRX-100118,SOC-3471,PROD-506,2024-06-20,550.0,Tarjeta de Débito
TRX-100119,SOC-2506,PROD-511,2024-11-21,46.78,Tarjeta de Crédito
TRX-100120,SOC-2263,PROD-509,2024-11-08,333.39,Transferencia SPEI
TRX-100121,SOC-3318,PROD-511,2024-06-24,50.0,Efectivo
TRX-100122,SOC-3359,PROD-503,2024-01-24,6999.0,Efectivo
TRX-100123,SOC-3318,PROD-508,2024-06-25,250.0,Efectivo
TRX-100124,SOC-3339,PROD-511,2024-09-06,50.0,Tarjeta de Crédito
TRX-100125,SOC-2068,PROD-505,2025-10-02,480.0,Transferencia SPEI
TRX-100126,SOC-3057,PROD-502,2024-09-07,1164.23,Transferencia SPEI
TRX-100127,SOC-2281,PROD-512,2025-01-16,35.0,Tarjeta de Crédito
TRX-100128,SOC-2124,PROD-503,2024-10-14,6999.0,Tarjeta de Crédito
TRX-100129,SOC-2033,PROD-501,2024-04-28,611.07,Transferencia SPEI
TRX-100130,SOC-2620,PROD-505,2024-07-08,438.12,Transferencia SPEI
TRX-100131,SOC-3029,PROD-511,2025-11-24,41.14,Tarjeta de Débito
TRX-100132,SOC-3360,PROD-510,2024-05-21,75.0,Transferencia SPEI
TRX-100133,SOC-2972,PROD-501,2025-11-07,612.33,Tarjeta de Débito
TRX-100134,SOC-3154,PROD-508,2025-02-13,250.0,Transferencia SPEI
TRX-100135,SOC-3255,PROD-510,2026-01-23,75.0,Transferencia SPEI
TRX-100136,SOC-3426,PROD-503,2024-12-25,6999.0,Transferencia SPEI
TRX-100137,SOC-3328,PROD-505,2024-03-20,430.97,Transferencia SPEI
TRX-100138,SOC-3416,PROD-507,2026-03-16,750.0,Transferencia SPEI
TRX-100139,SOC-2926,PROD-503,2025-12-18,6999.0,Transferencia SPEI
TRX-100140,SOC-2390,PROD-504,2025-08-01,950.0,Efectivo
TRX-100141,SOC-2083,PROD-508,2024-04-25,250.0,Tarjeta de Débito
TRX-100142,SOC-3023,PROD-506,2024-02-18,550.0,Tarjeta de Débito
TRX-100143,SOC-3301,PROD-503,2024-05-11,6579.71,Transferencia SPEI
TRX-100144,SOC-3669,PROD-501,2026-01-19,650.0,Tarjeta de Crédito
TRX-100145,SOC-3433,PROD-506,2025-08-06,550.0,Tarjeta de Crédito
TRX-100146,SOC-3330,PROD-512,2024-05-21,35.0,Efectivo
TRX-100147,SOC-3656,PROD-505,2024-08-25,480.0,Transferencia SPEI
TRX-100148,SOC-2153,PROD-507,2025-02-19,750.0,Transferencia SPEI
TRX-100149,SOC-2630,PROD-511,2024-11-10,50.0,Transferencia SPEI
TRX-100150,SOC-3193,PROD-508,2024-02-10,250.0,Efectivo
TRX-100151,SOC-3237,PROD-509,2026-04-06,400.0,Tarjeta de Débito
TRX-100152,SOC-2140,PROD-502,2024-04-30,1300.0,Transferencia SPEI
TRX-100153,SOC-2263,PROD-504,2025-08-19,874.39,Efectivo
TRX-100154,SOC-2660,PROD-511,2025-01-12,50.0,Transferencia SPEI
TRX-100155,SOC-2022,PROD-503,2025-02-15,6999.0,Tarjeta de Crédito
TRX-100156,SOC-2826,PROD-503,2026-01-11,6999.0,Tarjeta de Débito
TRX-100157,SOC-3633,PROD-509,2025-07-04,400.0,Tarjeta de Débito
TRX-100158,SOC-3457,PROD-507,2026-01-28,750.0,Tarjeta de Crédito
TRX-100159,SOC-2914,PROD-502,2026-04-11,1300.0,Transferencia SPEI
TRX-100160,SOC-2710,PROD-501,2025-06-15,650.0,Tarjeta de Débito
TRX-100161,SOC-3324,PROD-512,2025-04-15,35.0,Efectivo
TRX-100162,SOC-3678,PROD-508,2025-06-25,250.0,Tarjeta de Débito
TRX-100163,SOC-2572,PROD-501,2024-03-02,650.0,Transferencia SPEI
TRX-100164,SOC-3691,PROD-505,2026-03-03,480.0,Tarjeta de Débito
TRX-100165,SOC-2349,PROD-505,2024-11-10,480.0,Transferencia SPEI
TRX-100166,SOC-3245,PROD-504,2025-02-19,950.0,Efectivo
TRX-100167,SOC-2587,PROD-505,2025-07-05,480.0,Transferencia SPEI
TRX-100168,SOC-2240,PROD-502,2025-07-05,1300.0,Transferencia SPEI
TRX-100169,SOC-2139,PROD-509,2024-06-21,400.0,Transferencia SPEI
TRX-100170,SOC-3321,PROD-504,2024-10-29,950.0,Transferencia SPEI
TRX-100171,SOC-2591,PROD-510,2025-03-03,75.0,Tarjeta de Débito
TRX-100172,SOC-2768,PROD-512,2024-05-08,35.0,Tarjeta de Crédito
TRX-100173,SOC-3417,PROD-504,2025-10-19,950.0,Efectivo
TRX-100174,SOC-3312,PROD-509,2026-04-29,400.0,Efectivo
TRX-100175,SOC-2651,PROD-507,2025-05-22,750.0,Tarjeta de Débito
TRX-100176,SOC-2248,PROD-504,2026-03-21,950.0,Tarjeta de Débito
TRX-100177,SOC-2704,PROD-511,2025-03-24,50.0,Efectivo
TRX-100178,SOC-3483,PROD-508,2025-09-07,250.0,Efectivo
TRX-100179,SOC-2976,PROD-508,2025-10-19,225.92000000000002,Tarjeta de Débito
TRX-100180,SOC-2691,PROD-504,2024-01-28,950.0,Efectivo
TRX-100181,SOC-2994,PROD-504,2024-04-16,950.0,Tarjeta de Débito
TRX-100182,SOC-2214,PROD-503,2025-04-27,6999.0,Tarjeta de Débito
TRX-100183,SOC-3204,PROD-503,2024-04-21,6999.0,Tarjeta de Débito
TRX-100184,SOC-2783,PROD-508,2025-12-08,235.54,Tarjeta de Débito
TRX-100185,SOC-2701,PROD-511,2025-10-03,50.0,Efectivo
TRX-100186,SOC-3021,PROD-508,2024-10-22,250.0,Tarjeta de Débito
TRX-100187,SOC-2883,PROD-506,2024-06-08,550.0,Transferencia SPEI
TRX-100188,SOC-2631,PROD-503,2026-02-16,6999.0,Tarjeta de Débito
TRX-100189,SOC-2443,PROD-508,2024-11-11,250.0,Tarjeta de Crédito
TRX-100190,SOC-3602,PROD-503,2024-01-25,6999.0,Efectivo
TRX-100191,SOC-2564,PROD-502,2024-01-04,1300.0,Transferencia SPEI
TRX-100192,SOC-2086,PROD-508,2024-06-14,250.0,Tarjeta de Crédito
TRX-100193,SOC-3463,PROD-501,2026-04-28,650.0,Efectivo
TRX-100194,SOC-3484,PROD-505,2025-06-09,480.0,Efectivo
TRX-100195,SOC-3276,PROD-507,2025-04-07,750.0,Transferencia SPEI
TRX-100196,SOC-2349,PROD-506,2024-02-04,502.81,Tarjeta de Crédito
TRX-100197,SOC-2241,PROD-512,2025-08-09,35.0,Tarjeta de Crédito
TRX-100198,SOC-3617,PROD-503,2024-03-01,6999.0,Efectivo
TRX-100199,SOC-2866,PROD-512,2024-12-21,28.56,Transferencia SPEI
TRX-100200,SOC-3287,PROD-502,2025-11-20,1300.0,Tarjeta de Débito
TRX-100201,SOC-3108,PROD-509,2024-09-16,400.0,Tarjeta de Débito
TRX-100202,SOC-2260,PROD-504,2025-02-10,950.0,Tarjeta de Débito
TRX-100203,SOC-2148,PROD-502,2026-01-30,1228.52,Tarjeta de Crédito
TRX-100204,SOC-2068,PROD-509,2025-08-06,400.0,Transferencia SPEI
TRX-100205,SOC-3530,PROD-501,2024-10-31,540.53,Tarjeta de Crédito
TRX-100206,SOC-2502,PROD-503,2024-04-08,6999.0,Efectivo
TRX-100207,SOC-3427,PROD-508,2024-11-18,223.39,Tarjeta de Crédito
TRX-100208,SOC-3181,PROD-507,2024-01-29,750.0,Transferencia SPEI
TRX-100209,SOC-2725,PROD-504,2024-03-23,950.0,Tarjeta de Crédito
TRX-100210,SOC-2554,PROD-503,2024-07-02,5781.02,Tarjeta de Débito
TRX-100211,SOC-2445,PROD-502,2026-03-19,1300.0,Transferencia SPEI
TRX-100212,SOC-2937,PROD-503,2024-06-18,6159.0,Tarjeta de Débito
TRX-100213,SOC-3038,PROD-510,2024-07-16,75.0,Transferencia SPEI
TRX-100214,SOC-2601,PROD-503,2025-07-07,6999.0,Efectivo
TRX-100215,SOC-2169,PROD-508,2026-03-03,250.0,Transferencia SPEI
TRX-100216,SOC-3368,PROD-509,2025-04-06,400.0,Efectivo
TRX-100217,SOC-2242,PROD-502,2024-03-06,1300.0,Efectivo
TRX-100218,SOC-3338,PROD-506,2024-06-25,550.0,Tarjeta de Crédito
TRX-100219,SOC-2426,PROD-509,2024-08-15,400.0,Tarjeta de Crédito
TRX-100220,SOC-2303,PROD-504,2025-04-21,950.0,Efectivo
TRX-100221,SOC-2553,PROD-505,2026-03-25,480.0,Efectivo
TRX-100222,SOC-2815,PROD-511,2024-09-04,50.0,Tarjeta de Débito
TRX-100223,SOC-2571,PROD-509,2025-11-28,400.0,Tarjeta de Débito
TRX-100224,SOC-2840,PROD-501,2024-10-12,650.0,Tarjeta de Crédito
TRX-100225,SOC-2857,PROD-502,2025-02-09,1300.0,Tarjeta de Débito
TRX-100226,SOC-2666,PROD-511,2024-11-14,43.11,Tarjeta de Crédito
TRX-100227,SOC-3349,PROD-510,2025-08-07,75.0,Tarjeta de Crédito
TRX-100228,SOC-2248,PROD-505,2025-11-17,480.0,Transferencia SPEI
TRX-100229,SOC-3255,PROD-512,2026-02-15,30.759999999999998,Transferencia SPEI
TRX-100230,SOC-2150,PROD-501,2024-06-01,650.0,Transferencia SPEI
TRX-100231,SOC-3356,PROD-511,2025-10-26,50.0,Tarjeta de Débito
TRX-100232,SOC-2602,PROD-502,2025-08-24,1300.0,Tarjeta de Débito
TRX-100233,SOC-2407,PROD-508,2025-04-21,250.0,Tarjeta de Crédito
TRX-100234,SOC-3266,PROD-511,2025-02-28,50.0,Efectivo
TRX-100235,SOC-2677,PROD-501,2024-07-29,650.0,Tarjeta de Crédito
TRX-100236,SOC-2487,PROD-508,2026-04-17,250.0,Tarjeta de Débito
TRX-100237,SOC-2814,PROD-511,2024-10-01,50.0,Transferencia SPEI
TRX-100238,SOC-2020,PROD-505,2025-07-04,480.0,Tarjeta de Débito
TRX-100239,SOC-3787,PROD-502,2024-03-28,1300.0,Efectivo
TRX-100240,SOC-2829,PROD-506,2026-02-09,550.0,Tarjeta de Crédito
TRX-100241,SOC-2361,PROD-503,2025-11-20,6999.0,Efectivo
TRX-100242,SOC-3558,PROD-502,2024-03-19,1300.0,Tarjeta de Débito
TRX-100243,SOC-2234,PROD-503,2024-12-21,6999.0,Tarjeta de Crédito
TRX-100244,SOC-3396,PROD-508,2024-07-01,250.0,Efectivo
TRX-100245,SOC-2831,PROD-510,2024-10-25,75.0,Tarjeta de Crédito
TRX-100246,SOC-2268,PROD-510,2024-05-25,75.0,Tarjeta de Crédito
TRX-100247,SOC-3119,PROD-505,2024-03-13,480.0,Tarjeta de Débito
TRX-100248,SOC-3620,PROD-508,2025-02-03,222.3,Transferencia SPEI
TRX-100249,SOC-2332,PROD-503,2025-11-16,6999.0,Tarjeta de Débito
TRX-100250,SOC-3722,PROD-509,2026-04-17,400.0,Tarjeta de Crédito
TRX-100251,SOC-2893,PROD-507,2024-01-15,750.0,Tarjeta de Crédito
TRX-100252,SOC-2482,PROD-511,2024-10-16,45.99,Tarjeta de Crédito
TRX-100253,SOC-2967,PROD-509,2024-08-11,400.0,Efectivo
TRX-100254,SOC-2721,PROD-511,2025-08-13,50.0,Transferencia SPEI
TRX-100255,SOC-2850,PROD-509,2025-02-19,400.0,Efectivo
TRX-100256,SOC-3111,PROD-501,2025-05-07,650.0,Transferencia SPEI
TRX-100257,SOC-2688,PROD-504,2024-02-22,875.94,Tarjeta de Crédito
TRX-100258,SOC-2993,PROD-506,2024-01-14,550.0,Transferencia SPEI
TRX-100259,SOC-3350,PROD-501,2024-10-14,650.0,Efectivo
TRX-100260,SOC-3268,PROD-503,2025-07-27,5709.66,Transferencia SPEI
TRX-100261,SOC-3642,PROD-502,2024-09-28,1213.27,Transferencia SPEI
TRX-100262,SOC-2592,PROD-508,2026-04-23,250.0,Tarjeta de Crédito
TRX-100263,SOC-3186,PROD-503,2025-10-08,6221.09,Tarjeta de Débito
TRX-100264,SOC-3791,PROD-510,2024-12-01,75.0,Transferencia SPEI
TRX-100265,SOC-3686,PROD-507,2026-01-29,750.0,Tarjeta de Crédito
TRX-100266,SOC-3493,PROD-512,2026-02-18,35.0,Transferencia SPEI
TRX-100267,SOC-3498,PROD-510,2025-06-07,75.0,Tarjeta de Débito
TRX-100268,SOC-2061,PROD-511,2025-04-27,50.0,Efectivo
TRX-100269,SOC-3602,PROD-510,2026-04-28,75.0,Efectivo
TRX-100270,SOC-3292,PROD-511,2025-03-02,50.0,Efectivo
TRX-100271,SOC-3208,PROD-509,2026-04-18,400.0,Efectivo
TRX-100272,SOC-2539,PROD-501,2025-10-01,650.0,Transferencia SPEI
TRX-100273,SOC-3482,PROD-503,2025-03-24,6366.97,Tarjeta de Débito
TRX-100274,SOC-2675,PROD-503,2024-07-09,6999.0,Tarjeta de Débito
TRX-100275,SOC-2279,PROD-507,2025-05-15,750.0,Tarjeta de Crédito
TRX-100276,SOC-3413,PROD-512,2025-12-28,35.0,Tarjeta de Crédito
TRX-100277,SOC-2380,PROD-503,2024-04-14,6999.0,Tarjeta de Débito
TRX-100278,SOC-2488,PROD-503,2024-11-23,6547.91,Tarjeta de Crédito
TRX-100279,SOC-3592,PROD-503,2025-08-03,6999.0,Transferencia SPEI
TRX-100280,SOC-2520,PROD-506,2024-04-08,467.63,Tarjeta de Débito
TRX-100281,SOC-3669,PROD-512,2026-03-10,35.0,Transferencia SPEI
TRX-100282,SOC-2009,PROD-509,2025-02-12,400.0,Tarjeta de Débito
TRX-100283,SOC-3707,PROD-510,2026-03-13,75.0,Efectivo
TRX-100284,SOC-2461,PROD-504,2025-08-18,950.0,Efectivo
TRX-100285,SOC-3507,PROD-506,2026-04-27,550.0,Tarjeta de Crédito
TRX-100286,SOC-3314,PROD-510,2025-02-19,75.0,Tarjeta de Débito
TRX-100287,SOC-2981,PROD-502,2025-11-27,1218.29,Tarjeta de Crédito
TRX-100288,SOC-3349,PROD-501,2025-04-09,650.0,Efectivo
TRX-100289,SOC-3194,PROD-512,2024-03-30,35.0,Transferencia SPEI
TRX-100290,SOC-2676,PROD-506,2024-02-25,550.0,Tarjeta de Crédito
TRX-100291,SOC-2887,PROD-510,2025-12-12,75.0,Tarjeta de Débito
TRX-100292,SOC-3614,PROD-502,2025-01-22,1300.0,Transferencia SPEI
TRX-100293,SOC-3329,PROD-506,2024-12-29,550.0,Efectivo
TRX-100294,SOC-3223,PROD-507,2026-04-24,750.0,Transferencia SPEI
TRX-100295,SOC-2832,PROD-501,2026-01-28,650.0,Tarjeta de Crédito
TRX-100296,SOC-2775,PROD-505,2024-11-09,480.0,Tarjeta de Débito
TRX-100297,SOC-3406,PROD-502,2024-10-23,1300.0,Efectivo
TRX-100298,SOC-3512,PROD-505,2024-07-20,480.0,Tarjeta de Débito
TRX-100299,SOC-2318,PROD-505,2025-09-13,425.9,Transferencia SPEI
TRX-100300,SOC-2405,PROD-502,2025-05-24,1300.0,Tarjeta de Débito
TRX-100301,SOC-3451,PROD-505,2024-05-31,480.0,Efectivo
TRX-100302,SOC-3757,PROD-503,2025-11-27,6999.0,Efectivo
TRX-100303,SOC-3660,PROD-512,2026-03-24,35.0,Transferencia SPEI
TRX-100304,SOC-2393,PROD-509,2024-04-04,400.0,Efectivo
TRX-100305,SOC-2477,PROD-505,2025-03-30,480.0,Transferencia SPEI
TRX-100306,SOC-2670,PROD-502,2024-02-02,1300.0,Tarjeta de Débito
TRX-100307,SOC-3107,PROD-504,2026-01-16,950.0,Efectivo
TRX-100308,SOC-3037,PROD-512,2024-07-29,35.0,Transferencia SPEI
TRX-100309,SOC-2208,PROD-501,2024-11-01,650.0,Tarjeta de Débito
TRX-100310,SOC-2180,PROD-504,2024-11-21,950.0,Tarjeta de Crédito
TRX-100311,SOC-3377,PROD-512,2024-10-28,35.0,Efectivo
TRX-100312,SOC-3427,PROD-508,2024-03-20,250.0,Efectivo
TRX-100313,SOC-2780,PROD-504,2026-04-05,950.0,Tarjeta de Débito
TRX-100314,SOC-2535,PROD-508,2025-10-05,224.06,Tarjeta de Débito
TRX-100315,SOC-3773,PROD-504,2024-09-05,950.0,Tarjeta de Crédito
TRX-100316,SOC-2663,PROD-505,2024-04-20,480.0,Transferencia SPEI
TRX-100317,SOC-3116,PROD-510,2024-05-24,75.0,Tarjeta de Crédito
TRX-100318,SOC-2067,PROD-507,2025-07-06,606.01,Tarjeta de Débito
TRX-100319,SOC-2699,PROD-509,2025-12-05,324.25,Tarjeta de Débito
TRX-100320,SOC-2710,PROD-508,2024-05-01,250.0,Transferencia SPEI
TRX-100321,SOC-3174,PROD-511,2024-04-12,50.0,Efectivo
TRX-100322,SOC-2875,PROD-512,2024-06-29,35.0,Tarjeta de Débito
TRX-100323,SOC-3223,PROD-510,2024-07-19,67.85,Tarjeta de Crédito
TRX-100324,SOC-3495,PROD-507,2024-12-12,688.09,Transferencia SPEI
TRX-100325,SOC-2228,PROD-504,2025-02-28,950.0,Tarjeta de Débito
TRX-100326,SOC-3739,PROD-507,2024-03-24,750.0,Transferencia SPEI
TRX-100327,SOC-3692,PROD-501,2024-11-22,650.0,Tarjeta de Crédito
TRX-100328,SOC-2928,PROD-511,2024-01-21,50.0,Tarjeta de Crédito
TRX-100329,SOC-2784,PROD-508,2024-03-21,211.22,Transferencia SPEI
TRX-100330,SOC-2009,PROD-507,2025-09-12,750.0,Tarjeta de Débito
TRX-100331,SOC-2491,PROD-502,2024-06-27,1081.06,Tarjeta de Débito
TRX-100332,SOC-3754,PROD-501,2025-11-09,650.0,Transferencia SPEI
TRX-100333,SOC-2288,PROD-510,2025-03-12,75.0,Tarjeta de Crédito
TRX-100334,SOC-3750,PROD-501,2024-10-06,575.5699999999999,Tarjeta de Crédito
TRX-100335,SOC-2134,PROD-510,2026-02-13,75.0,Transferencia SPEI
TRX-100336,SOC-2909,PROD-509,2025-10-09,400.0,Transferencia SPEI
TRX-100337,SOC-3414,PROD-505,2025-05-18,480.0,Efectivo
TRX-100338,SOC-3596,PROD-502,2025-09-14,1300.0,Tarjeta de Débito
TRX-100339,SOC-2706,PROD-504,2024-05-03,950.0,Tarjeta de Débito
TRX-100340,SOC-2669,PROD-501,2024-09-23,650.0,Efectivo
TRX-100341,SOC-2890,PROD-502,2024-10-29,1300.0,Tarjeta de Débito
TRX-100342,SOC-2101,PROD-504,2025-09-09,950.0,Tarjeta de Crédito
TRX-100343,SOC-3732,PROD-507,2025-05-03,750.0,Tarjeta de Débito
TRX-100344,SOC-2902,PROD-507,2026-04-18,750.0,Efectivo
TRX-100345,SOC-3192,PROD-505,2024-04-01,480.0,Tarjeta de Débito
TRX-100346,SOC-3352,PROD-501,2025-09-23,650.0,Tarjeta de Crédito
TRX-100347,SOC-2837,PROD-511,2026-01-18,43.68,Tarjeta de Débito
TRX-100348,SOC-2329,PROD-509,2026-02-12,400.0,Tarjeta de Crédito
TRX-100349,SOC-2238,PROD-504,2024-06-01,950.0,Transferencia SPEI
TRX-100350,SOC-2996,PROD-509,2024-08-09,400.0,Tarjeta de Débito
TRX-100351,SOC-2416,PROD-506,2025-07-02,550.0,Tarjeta de Débito
TRX-100352,SOC-3265,PROD-510,2024-04-20,75.0,Transferencia SPEI
TRX-100353,SOC-3588,PROD-508,2025-02-23,250.0,Tarjeta de Débito
TRX-100354,SOC-3049,PROD-507,2025-12-21,750.0,Tarjeta de Crédito
TRX-100355,SOC-2291,PROD-506,2025-12-30,550.0,Tarjeta de Débito
TRX-100356,SOC-2465,PROD-508,2025-12-09,250.0,Transferencia SPEI
TRX-100357,SOC-2830,PROD-503,2025-05-29,6999.0,Efectivo
TRX-100358,SOC-2946,PROD-502,2026-04-07,1300.0,Tarjeta de Crédito
TRX-100359,SOC-3305,PROD-506,2025-09-03,550.0,Tarjeta de Débito
TRX-100360,SOC-2400,PROD-510,2024-10-02,75.0,Efectivo
TRX-100361,SOC-2871,PROD-511,2025-08-04,50.0,Tarjeta de Débito
TRX-100362,SOC-3030,PROD-511,2024-05-11,50.0,Transferencia SPEI
TRX-100363,SOC-2483,PROD-501,2025-09-13,650.0,Transferencia SPEI
TRX-100364,SOC-3442,PROD-503,2025-06-17,6999.0,Tarjeta de Débito
TRX-100365,SOC-2249,PROD-508,2025-08-17,250.0,Tarjeta de Débito
TRX-100366,SOC-2450,PROD-502,2024-11-15,1300.0,Efectivo
TRX-100367,SOC-2540,PROD-503,2024-03-13,6999.0,Tarjeta de Débito
TRX-100368,SOC-3480,PROD-501,2025-08-16,650.0,Transferencia SPEI
TRX-100369,SOC-2302,PROD-505,2024-05-26,480.0,Tarjeta de Débito
TRX-100370,SOC-3013,PROD-505,2024-02-03,480.0,Tarjeta de Débito
TRX-100371,SOC-2326,PROD-512,2025-11-16,35.0,Transferencia SPEI
TRX-100372,SOC-3619,PROD-501,2024-07-24,650.0,Transferencia SPEI
TRX-100373,SOC-2883,PROD-507,2026-04-13,750.0,Tarjeta de Crédito
TRX-100374,SOC-2103,PROD-508,2026-03-19,250.0,Transferencia SPEI
TRX-100375,SOC-3169,PROD-510,2025-05-15,75.0,Efectivo
TRX-100376,SOC-3194,PROD-501,2025-02-08,650.0,Tarjeta de Débito
TRX-100377,SOC-3570,PROD-502,2025-09-28,1300.0,Efectivo
TRX-100378,SOC-2999,PROD-503,2026-04-26,6999.0,Tarjeta de Crédito
TRX-100379,SOC-2575,PROD-507,2024-04-15,750.0,Efectivo
TRX-100380,SOC-2557,PROD-502,2025-12-30,1300.0,Transferencia SPEI
TRX-100381,SOC-2103,PROD-509,2024-06-05,400.0,Tarjeta de Crédito
TRX-100382,SOC-2108,PROD-510,2024-05-26,75.0,Efectivo
TRX-100383,SOC-3551,PROD-512,2024-08-03,35.0,Efectivo
TRX-100384,SOC-2368,PROD-510,2025-12-05,75.0,Efectivo
TRX-100385,SOC-3604,PROD-512,2024-04-05,35.0,Tarjeta de Débito
TRX-100386,SOC-3382,PROD-508,2024-06-29,250.0,Efectivo
TRX-100387,SOC-3451,PROD-506,2025-01-14,550.0,Tarjeta de Crédito
TRX-100388,SOC-2987,PROD-509,2024-07-11,400.0,Efectivo
TRX-100389,SOC-2518,PROD-510,2025-05-21,75.0,Tarjeta de Débito
TRX-100390,SOC-2642,PROD-507,2025-07-11,750.0,Tarjeta de Crédito
TRX-100391,SOC-3689,PROD-507,2024-08-25,750.0,Tarjeta de Crédito
TRX-100392,SOC-3591,PROD-511,2025-07-25,50.0,Tarjeta de Débito
TRX-100393,SOC-3496,PROD-507,2024-12-16,609.12,Tarjeta de Crédito
TRX-100394,SOC-3461,PROD-505,2025-07-28,480.0,Efectivo
TRX-100395,SOC-3146,PROD-503,2024-10-28,6605.86,Transferencia SPEI
TRX-100396,SOC-3628,PROD-501,2025-02-19,650.0,Tarjeta de Débito
TRX-100397,SOC-3355,PROD-512,2024-09-26,35.0,Efectivo
TRX-100398,SOC-2413,PROD-506,2025-10-16,550.0,Tarjeta de Crédito
TRX-100399,SOC-3791,PROD-505,2024-05-01,480.0,Transferencia SPEI
TRX-100400,SOC-3515,PROD-511,2024-07-18,50.0,Tarjeta de Crédito
TRX-100401,SOC-3538,PROD-512,2025-10-07,29.27,Transferencia SPEI
TRX-100402,SOC-2228,PROD-509,2026-01-06,400.0,Efectivo
TRX-100403,SOC-3282,PROD-509,2024-06-12,357.03,Efectivo
TRX-100404,SOC-2889,PROD-511,2024-07-11,50.0,Tarjeta de Crédito
TRX-100405,SOC-2138,PROD-509,2025-01-20,400.0,Efectivo
TRX-100406,SOC-3383,PROD-502,2025-11-08,1300.0,Efectivo
TRX-100407,SOC-3115,PROD-501,2024-06-06,650.0,Tarjeta de Crédito
TRX-100408,SOC-3110,PROD-509,2024-09-03,400.0,Transferencia SPEI
TRX-100409,SOC-2013,PROD-511,2024-05-23,50.0,Tarjeta de Débito
TRX-100410,SOC-2922,PROD-510,2024-11-20,75.0,Tarjeta de Débito
TRX-100411,SOC-2867,PROD-505,2024-10-03,480.0,Efectivo
TRX-100412,SOC-3241,PROD-511,2025-11-28,50.0,Tarjeta de Débito
TRX-100413,SOC-3599,PROD-508,2025-12-11,250.0,Transferencia SPEI
TRX-100414,SOC-2510,PROD-510,2025-08-02,75.0,Tarjeta de Crédito
TRX-100415,SOC-2628,PROD-501,2025-11-10,650.0,Tarjeta de Débito
TRX-100416,SOC-3276,PROD-503,2024-02-28,6999.0,Transferencia SPEI
TRX-100417,SOC-3298,PROD-506,2025-09-29,496.04,Efectivo
TRX-100418,SOC-3232,PROD-511,2024-01-25,50.0,Tarjeta de Débito
TRX-100419,SOC-3572,PROD-508,2024-05-21,250.0,Transferencia SPEI
TRX-100420,SOC-3261,PROD-504,2025-09-21,950.0,Efectivo
TRX-100421,SOC-2051,PROD-507,2026-01-05,750.0,Tarjeta de Crédito
TRX-100422,SOC-2437,PROD-509,2024-07-07,400.0,Tarjeta de Débito
TRX-100423,SOC-3680,PROD-504,2026-02-18,950.0,Efectivo
TRX-100424,SOC-3760,PROD-503,2025-12-09,6999.0,Transferencia SPEI
TRX-100425,SOC-2802,PROD-509,2025-09-22,400.0,Tarjeta de Crédito
TRX-100426,SOC-2483,PROD-509,2025-01-05,400.0,Tarjeta de Débito
TRX-100427,SOC-3514,PROD-503,2024-01-28,5935.05,Efectivo
TRX-100428,SOC-3300,PROD-512,2025-12-10,35.0,Tarjeta de Débito
TRX-100429,SOC-3390,PROD-505,2024-11-06,480.0,Tarjeta de Débito
TRX-100430,SOC-3007,PROD-510,2024-05-24,68.2,Tarjeta de Débito
TRX-100431,SOC-2215,PROD-512,2026-04-23,35.0,Transferencia SPEI
TRX-100432,SOC-2029,PROD-504,2025-11-25,887.87,Transferencia SPEI
TRX-100433,SOC-2935,PROD-506,2025-09-22,550.0,Tarjeta de Crédito
TRX-100434,SOC-2706,PROD-505,2026-02-05,480.0,Tarjeta de Crédito
TRX-100435,SOC-3176,PROD-502,2024-01-27,1300.0,Tarjeta de Crédito
TRX-100436,SOC-2361,PROD-501,2025-12-08,650.0,Efectivo
TRX-100437,SOC-2471,PROD-511,2025-05-13,41.79,Efectivo
TRX-100438,SOC-2308,PROD-510,2025-04-09,75.0,Tarjeta de Débito
TRX-100439,SOC-3675,PROD-508,2024-11-30,250.0,Efectivo
TRX-100440,SOC-2319,PROD-507,2024-08-07,750.0,Efectivo
TRX-100441,SOC-3012,PROD-510,2025-03-12,75.0,Tarjeta de Crédito
TRX-100442,SOC-2426,PROD-512,2024-01-24,35.0,Tarjeta de Crédito
TRX-100443,SOC-2715,PROD-502,2025-04-23,1300.0,Transferencia SPEI
TRX-100444,SOC-3712,PROD-509,2025-09-29,400.0,Efectivo
TRX-100445,SOC-2337,PROD-508,2024-10-19,250.0,Efectivo
TRX-100446,SOC-3748,PROD-504,2024-08-07,950.0,Tarjeta de Débito
TRX-100447,SOC-3151,PROD-503,2025-10-16,6999.0,Tarjeta de Débito
TRX-100448,SOC-2815,PROD-506,2025-02-11,550.0,Tarjeta de Crédito
TRX-100449,SOC-3225,PROD-512,2024-11-29,35.0,Efectivo
TRX-100450,SOC-3195,PROD-512,2025-08-03,35.0,Tarjeta de Débito
TRX-100451,SOC-2154,PROD-505,2025-05-25,480.0,Tarjeta de Crédito
TRX-100452,SOC-3559,PROD-508,2025-03-13,250.0,Transferencia SPEI
TRX-100453,SOC-3559,PROD-509,2025-12-28,400.0,Tarjeta de Crédito
TRX-100454,SOC-2715,PROD-507,2024-10-26,750.0,Tarjeta de Débito
TRX-100455,SOC-3113,PROD-507,2024-11-15,750.0,Transferencia SPEI
TRX-100456,SOC-2856,PROD-510,2025-01-01,75.0,Tarjeta de Débito
TRX-100457,SOC-3387,PROD-508,2025-05-12,250.0,Tarjeta de Débito
TRX-100458,SOC-2241,PROD-509,2025-02-20,400.0,Efectivo
TRX-100459,SOC-2812,PROD-508,2025-09-05,250.0,Transferencia SPEI
TRX-100460,SOC-2574,PROD-506,2024-03-09,474.15999999999997,Efectivo
TRX-100461,SOC-2642,PROD-510,2024-05-20,75.0,Tarjeta de Débito
TRX-100462,SOC-2846,PROD-509,2025-04-12,327.65,Transferencia SPEI
TRX-100463,SOC-2538,PROD-507,2025-09-17,750.0,Tarjeta de Débito
TRX-100464,SOC-2095,PROD-512,2025-07-12,29.17,Transferencia SPEI
TRX-100465,SOC-2835,PROD-501,2025-12-10,650.0,Transferencia SPEI
TRX-100466,SOC-2452,PROD-509,2025-12-22,400.0,Tarjeta de Crédito
TRX-100467,SOC-3034,PROD-506,2024-02-02,550.0,Efectivo
TRX-100468,SOC-2856,PROD-503,2026-02-20,6999.0,Efectivo
TRX-100469,SOC-3760,PROD-511,2025-10-16,50.0,Tarjeta de Crédito
TRX-100470,SOC-2370,PROD-506,2024-06-27,459.31,Tarjeta de Crédito
TRX-100471,SOC-3150,PROD-501,2024-06-27,650.0,Tarjeta de Débito
TRX-100472,SOC-2544,PROD-512,2026-04-19,35.0,Tarjeta de Crédito
TRX-100473,SOC-3009,PROD-507,2024-09-06,750.0,Efectivo
TRX-100474,SOC-3785,PROD-505,2025-06-07,480.0,Transferencia SPEI
TRX-100475,SOC-3291,PROD-502,2024-11-18,1300.0,Tarjeta de Crédito
TRX-100476,SOC-3379,PROD-510,2024-12-02,75.0,Tarjeta de Crédito
TRX-100477,SOC-3496,PROD-509,2024-11-16,400.0,Tarjeta de Crédito
TRX-100478,SOC-2679,PROD-509,2025-11-07,400.0,Efectivo
TRX-100479,SOC-2888,PROD-510,2024-12-21,75.0,Tarjeta de Débito
TRX-100480,SOC-3561,PROD-511,2025-10-25,50.0,Tarjeta de Débito
TRX-100481,SOC-2294,PROD-503,2025-07-17,6999.0,Tarjeta de Débito
TRX-100482,SOC-2163,PROD-503,2024-01-08,6999.0,Efectivo
TRX-100483,SOC-2135,PROD-509,2024-04-01,400.0,Tarjeta de Débito
TRX-100484,SOC-3545,PROD-510,2025-04-13,75.0,Efectivo
TRX-100485,SOC-2251,PROD-502,2024-10-21,1300.0,Transferencia SPEI
TRX-100486,SOC-2490,PROD-504,2025-03-09,950.0,Efectivo
TRX-100487,SOC-3783,PROD-501,2024-11-18,650.0,Tarjeta de Débito
TRX-100488,SOC-3378,PROD-506,2025-09-11,550.0,Efectivo
TRX-100489,SOC-3267,PROD-511,2025-04-08,50.0,Tarjeta de Débito
TRX-100490,SOC-2127,PROD-501,2025-12-22,650.0,Transferencia SPEI
TRX-100491,SOC-2752,PROD-509,2024-07-31,400.0,Tarjeta de Débito
TRX-100492,SOC-2733,PROD-510,2026-01-23,75.0,Efectivo
TRX-100493,SOC-2034,PROD-512,2024-11-02,35.0,Tarjeta de Débito
TRX-100494,SOC-3667,PROD-502,2025-06-10,1300.0,Transferencia SPEI
TRX-100495,SOC-2657,PROD-505,2025-08-06,422.5,Transferencia SPEI
TRX-100496,SOC-2357,PROD-506,2024-12-02,491.71,Efectivo
TRX-100497,SOC-2686,PROD-502,2025-09-12,1195.01,Tarjeta de Débito
TRX-100498,SOC-3710,PROD-508,2026-02-16,250.0,Efectivo
TRX-100499,SOC-3713,PROD-508,2026-04-28,250.0,Transferencia SPEI
TRX-100500,SOC-3347,PROD-501,2025-11-29,650.0,Transferencia SPEI
TRX-100501,SOC-3203,PROD-505,2024-04-25,480.0,Tarjeta de Débito
TRX-100502,SOC-3672,PROD-502,2024-06-24,1300.0,Tarjeta de Débito
TRX-100503,SOC-3615,PROD-509,2024-07-28,400.0,Tarjeta de Débito
TRX-100504,SOC-3591,PROD-506,2025-08-25,550.0,Tarjeta de Crédito
TRX-100505,SOC-2993,PROD-508,2026-01-24,222.15,Tarjeta de Crédito
TRX-100506,SOC-2280,PROD-507,2025-09-05,750.0,Efectivo
TRX-100507,SOC-3681,PROD-506,2025-02-01,550.0,Tarjeta de Débito
TRX-100508,SOC-3225,PROD-501,2025-03-21,650.0,Tarjeta de Crédito
TRX-100509,SOC-3019,PROD-507,2024-05-07,693.41,Tarjeta de Crédito
TRX-100510,SOC-2726,PROD-502,2025-11-04,1055.04,Tarjeta de Débito
TRX-100511,SOC-2749,PROD-510,2025-12-26,75.0,Efectivo
TRX-100512,SOC-2685,PROD-508,2024-07-29,250.0,Tarjeta de Débito
TRX-100513,SOC-2399,PROD-509,2024-12-20,400.0,Transferencia SPEI
TRX-100514,SOC-2411,PROD-504,2025-05-03,950.0,Tarjeta de Débito
TRX-100515,SOC-3213,PROD-512,2024-03-28,35.0,Transferencia SPEI
TRX-100516,SOC-3448,PROD-509,2025-05-24,400.0,Efectivo
TRX-100517,SOC-3150,PROD-509,2024-03-31,400.0,Efectivo
TRX-100518,SOC-2246,PROD-512,2024-08-24,35.0,Transferencia SPEI
TRX-100519,SOC-3250,PROD-506,2025-11-15,550.0,Tarjeta de Crédito
TRX-100520,SOC-2414,PROD-502,2024-09-29,1300.0,Tarjeta de Débito
TRX-100521,SOC-2167,PROD-511,2025-03-28,44.01,Efectivo
TRX-100522,SOC-2297,PROD-508,2025-05-30,250.0,Transferencia SPEI
TRX-100523,SOC-2492,PROD-504,2026-02-02,950.0,Efectivo
TRX-100524,SOC-3724,PROD-509,2026-01-12,339.5,Tarjeta de Crédito
TRX-100525,SOC-2354,PROD-512,2024-02-21,35.0,Tarjeta de Crédito
TRX-100526,SOC-2371,PROD-501,2024-11-08,650.0,Tarjeta de Débito
TRX-100527,SOC-3350,PROD-512,2024-09-01,35.0,Efectivo
TRX-100528,SOC-3237,PROD-508,2025-06-11,250.0,Efectivo
TRX-100529,SOC-2851,PROD-505,2025-08-23,480.0,Efectivo
TRX-100530,SOC-3645,PROD-501,2026-03-31,650.0,Tarjeta de Crédito
TRX-100531,SOC-3370,PROD-506,2025-09-29,550.0,Efectivo
TRX-100532,SOC-3441,PROD-511,2024-07-09,50.0,Tarjeta de Crédito
TRX-100533,SOC-2273,PROD-505,2026-02-22,452.85,Efectivo
TRX-100534,SOC-3105,PROD-511,2026-04-29,50.0,Tarjeta de Crédito
TRX-100535,SOC-3745,PROD-511,2026-03-15,43.79,Tarjeta de Débito
TRX-100536,SOC-2430,PROD-505,2024-02-05,480.0,Efectivo
TRX-100537,SOC-3720,PROD-506,2026-01-26,550.0,Tarjeta de Crédito
TRX-100538,SOC-2681,PROD-512,2026-04-06,35.0,Transferencia SPEI
TRX-100539,SOC-2458,PROD-504,2024-09-08,950.0,Efectivo
TRX-100540,SOC-2477,PROD-507,2025-05-27,750.0,Tarjeta de Crédito
TRX-100541,SOC-2097,PROD-502,2025-10-05,1300.0,Tarjeta de Crédito
TRX-100542,SOC-3256,PROD-512,2025-05-13,35.0,Tarjeta de Débito
TRX-100543,SOC-2590,PROD-507,2024-06-28,669.15,Transferencia SPEI
TRX-100544,SOC-2018,PROD-511,2024-02-24,50.0,Efectivo
TRX-100545,SOC-3053,PROD-503,2024-04-18,6999.0,Tarjeta de Débito
TRX-100546,SOC-2021,PROD-508,2026-03-04,250.0,Transferencia SPEI
TRX-100547,SOC-2583,PROD-512,2025-10-13,35.0,Tarjeta de Crédito
TRX-100548,SOC-2797,PROD-503,2026-04-28,6999.0,Efectivo
TRX-100549,SOC-3550,PROD-512,2024-09-08,35.0,Tarjeta de Débito
TRX-100550,SOC-2090,PROD-511,2024-04-12,45.47,Transferencia SPEI
TRX-100551,SOC-3110,PROD-512,2026-04-20,35.0,Efectivo
TRX-100552,SOC-3209,PROD-503,2026-04-19,6999.0,Tarjeta de Débito
TRX-100553,SOC-3042,PROD-510,2025-08-30,75.0,Tarjeta de Débito
TRX-100554,SOC-3370,PROD-512,2025-08-20,35.0,Transferencia SPEI
TRX-100555,SOC-2289,PROD-506,2024-10-28,550.0,Tarjeta de Crédito
TRX-100556,SOC-3350,PROD-501,2024-10-22,650.0,Tarjeta de Débito
TRX-100557,SOC-2258,PROD-511,2024-04-20,50.0,Tarjeta de Débito
TRX-100558,SOC-2844,PROD-504,2025-08-05,950.0,Efectivo
TRX-100559,SOC-2539,PROD-507,2024-11-29,680.61,Tarjeta de Débito
TRX-100560,SOC-2625,PROD-507,2025-12-11,750.0,Transferencia SPEI
TRX-100561,SOC-2634,PROD-509,2024-03-10,400.0,Tarjeta de Débito
TRX-100562,SOC-2328,PROD-506,2024-05-17,550.0,Transferencia SPEI
TRX-100563,SOC-2611,PROD-507,2024-11-21,750.0,Tarjeta de Crédito
TRX-100564,SOC-2051,PROD-505,2024-08-31,480.0,Transferencia SPEI
TRX-100565,SOC-3143,PROD-505,2024-06-07,388.38,Efectivo
TRX-100566,SOC-2459,PROD-507,2025-12-20,750.0,Transferencia SPEI
TRX-100567,SOC-2697,PROD-505,2025-06-23,480.0,Tarjeta de Crédito
TRX-100568,SOC-2999,PROD-508,2025-05-10,250.0,Tarjeta de Crédito
TRX-100569,SOC-3533,PROD-508,2026-01-25,223.92000000000002,Tarjeta de Crédito
TRX-100570,SOC-2335,PROD-505,2024-04-28,480.0,Tarjeta de Débito
TRX-100571,SOC-3562,PROD-501,2026-01-03,650.0,Tarjeta de Crédito
TRX-100572,SOC-2564,PROD-502,2024-07-09,1300.0,Tarjeta de Crédito
TRX-100573,SOC-2370,PROD-504,2025-04-11,950.0,Efectivo
TRX-100574,SOC-2911,PROD-505,2024-03-11,480.0,Tarjeta de Débito
TRX-100575,SOC-2444,PROD-508,2024-02-20,250.0,Efectivo
TRX-100576,SOC-3753,PROD-507,2024-08-29,750.0,Transferencia SPEI
TRX-100577,SOC-2934,PROD-504,2024-08-19,950.0,Tarjeta de Crédito
TRX-100578,SOC-2199,PROD-501,2025-06-27,650.0,Tarjeta de Crédito
TRX-100579,SOC-3312,PROD-508,2025-01-09,250.0,Tarjeta de Crédito
TRX-100580,SOC-2851,PROD-504,2024-06-11,950.0,Tarjeta de Débito
TRX-100581,SOC-3639,PROD-506,2024-04-12,550.0,Tarjeta de Débito
TRX-100582,SOC-3568,PROD-509,2025-07-31,400.0,Efectivo
TRX-100583,SOC-3081,PROD-502,2024-04-12,1300.0,Tarjeta de Débito
TRX-100584,SOC-2372,PROD-509,2024-05-02,400.0,Tarjeta de Crédito
TRX-100585,SOC-2585,PROD-503,2026-03-09,6999.0,Transferencia SPEI
TRX-100586,SOC-2523,PROD-504,2024-07-24,950.0,Tarjeta de Débito
TRX-100587,SOC-2696,PROD-504,2026-04-10,950.0,Tarjeta de Crédito
TRX-100588,SOC-2582,PROD-510,2025-11-24,75.0,Efectivo
TRX-100589,SOC-3575,PROD-510,2025-03-31,71.11,Efectivo
TRX-100590,SOC-3698,PROD-510,2025-11-22,75.0,Tarjeta de Crédito
TRX-100591,SOC-2597,PROD-503,2024-10-10,6999.0,Efectivo
TRX-100592,SOC-3774,PROD-501,2025-09-19,650.0,Transferencia SPEI
TRX-100593,SOC-2461,PROD-502,2025-01-20,1300.0,Tarjeta de Crédito
TRX-100594,SOC-2601,PROD-511,2024-08-20,43.63,Transferencia SPEI
TRX-100595,SOC-3567,PROD-503,2024-11-09,6999.0,Tarjeta de Crédito
TRX-100596,SOC-3719,PROD-510,2026-01-24,65.78,Tarjeta de Crédito
TRX-100597,SOC-2172,PROD-503,2025-01-09,6999.0,Transferencia SPEI
TRX-100598,SOC-3230,PROD-502,2024-02-21,1068.97,Tarjeta de Crédito
TRX-100599,SOC-2965,PROD-503,2024-10-14,6999.0,Tarjeta de Débito
TRX-100600,SOC-2362,PROD-501,2025-03-27,650.0,Efectivo
TRX-100601,SOC-2729,PROD-503,2026-04-15,6999.0,Tarjeta de Crédito
TRX-100602,SOC-2175,PROD-502,2026-03-03,1300.0,Transferencia SPEI
TRX-100603,SOC-3038,PROD-510,2024-12-31,66.69,Efectivo
TRX-100604,SOC-2219,PROD-509,2024-02-19,363.44,Efectivo
TRX-100605,SOC-3539,PROD-503,2025-04-22,6999.0,Efectivo
TRX-100606,SOC-2240,PROD-511,2024-05-09,50.0,Transferencia SPEI
TRX-100607,SOC-2282,PROD-506,2025-04-27,550.0,Efectivo
TRX-100608,SOC-2069,PROD-501,2024-08-08,650.0,Transferencia SPEI
TRX-100609,SOC-3537,PROD-509,2024-12-23,400.0,Tarjeta de Débito
TRX-100610,SOC-2490,PROD-510,2026-03-08,75.0,Transferencia SPEI
TRX-100611,SOC-3317,PROD-504,2025-07-15,950.0,Transferencia SPEI
TRX-100612,SOC-3309,PROD-502,2026-02-01,1300.0,Tarjeta de Débito
TRX-100613,SOC-3643,PROD-506,2025-05-29,490.46,Efectivo
TRX-100614,SOC-2362,PROD-502,2024-06-27,1300.0,Efectivo
TRX-100615,SOC-3098,PROD-503,2024-07-15,6999.0,Transferencia SPEI
TRX-100616,SOC-2275,PROD-506,2026-04-25,511.0,Efectivo
TRX-100617,SOC-3524,PROD-504,2026-02-11,950.0,Efectivo
TRX-100618,SOC-2316,PROD-507,2024-06-05,750.0,Efectivo
TRX-100619,SOC-2744,PROD-501,2025-01-27,650.0,Tarjeta de Débito
TRX-100620,SOC-3141,PROD-512,2024-06-27,35.0,Tarjeta de Crédito
TRX-100621,SOC-3770,PROD-503,2025-08-12,6999.0,Tarjeta de Débito
TRX-100622,SOC-3739,PROD-507,2024-12-10,750.0,Tarjeta de Débito
TRX-100623,SOC-3013,PROD-507,2024-08-15,750.0,Transferencia SPEI
TRX-100624,SOC-3233,PROD-502,2024-10-31,1300.0,Efectivo
TRX-100625,SOC-2423,PROD-507,2024-12-12,750.0,Tarjeta de Débito
TRX-100626,SOC-2325,PROD-504,2025-03-27,950.0,Tarjeta de Débito
TRX-100627,SOC-2895,PROD-507,2025-04-07,750.0,Tarjeta de Crédito
TRX-100628,SOC-2343,PROD-507,2025-12-15,750.0,Efectivo
TRX-100629,SOC-3010,PROD-505,2025-10-21,480.0,Efectivo
TRX-100630,SOC-2569,PROD-506,2026-02-08,550.0,Tarjeta de Crédito
TRX-100631,SOC-3549,PROD-503,2024-10-28,6999.0,Tarjeta de Crédito
TRX-100632,SOC-3418,PROD-501,2025-01-03,650.0,Transferencia SPEI
TRX-100633,SOC-2534,PROD-503,2025-01-10,6999.0,Transferencia SPEI
TRX-100634,SOC-3091,PROD-501,2025-01-19,650.0,Transferencia SPEI
TRX-100635,SOC-2171,PROD-510,2025-11-01,75.0,Efectivo
TRX-100636,SOC-3423,PROD-511,2024-07-12,50.0,Transferencia SPEI
TRX-100637,SOC-2455,PROD-502,2024-04-21,1300.0,Efectivo
TRX-100638,SOC-2713,PROD-507,2024-12-17,750.0,Tarjeta de Débito
TRX-100639,SOC-2380,PROD-502,2024-04-08,1300.0,Tarjeta de Débito
TRX-100640,SOC-2574,PROD-503,2024-09-18,6284.45,Tarjeta de Débito
TRX-100641,SOC-2438,PROD-511,2025-04-21,50.0,Efectivo
TRX-100642,SOC-3442,PROD-509,2025-03-01,400.0,Efectivo
TRX-100643,SOC-3088,PROD-509,2024-09-03,400.0,Tarjeta de Débito
TRX-100644,SOC-2722,PROD-509,2025-10-22,400.0,Tarjeta de Crédito
TRX-100645,SOC-2875,PROD-505,2024-11-24,480.0,Transferencia SPEI
TRX-100646,SOC-2765,PROD-510,2025-04-04,75.0,Transferencia SPEI
TRX-100647,SOC-2533,PROD-503,2024-12-23,6999.0,Tarjeta de Crédito
TRX-100648,SOC-3295,PROD-510,2025-10-25,75.0,Tarjeta de Débito
TRX-100649,SOC-2437,PROD-507,2025-06-26,750.0,Transferencia SPEI
TRX-100650,SOC-2669,PROD-507,2025-06-11,750.0,Transferencia SPEI
TRX-100651,SOC-3377,PROD-509,2024-12-01,338.43,Transferencia SPEI
TRX-100652,SOC-3071,PROD-511,2025-03-17,50.0,Transferencia SPEI
TRX-100653,SOC-2372,PROD-506,2024-08-26,480.29,Tarjeta de Débito
TRX-100654,SOC-3086,PROD-501,2025-07-10,650.0,Transferencia SPEI
TRX-100655,SOC-3070,PROD-511,2026-03-07,50.0,Tarjeta de Débito
TRX-100656,SOC-2765,PROD-502,2024-04-20,1300.0,Tarjeta de Crédito
TRX-100657,SOC-3392,PROD-503,2026-04-02,6999.0,Transferencia SPEI
TRX-100658,SOC-2146,PROD-511,2026-01-01,50.0,Tarjeta de Crédito
TRX-100659,SOC-2951,PROD-506,2024-06-24,550.0,Efectivo
TRX-100660,SOC-2042,PROD-501,2026-01-11,539.81,Tarjeta de Débito
TRX-100661,SOC-3779,PROD-510,2025-10-18,75.0,Tarjeta de Débito
TRX-100662,SOC-2152,PROD-509,2025-05-12,400.0,Efectivo
TRX-100663,SOC-2751,PROD-504,2026-04-14,950.0,Tarjeta de Crédito
TRX-100664,SOC-2771,PROD-502,2024-08-14,1300.0,Efectivo
TRX-100665,SOC-2134,PROD-505,2024-11-15,480.0,Tarjeta de Débito
TRX-100666,SOC-3619,PROD-502,2025-09-28,1300.0,Tarjeta de Crédito
TRX-100667,SOC-3455,PROD-510,2025-11-03,75.0,Efectivo
TRX-100668,SOC-2433,PROD-507,2025-05-19,750.0,Efectivo
TRX-100669,SOC-2794,PROD-510,2026-03-10,75.0,Tarjeta de Crédito
TRX-100670,SOC-3453,PROD-512,2026-03-01,35.0,Tarjeta de Débito
TRX-100671,SOC-2082,PROD-502,2024-04-03,1300.0,Tarjeta de Crédito
TRX-100672,SOC-2070,PROD-504,2025-12-24,950.0,Transferencia SPEI
TRX-100673,SOC-2208,PROD-509,2024-09-27,400.0,Transferencia SPEI
TRX-100674,SOC-3211,PROD-501,2025-07-19,650.0,Tarjeta de Crédito
TRX-100675,SOC-2975,PROD-504,2025-10-14,843.2,Tarjeta de Crédito
TRX-100676,SOC-2917,PROD-506,2025-09-16,550.0,Tarjeta de Débito
TRX-100677,SOC-2848,PROD-501,2024-03-27,522.98,Transferencia SPEI
TRX-100678,SOC-2964,PROD-505,2024-02-22,406.39,Efectivo
TRX-100679,SOC-2130,PROD-509,2024-08-08,342.22,Transferencia SPEI
TRX-100680,SOC-2781,PROD-512,2024-03-14,35.0,Transferencia SPEI
TRX-100681,SOC-2193,PROD-501,2025-06-23,650.0,Tarjeta de Crédito
TRX-100682,SOC-3661,PROD-508,2024-02-11,235.16,Efectivo
TRX-100683,SOC-2206,PROD-501,2024-06-02,650.0,Tarjeta de Crédito
TRX-100684,SOC-3485,PROD-502,2024-06-22,1300.0,Tarjeta de Crédito
TRX-100685,SOC-3790,PROD-510,2024-02-12,75.0,Efectivo
TRX-100686,SOC-2250,PROD-502,2026-02-18,1300.0,Efectivo
TRX-100687,SOC-3504,PROD-507,2025-08-02,750.0,Tarjeta de Débito
TRX-100688,SOC-3488,PROD-510,2024-04-24,66.95,Transferencia SPEI
TRX-100689,SOC-2894,PROD-510,2025-06-14,75.0,Efectivo
TRX-100690,SOC-2082,PROD-502,2024-10-15,1300.0,Efectivo
TRX-100691,SOC-2168,PROD-507,2024-08-22,750.0,Tarjeta de Crédito
TRX-100692,SOC-3524,PROD-503,2025-01-06,6248.92,Tarjeta de Crédito
TRX-100693,SOC-3209,PROD-506,2025-06-03,550.0,Efectivo
TRX-100694,SOC-2887,PROD-508,2024-05-29,203.82,Transferencia SPEI
TRX-100695,SOC-2041,PROD-503,2026-04-12,6999.0,Tarjeta de Débito
TRX-100696,SOC-3612,PROD-510,2025-02-03,75.0,Efectivo
TRX-100697,SOC-2322,PROD-512,2024-10-09,35.0,Tarjeta de Crédito
TRX-100698,SOC-3467,PROD-502,2025-06-14,1300.0,Tarjeta de Crédito
TRX-100699,SOC-2667,PROD-505,2025-10-13,480.0,Tarjeta de Débito
TRX-100700,SOC-3425,PROD-508,2024-12-19,250.0,Tarjeta de Débito
TRX-100701,SOC-2005,PROD-503,2024-10-28,6384.66,Tarjeta de Crédito
TRX-100702,SOC-2858,PROD-504,2024-09-07,950.0,Tarjeta de Crédito
TRX-100703,SOC-2466,PROD-502,2025-11-06,1300.0,Tarjeta de Débito
TRX-100704,SOC-2589,PROD-509,2025-03-29,400.0,Efectivo
TRX-100705,SOC-3729,PROD-511,2024-07-17,50.0,Tarjeta de Crédito
TRX-100706,SOC-2035,PROD-507,2024-04-02,750.0,Tarjeta de Crédito
TRX-100707,SOC-2030,PROD-504,2024-04-18,950.0,Transferencia SPEI
TRX-100708,SOC-2921,PROD-507,2026-01-19,750.0,Transferencia SPEI
TRX-100709,SOC-2574,PROD-505,2025-06-14,480.0,Tarjeta de Crédito
TRX-100710,SOC-3046,PROD-512,2025-05-15,35.0,Transferencia SPEI
TRX-100711,SOC-2400,PROD-510,2024-03-04,61.87,Tarjeta de Débito
TRX-100712,SOC-3254,PROD-507,2024-08-23,647.41,Transferencia SPEI
TRX-100713,SOC-2855,PROD-507,2025-04-04,750.0,Transferencia SPEI
TRX-100714,SOC-2358,PROD-510,2025-01-22,69.49,Transferencia SPEI
TRX-100715,SOC-3333,PROD-505,2025-09-16,480.0,Efectivo
TRX-100716,SOC-2527,PROD-512,2025-05-19,31.07,Tarjeta de Débito
TRX-100717,SOC-3772,PROD-505,2026-04-30,480.0,Tarjeta de Débito
TRX-100718,SOC-3501,PROD-505,2025-02-20,480.0,Transferencia SPEI
TRX-100719,SOC-3469,PROD-502,2024-09-08,1300.0,Transferencia SPEI
TRX-100720,SOC-2228,PROD-506,2024-07-21,550.0,Transferencia SPEI
TRX-100721,SOC-3029,PROD-512,2025-08-18,35.0,Tarjeta de Crédito
TRX-100722,SOC-3068,PROD-508,2026-02-27,250.0,Tarjeta de Crédito
TRX-100723,SOC-3651,PROD-508,2026-02-24,250.0,Tarjeta de Débito
TRX-100724,SOC-2527,PROD-512,2025-07-01,35.0,Tarjeta de Crédito
TRX-100725,SOC-3024,PROD-505,2026-02-25,480.0,Tarjeta de Débito
TRX-100726,SOC-2878,PROD-512,2024-11-08,35.0,Tarjeta de Débito
TRX-100727,SOC-3327,PROD-501,2024-07-12,650.0,Efectivo
TRX-100728,SOC-3475,PROD-501,2024-06-08,650.0,Tarjeta de Débito
TRX-100729,SOC-2479,PROD-507,2025-03-01,750.0,Tarjeta de Débito
TRX-100730,SOC-2736,PROD-504,2025-07-21,950.0,Tarjeta de Crédito
TRX-100731,SOC-2441,PROD-503,2024-09-11,6999.0,Tarjeta de Débito
TRX-100732,SOC-3482,PROD-504,2024-08-11,950.0,Transferencia SPEI
TRX-100733,SOC-3055,PROD-503,2024-05-15,6999.0,Transferencia SPEI
TRX-100734,SOC-3672,PROD-506,2026-02-27,550.0,Tarjeta de Débito
TRX-100735,SOC-2622,PROD-510,2025-10-11,71.19,Tarjeta de Crédito
TRX-100736,SOC-3723,PROD-512,2025-09-21,35.0,Efectivo
TRX-100737,SOC-2414,PROD-504,2026-04-08,950.0,Transferencia SPEI
TRX-100738,SOC-2150,PROD-510,2024-03-20,75.0,Transferencia SPEI
TRX-100739,SOC-2987,PROD-501,2024-04-11,650.0,Efectivo
TRX-100740,SOC-2236,PROD-502,2024-12-30,1300.0,Efectivo
TRX-100741,SOC-3304,PROD-507,2024-06-06,750.0,Tarjeta de Débito
TRX-100742,SOC-2499,PROD-510,2024-10-06,75.0,Efectivo
TRX-100743,SOC-2232,PROD-506,2025-07-12,550.0,Transferencia SPEI
TRX-100744,SOC-2692,PROD-501,2025-08-13,650.0,Transferencia SPEI
TRX-100745,SOC-2414,PROD-510,2025-04-04,75.0,Tarjeta de Débito
TRX-100746,SOC-2047,PROD-506,2025-03-25,550.0,Tarjeta de Crédito
TRX-100747,SOC-2248,PROD-506,2024-03-06,445.07,Efectivo
TRX-100748,SOC-2128,PROD-501,2025-10-21,650.0,Tarjeta de Débito
TRX-100749,SOC-2604,PROD-504,2024-01-16,837.03,Tarjeta de Crédito
TRX-100750,SOC-2284,PROD-501,2025-11-24,650.0,Transferencia SPEI
TRX-100751,SOC-3159,PROD-505,2024-05-29,480.0,Transferencia SPEI
TRX-100752,SOC-3288,PROD-504,2025-07-20,812.31,Tarjeta de Crédito
TRX-100753,SOC-2784,PROD-504,2024-06-17,950.0,Transferencia SPEI
TRX-100754,SOC-2855,PROD-512,2024-08-19,35.0,Efectivo
TRX-100755,SOC-2180,PROD-505,2024-09-09,451.58,Tarjeta de Débito
TRX-100756,SOC-2469,PROD-510,2025-05-30,75.0,Transferencia SPEI
TRX-100757,SOC-2161,PROD-505,2024-04-21,480.0,Tarjeta de Crédito
TRX-100758,SOC-2885,PROD-512,2024-10-25,32.09,Transferencia SPEI
TRX-100759,SOC-3373,PROD-505,2026-01-18,480.0,Efectivo
TRX-100760,SOC-2577,PROD-504,2025-06-02,950.0,Efectivo
TRX-100761,SOC-2846,PROD-508,2024-11-03,250.0,Tarjeta de Crédito
TRX-100762,SOC-3415,PROD-509,2026-01-13,400.0,Tarjeta de Débito
TRX-100763,SOC-2637,PROD-501,2024-12-30,650.0,Transferencia SPEI
TRX-100764,SOC-2532,PROD-504,2025-07-25,950.0,Tarjeta de Débito
TRX-100765,SOC-3001,PROD-506,2024-05-16,550.0,Transferencia SPEI
TRX-100766,SOC-3641,PROD-503,2025-10-29,6999.0,Transferencia SPEI
TRX-100767,SOC-3155,PROD-509,2025-08-26,400.0,Tarjeta de Crédito
TRX-100768,SOC-3634,PROD-505,2024-12-14,480.0,Tarjeta de Débito
TRX-100769,SOC-2055,PROD-512,2025-10-28,35.0,Tarjeta de Crédito
TRX-100770,SOC-2251,PROD-501,2024-01-10,555.47,Transferencia SPEI
TRX-100771,SOC-2243,PROD-502,2026-02-18,1300.0,Transferencia SPEI
TRX-100772,SOC-2913,PROD-509,2024-11-25,400.0,Tarjeta de Débito
TRX-100773,SOC-2428,PROD-510,2026-01-26,75.0,Efectivo
TRX-100774,SOC-3478,PROD-506,2025-03-26,550.0,Transferencia SPEI
TRX-100775,SOC-2788,PROD-503,2026-01-31,6999.0,Tarjeta de Crédito
TRX-100776,SOC-3740,PROD-504,2024-08-30,950.0,Tarjeta de Crédito
TRX-100777,SOC-3498,PROD-501,2024-02-03,650.0,Tarjeta de Crédito
TRX-100778,SOC-3341,PROD-506,2026-01-25,550.0,Tarjeta de Crédito
TRX-100779,SOC-3219,PROD-506,2025-11-05,550.0,Tarjeta de Débito
TRX-100780,SOC-2820,PROD-512,2024-07-30,35.0,Transferencia SPEI
TRX-100781,SOC-3369,PROD-512,2024-08-11,28.96,Tarjeta de Crédito
TRX-100782,SOC-2638,PROD-506,2025-06-27,550.0,Transferencia SPEI
TRX-100783,SOC-3653,PROD-501,2024-05-05,650.0,Efectivo
TRX-100784,SOC-3512,PROD-502,2024-03-05,1300.0,Efectivo
TRX-100785,SOC-3005,PROD-504,2025-11-14,950.0,Tarjeta de Crédito
TRX-100786,SOC-2843,PROD-503,2024-10-28,6999.0,Tarjeta de Crédito
TRX-100787,SOC-2255,PROD-506,2024-03-29,550.0,Tarjeta de Débito
TRX-100788,SOC-2638,PROD-504,2025-07-20,950.0,Transferencia SPEI
TRX-100789,SOC-2144,PROD-508,2024-03-11,250.0,Tarjeta de Crédito
TRX-100790,SOC-2714,PROD-512,2025-11-16,35.0,Efectivo
TRX-100791,SOC-2116,PROD-506,2026-03-13,550.0,Tarjeta de Crédito
TRX-100792,SOC-2678,PROD-507,2024-06-11,750.0,Transferencia SPEI
TRX-100793,SOC-2437,PROD-510,2025-03-10,75.0,Tarjeta de Crédito
TRX-100794,SOC-3379,PROD-504,2024-05-07,950.0,Tarjeta de Crédito
TRX-100795,SOC-2001,PROD-511,2025-09-05,50.0,Transferencia SPEI
TRX-100796,SOC-3354,PROD-509,2025-11-08,400.0,Transferencia SPEI
TRX-100797,SOC-3144,PROD-505,2024-06-05,480.0,Transferencia SPEI
TRX-100798,SOC-2986,PROD-506,2024-04-15,550.0,Transferencia SPEI
TRX-100799,SOC-3347,PROD-508,2026-03-20,211.51,Transferencia SPEI
TRX-100800,SOC-3764,PROD-512,2024-12-28,31.23,Efectivo
TRX-100801,SOC-3401,PROD-511,2024-05-11,50.0,Tarjeta de Débito
TRX-100802,SOC-3752,PROD-512,2025-02-09,35.0,Tarjeta de Débito
TRX-100803,SOC-2597,PROD-502,2025-03-06,1300.0,Tarjeta de Crédito
TRX-100804,SOC-2421,PROD-502,2026-02-23,1300.0,Efectivo
TRX-100805,SOC-2656,PROD-507,2026-02-13,750.0,Tarjeta de Débito
TRX-100806,SOC-2640,PROD-501,2024-06-23,650.0,Tarjeta de Crédito
TRX-100807,SOC-2204,PROD-509,2024-02-12,400.0,Efectivo
TRX-100808,SOC-3466,PROD-504,2026-02-07,950.0,Tarjeta de Crédito
TRX-100809,SOC-2348,PROD-504,2025-12-02,950.0,Efectivo
TRX-100810,SOC-3127,PROD-506,2024-06-24,468.12,Transferencia SPEI
TRX-100811,SOC-3678,PROD-506,2025-02-12,465.14,Efectivo
TRX-100812,SOC-3714,PROD-508,2026-01-22,250.0,Transferencia SPEI
TRX-100813,SOC-2161,PROD-511,2025-11-17,50.0,Tarjeta de Débito
TRX-100814,SOC-3396,PROD-506,2024-10-04,550.0,Tarjeta de Crédito
TRX-100815,SOC-2061,PROD-501,2025-04-20,650.0,Tarjeta de Débito
TRX-100816,SOC-3669,PROD-511,2026-02-20,50.0,Transferencia SPEI
TRX-100817,SOC-3512,PROD-508,2025-04-25,250.0,Efectivo
TRX-100818,SOC-3328,PROD-505,2025-03-06,480.0,Tarjeta de Débito
TRX-100819,SOC-3778,PROD-502,2025-05-28,1300.0,Transferencia SPEI
TRX-100820,SOC-2501,PROD-504,2026-02-14,950.0,Tarjeta de Débito
TRX-100821,SOC-2455,PROD-504,2025-12-23,950.0,Efectivo
TRX-100822,SOC-2681,PROD-508,2026-01-22,250.0,Transferencia SPEI
TRX-100823,SOC-2828,PROD-501,2025-04-09,650.0,Tarjeta de Crédito
TRX-100824,SOC-3695,PROD-506,2024-01-24,550.0,Transferencia SPEI
TRX-100825,SOC-2876,PROD-507,2024-02-15,750.0,Tarjeta de Débito
TRX-100826,SOC-2040,PROD-509,2025-01-04,400.0,Transferencia SPEI
TRX-100827,SOC-2168,PROD-501,2025-03-06,650.0,Transferencia SPEI
TRX-100828,SOC-2763,PROD-506,2026-01-22,550.0,Transferencia SPEI
TRX-100829,SOC-3564,PROD-505,2025-05-23,480.0,Efectivo
TRX-100830,SOC-3329,PROD-512,2024-09-22,29.72,Efectivo
TRX-100831,SOC-3382,PROD-505,2024-07-19,480.0,Tarjeta de Débito
TRX-100832,SOC-3055,PROD-504,2024-11-21,950.0,Transferencia SPEI
TRX-100833,SOC-2103,PROD-501,2024-01-06,650.0,Tarjeta de Crédito
TRX-100834,SOC-2016,PROD-509,2025-05-14,342.07,Efectivo
TRX-100835,SOC-3214,PROD-504,2025-12-28,950.0,Tarjeta de Crédito
TRX-100836,SOC-2977,PROD-502,2025-08-02,1119.48,Tarjeta de Crédito
TRX-100837,SOC-3145,PROD-502,2025-09-17,1300.0,Tarjeta de Crédito
TRX-100838,SOC-2198,PROD-507,2024-12-06,617.14,Efectivo
TRX-100839,SOC-2954,PROD-512,2025-01-05,35.0,Efectivo
TRX-100840,SOC-2211,PROD-509,2024-02-02,400.0,Transferencia SPEI
TRX-100841,SOC-3460,PROD-508,2025-12-01,250.0,Tarjeta de Crédito
TRX-100842,SOC-2259,PROD-507,2024-05-14,750.0,Efectivo
TRX-100843,SOC-2684,PROD-503,2025-12-03,6999.0,Tarjeta de Crédito
TRX-100844,SOC-2345,PROD-509,2024-04-19,400.0,Transferencia SPEI
TRX-100845,SOC-3787,PROD-507,2024-12-11,750.0,Efectivo
TRX-100846,SOC-2999,PROD-508,2024-07-24,234.37,Transferencia SPEI
TRX-100847,SOC-2594,PROD-510,2024-09-08,67.58,Transferencia SPEI
TRX-100848,SOC-3386,PROD-507,2026-03-30,750.0,Tarjeta de Débito
TRX-100849,SOC-2702,PROD-510,2024-09-09,75.0,Transferencia SPEI
TRX-100850,SOC-3351,PROD-506,2024-03-05,479.71,Tarjeta de Crédito
TRX-100851,SOC-2657,PROD-507,2026-02-10,750.0,Tarjeta de Débito
TRX-100852,SOC-2226,PROD-507,2024-08-07,750.0,Transferencia SPEI
TRX-100853,SOC-2348,PROD-508,2024-04-07,250.0,Tarjeta de Débito
TRX-100854,SOC-3096,PROD-512,2024-07-17,35.0,Efectivo
TRX-100855,SOC-3779,PROD-512,2024-07-18,35.0,Tarjeta de Crédito
TRX-100856,SOC-3607,PROD-506,2024-01-25,550.0,Tarjeta de Débito
TRX-100857,SOC-2824,PROD-501,2025-12-31,650.0,Transferencia SPEI
TRX-100858,SOC-3732,PROD-511,2025-06-01,50.0,Transferencia SPEI
TRX-100859,SOC-2618,PROD-511,2026-02-01,50.0,Tarjeta de Débito
TRX-100860,SOC-2624,PROD-512,2024-09-16,35.0,Efectivo
TRX-100861,SOC-3056,PROD-508,2024-08-10,250.0,Tarjeta de Crédito
TRX-100862,SOC-2217,PROD-503,2024-12-03,6999.0,Transferencia SPEI
TRX-100863,SOC-2965,PROD-505,2026-04-21,399.90999999999997,Efectivo
TRX-100864,SOC-2447,PROD-502,2024-12-14,1174.48,Transferencia SPEI
TRX-100865,SOC-2765,PROD-501,2025-07-12,650.0,Transferencia SPEI
TRX-100866,SOC-2662,PROD-512,2025-03-04,35.0,Transferencia SPEI
TRX-100867,SOC-3413,PROD-512,2024-08-12,35.0,Tarjeta de Débito
TRX-100868,SOC-2601,PROD-508,2025-05-18,225.95,Tarjeta de Crédito
TRX-100869,SOC-2696,PROD-512,2024-09-01,35.0,Tarjeta de Crédito
TRX-100870,SOC-2540,PROD-502,2024-01-27,1300.0,Transferencia SPEI
TRX-100871,SOC-3694,PROD-503,2025-09-17,6999.0,Transferencia SPEI
TRX-100872,SOC-2864,PROD-507,2025-01-10,750.0,Tarjeta de Crédito
TRX-100873,SOC-3461,PROD-501,2025-03-07,650.0,Efectivo
TRX-100874,SOC-3776,PROD-504,2025-09-13,950.0,Transferencia SPEI
TRX-100875,SOC-2903,PROD-511,2025-05-13,50.0,Tarjeta de Débito
TRX-100876,SOC-3735,PROD-502,2024-02-04,1300.0,Tarjeta de Débito
TRX-100877,SOC-2416,PROD-510,2025-04-25,75.0,Efectivo
TRX-100878,SOC-3065,PROD-503,2025-12-22,6636.2,Tarjeta de Débito
TRX-100879,SOC-2073,PROD-510,2026-01-23,75.0,Tarjeta de Crédito
TRX-100880,SOC-2978,PROD-512,2025-12-01,28.62,Tarjeta de Crédito
TRX-100881,SOC-3408,PROD-512,2024-05-18,35.0,Efectivo
TRX-100882,SOC-2433,PROD-502,2025-11-11,1157.51,Tarjeta de Débito
TRX-100883,SOC-2893,PROD-512,2025-01-03,28.28,Tarjeta de Débito
TRX-100884,SOC-2973,PROD-509,2026-03-20,400.0,Transferencia SPEI
TRX-100885,SOC-3078,PROD-509,2025-06-08,400.0,Tarjeta de Débito
TRX-100886,SOC-3749,PROD-509,2025-10-02,400.0,Transferencia SPEI
TRX-100887,SOC-3269,PROD-512,2024-12-30,35.0,Transferencia SPEI
TRX-100888,SOC-2175,PROD-502,2024-10-26,1300.0,Efectivo
TRX-100889,SOC-2939,PROD-510,2024-10-27,75.0,Efectivo
TRX-100890,SOC-2770,PROD-510,2025-12-26,75.0,Tarjeta de Crédito
TRX-100891,SOC-3639,PROD-504,2025-10-15,950.0,Tarjeta de Débito
TRX-100892,SOC-2198,PROD-501,2025-07-05,650.0,Tarjeta de Crédito
TRX-100893,SOC-2273,PROD-508,2025-11-17,250.0,Transferencia SPEI
TRX-100894,SOC-2804,PROD-509,2025-03-11,400.0,Tarjeta de Débito
TRX-100895,SOC-2300,PROD-501,2024-01-22,650.0,Transferencia SPEI
TRX-100896,SOC-3660,PROD-506,2024-03-02,550.0,Efectivo
TRX-100897,SOC-3799,PROD-506,2024-05-23,550.0,Efectivo
TRX-100898,SOC-2559,PROD-503,2024-02-10,6999.0,Transferencia SPEI
TRX-100899,SOC-2766,PROD-502,2026-04-05,1300.0,Tarjeta de Débito
TRX-100900,SOC-2365,PROD-510,2024-10-16,75.0,Transferencia SPEI
TRX-100901,SOC-2896,PROD-501,2024-09-11,650.0,Transferencia SPEI
TRX-100902,SOC-3768,PROD-512,2024-03-13,35.0,Tarjeta de Débito
TRX-100903,SOC-3611,PROD-511,2025-11-27,50.0,Transferencia SPEI
TRX-100904,SOC-2111,PROD-505,2026-03-02,480.0,Transferencia SPEI
TRX-100905,SOC-3112,PROD-508,2025-02-11,211.45,Transferencia SPEI
TRX-100906,SOC-2843,PROD-508,2025-01-20,250.0,Tarjeta de Crédito
TRX-100907,SOC-2687,PROD-505,2025-10-08,480.0,Efectivo
TRX-100908,SOC-2575,PROD-512,2024-08-20,35.0,Efectivo
TRX-100909,SOC-2706,PROD-512,2024-07-21,35.0,Tarjeta de Crédito
TRX-100910,SOC-3401,PROD-505,2025-07-25,480.0,Tarjeta de Débito
TRX-100911,SOC-2502,PROD-502,2024-07-01,1300.0,Efectivo
TRX-100912,SOC-2066,PROD-509,2026-02-23,400.0,Efectivo
TRX-100913,SOC-2639,PROD-501,2026-03-08,600.4,Efectivo
TRX-100914,SOC-3388,PROD-508,2024-02-02,250.0,Tarjeta de Débito
TRX-100915,SOC-2376,PROD-504,2026-03-28,950.0,Tarjeta de Crédito
TRX-100916,SOC-2446,PROD-502,2024-07-28,1300.0,Tarjeta de Crédito
TRX-100917,SOC-2638,PROD-502,2024-10-26,1300.0,Transferencia SPEI
TRX-100918,SOC-2254,PROD-509,2025-08-09,400.0,Transferencia SPEI
TRX-100919,SOC-2333,PROD-502,2026-02-16,1300.0,Transferencia SPEI
TRX-100920,SOC-3241,PROD-511,2026-04-14,50.0,Tarjeta de Débito
TRX-100921,SOC-3491,PROD-503,2025-10-19,6999.0,Efectivo
TRX-100922,SOC-2072,PROD-502,2025-05-21,1060.99,Tarjeta de Crédito
TRX-100923,SOC-2166,PROD-512,2024-12-14,35.0,Transferencia SPEI
TRX-100924,SOC-3571,PROD-506,2024-01-21,550.0,Transferencia SPEI
TRX-100925,SOC-3401,PROD-510,2025-03-07,75.0,Tarjeta de Crédito
TRX-100926,SOC-2295,PROD-505,2025-12-04,393.62,Tarjeta de Débito
TRX-100927,SOC-3202,PROD-507,2026-04-16,611.21,Tarjeta de Débito
TRX-100928,SOC-2189,PROD-510,2025-02-09,75.0,Transferencia SPEI
TRX-100929,SOC-2189,PROD-505,2024-12-25,480.0,Transferencia SPEI
TRX-100930,SOC-2649,PROD-512,2025-06-28,35.0,Transferencia SPEI
TRX-100931,SOC-3596,PROD-509,2025-03-22,400.0,Tarjeta de Crédito
TRX-100932,SOC-2905,PROD-509,2025-01-15,400.0,Transferencia SPEI
TRX-100933,SOC-2948,PROD-502,2025-11-23,1300.0,Transferencia SPEI
TRX-100934,SOC-2252,PROD-503,2024-03-08,6999.0,Tarjeta de Crédito
TRX-100935,SOC-3750,PROD-512,2025-11-02,35.0,Efectivo
TRX-100936,SOC-3009,PROD-507,2026-01-08,750.0,Efectivo
TRX-100937,SOC-3364,PROD-508,2025-10-14,232.74,Transferencia SPEI
TRX-100938,SOC-3183,PROD-507,2026-03-04,750.0,Tarjeta de Débito
TRX-100939,SOC-2627,PROD-506,2024-07-06,550.0,Tarjeta de Débito
TRX-100940,SOC-2402,PROD-501,2025-12-17,650.0,Tarjeta de Crédito
TRX-100941,SOC-3242,PROD-509,2025-05-23,400.0,Efectivo
TRX-100942,SOC-2861,PROD-505,2025-03-09,480.0,Tarjeta de Débito
TRX-100943,SOC-3707,PROD-510,2024-11-10,75.0,Efectivo
TRX-100944,SOC-3349,PROD-509,2025-02-28,400.0,Tarjeta de Débito
TRX-100945,SOC-3231,PROD-511,2025-06-07,50.0,Tarjeta de Débito
TRX-100946,SOC-3234,PROD-512,2024-07-17,35.0,Efectivo
TRX-100947,SOC-2430,PROD-512,2025-08-18,31.27,Transferencia SPEI
TRX-100948,SOC-3027,PROD-508,2024-01-27,250.0,Tarjeta de Crédito
TRX-100949,SOC-2964,PROD-506,2025-01-16,550.0,Transferencia SPEI
TRX-100950,SOC-3089,PROD-506,2026-03-15,550.0,Tarjeta de Débito
TRX-100951,SOC-2992,PROD-512,2025-12-11,35.0,Tarjeta de Débito
TRX-100952,SOC-2440,PROD-501,2025-08-16,544.64,Transferencia SPEI
TRX-100953,SOC-2590,PROD-504,2024-01-19,950.0,Efectivo
TRX-100954,SOC-2456,PROD-503,2024-06-02,6999.0,Transferencia SPEI
TRX-100955,SOC-2760,PROD-501,2024-09-21,601.55,Transferencia SPEI
TRX-100956,SOC-2627,PROD-504,2025-12-09,950.0,Efectivo
TRX-100957,SOC-3172,PROD-505,2024-11-18,480.0,Transferencia SPEI
TRX-100958,SOC-2476,PROD-502,2024-10-20,1300.0,Tarjeta de Crédito
TRX-100959,SOC-3351,PROD-507,2025-03-08,750.0,Tarjeta de Débito
TRX-100960,SOC-3007,PROD-508,2025-03-14,200.75,Tarjeta de Crédito
TRX-100961,SOC-3650,PROD-511,2025-05-29,40.29,Efectivo
TRX-100962,SOC-2101,PROD-503,2024-09-18,6999.0,Transferencia SPEI
TRX-100963,SOC-2559,PROD-502,2025-10-06,1300.0,Tarjeta de Crédito
TRX-100964,SOC-3225,PROD-510,2025-02-02,75.0,Tarjeta de Crédito
TRX-100965,SOC-3348,PROD-511,2024-08-17,50.0,Tarjeta de Crédito
TRX-100966,SOC-2504,PROD-509,2024-07-19,400.0,Transferencia SPEI
TRX-100967,SOC-3678,PROD-507,2025-07-21,750.0,Transferencia SPEI
TRX-100968,SOC-3070,PROD-510,2026-03-20,75.0,Tarjeta de Débito
TRX-100969,SOC-3051,PROD-502,2025-04-03,1300.0,Transferencia SPEI
TRX-100970,SOC-3103,PROD-502,2025-01-22,1300.0,Tarjeta de Crédito
TRX-100971,SOC-2511,PROD-506,2024-02-08,550.0,Tarjeta de Crédito
TRX-100972,SOC-2983,PROD-509,2025-05-17,400.0,Tarjeta de Débito
TRX-100973,SOC-2273,PROD-502,2025-08-16,1300.0,Efectivo
TRX-100974,SOC-2772,PROD-509,2024-09-18,400.0,Transferencia SPEI
TRX-100975,SOC-2063,PROD-511,2024-07-20,50.0,Tarjeta de Débito
TRX-100976,SOC-2362,PROD-510,2026-03-09,75.0,Tarjeta de Débito
TRX-100977,SOC-2118,PROD-509,2025-02-08,400.0,Tarjeta de Crédito
TRX-100978,SOC-2837,PROD-511,2025-10-08,50.0,Efectivo
TRX-100979,SOC-2116,PROD-508,2025-02-17,250.0,Transferencia SPEI
TRX-100980,SOC-3652,PROD-509,2025-02-27,400.0,Tarjeta de Crédito
TRX-100981,SOC-3437,PROD-510,2025-05-08,60.05,Efectivo
TRX-100982,SOC-2735,PROD-511,2025-08-13,50.0,Transferencia SPEI
TRX-100983,SOC-3027,PROD-510,2025-08-05,75.0,Efectivo
TRX-100984,SOC-2741,PROD-504,2025-12-09,950.0,Efectivo
TRX-100985,SOC-3370,PROD-507,2024-06-10,750.0,Tarjeta de Crédito
TRX-100986,SOC-2795,PROD-502,2024-02-26,1300.0,Tarjeta de Crédito
TRX-100987,SOC-2311,PROD-505,2025-07-23,480.0,Transferencia SPEI
TRX-100988,SOC-2385,PROD-507,2024-12-24,652.14,Efectivo
TRX-100989,SOC-3258,PROD-509,2026-04-23,400.0,Transferencia SPEI
TRX-100990,SOC-2167,PROD-504,2024-05-24,950.0,Efectivo
TRX-100991,SOC-2820,PROD-504,2025-01-08,950.0,Tarjeta de Crédito
TRX-100992,SOC-2542,PROD-508,2025-02-16,250.0,Tarjeta de Débito
TRX-100993,SOC-2975,PROD-503,2026-04-07,6999.0,Tarjeta de Débito
TRX-100994,SOC-2071,PROD-501,2025-04-21,526.95,Tarjeta de Débito
TRX-100995,SOC-3728,PROD-504,2025-06-04,950.0,Tarjeta de Débito
TRX-100996,SOC-3075,PROD-501,2024-01-28,650.0,Transferencia SPEI
TRX-100997,SOC-2889,PROD-511,2025-12-17,50.0,Tarjeta de Débito
TRX-100998,SOC-3321,PROD-506,2025-12-07,495.54,Tarjeta de Débito
TRX-100999,SOC-3263,PROD-501,2024-11-13,650.0,Transferencia SPEI
TRX-101000,SOC-3532,PROD-504,2024-12-19,950.0,Transferencia SPEI
TRX-101001,SOC-2768,PROD-505,2024-08-19,480.0,Tarjeta de Débito
TRX-101002,SOC-2481,PROD-507,2024-10-27,750.0,Transferencia SPEI
TRX-101003,SOC-2206,PROD-512,2024-03-03,35.0,Transferencia SPEI
TRX-101004,SOC-2935,PROD-503,2024-06-02,6999.0,Transferencia SPEI
TRX-101005,SOC-2630,PROD-507,2026-01-17,750.0,Tarjeta de Débito
TRX-101006,SOC-2496,PROD-504,2024-02-04,831.71,Tarjeta de Crédito
TRX-101007,SOC-2943,PROD-506,2026-01-29,452.64,Transferencia SPEI
TRX-101008,SOC-3649,PROD-510,2025-04-26,75.0,Transferencia SPEI
TRX-101009,SOC-3421,PROD-510,2024-09-06,75.0,Efectivo
TRX-101010,SOC-2654,PROD-502,2024-09-15,1300.0,Transferencia SPEI
TRX-101011,SOC-3330,PROD-510,2025-11-24,60.78,Efectivo
TRX-101012,SOC-2318,PROD-501,2025-05-24,650.0,Efectivo
TRX-101013,SOC-2112,PROD-501,2025-02-16,650.0,Efectivo
TRX-101014,SOC-2713,PROD-506,2025-06-26,550.0,Tarjeta de Débito
TRX-101015,SOC-3165,PROD-504,2025-08-22,950.0,Tarjeta de Crédito
TRX-101016,SOC-3772,PROD-503,2024-09-21,6999.0,Tarjeta de Débito
TRX-101017,SOC-2894,PROD-506,2024-07-06,550.0,Tarjeta de Crédito
TRX-101018,SOC-2197,PROD-505,2026-01-30,480.0,Tarjeta de Débito
TRX-101019,SOC-2573,PROD-502,2024-07-13,1300.0,Tarjeta de Débito
TRX-101020,SOC-3344,PROD-502,2025-04-02,1300.0,Tarjeta de Crédito
TRX-101021,SOC-2428,PROD-501,2024-09-01,650.0,Tarjeta de Débito
TRX-101022,SOC-2889,PROD-510,2024-11-30,75.0,Efectivo
TRX-101023,SOC-2987,PROD-501,2024-12-23,650.0,Transferencia SPEI
TRX-101024,SOC-3225,PROD-506,2025-12-26,453.24,Tarjeta de Crédito
TRX-101025,SOC-2843,PROD-502,2025-10-28,1300.0,Tarjeta de Crédito
TRX-101026,SOC-3063,PROD-508,2024-10-25,207.24,Efectivo
TRX-101027,SOC-2131,PROD-508,2026-04-27,250.0,Efectivo
TRX-101028,SOC-3407,PROD-507,2025-08-14,750.0,Tarjeta de Crédito
TRX-101029,SOC-3706,PROD-509,2024-05-28,361.15999999999997,Transferencia SPEI
TRX-101030,SOC-3650,PROD-509,2025-08-19,400.0,Transferencia SPEI
TRX-101031,SOC-2277,PROD-509,2025-08-13,400.0,Tarjeta de Crédito
TRX-101032,SOC-2016,PROD-511,2024-07-10,50.0,Efectivo
TRX-101033,SOC-2739,PROD-503,2024-03-17,6999.0,Efectivo
TRX-101034,SOC-2657,PROD-507,2024-02-23,750.0,Tarjeta de Crédito
TRX-101035,SOC-3524,PROD-502,2025-08-07,1107.74,Efectivo
TRX-101036,SOC-2538,PROD-512,2026-01-17,35.0,Transferencia SPEI
TRX-101037,SOC-2668,PROD-505,2025-09-19,480.0,Efectivo
TRX-101038,SOC-3123,PROD-505,2024-10-05,480.0,Tarjeta de Crédito
TRX-101039,SOC-3114,PROD-507,2024-12-27,750.0,Transferencia SPEI
TRX-101040,SOC-2143,PROD-510,2026-02-28,75.0,Transferencia SPEI
TRX-101041,SOC-3314,PROD-501,2025-12-04,650.0,Tarjeta de Débito
TRX-101042,SOC-3046,PROD-508,2024-11-09,250.0,Efectivo
TRX-101043,SOC-2689,PROD-507,2025-01-24,750.0,Efectivo
TRX-101044,SOC-3757,PROD-512,2024-02-18,35.0,Transferencia SPEI
TRX-101045,SOC-2014,PROD-510,2025-10-26,75.0,Tarjeta de Débito
TRX-101046,SOC-3283,PROD-507,2024-04-20,750.0,Efectivo
TRX-101047,SOC-2284,PROD-511,2026-03-08,50.0,Tarjeta de Débito
TRX-101048,SOC-2108,PROD-507,2025-02-08,750.0,Transferencia SPEI
TRX-101049,SOC-2887,PROD-501,2026-04-29,650.0,Tarjeta de Débito
TRX-101050,SOC-3265,PROD-501,2025-06-07,650.0,Tarjeta de Débito
TRX-101051,SOC-3426,PROD-508,2025-03-14,250.0,Tarjeta de Crédito
TRX-101052,SOC-3692,PROD-508,2025-08-09,250.0,Tarjeta de Crédito
TRX-101053,SOC-3196,PROD-502,2025-09-08,1300.0,Tarjeta de Débito
TRX-101054,SOC-2463,PROD-508,2024-06-04,250.0,Efectivo
TRX-101055,SOC-3444,PROD-504,2024-11-29,950.0,Efectivo
TRX-101056,SOC-3422,PROD-510,2026-01-19,75.0,Transferencia SPEI
TRX-101057,SOC-3655,PROD-501,2025-08-29,604.04,Transferencia SPEI
TRX-101058,SOC-3601,PROD-505,2025-05-24,400.98,Tarjeta de Débito
TRX-101059,SOC-2384,PROD-505,2025-11-22,480.0,Tarjeta de Crédito
TRX-101060,SOC-2166,PROD-502,2024-03-17,1300.0,Efectivo
TRX-101061,SOC-2268,PROD-507,2025-10-25,750.0,Tarjeta de Crédito
TRX-101062,SOC-2481,PROD-508,2025-04-05,250.0,Efectivo
TRX-101063,SOC-3604,PROD-504,2026-03-18,950.0,Tarjeta de Crédito
TRX-101064,SOC-2201,PROD-505,2025-01-13,480.0,Tarjeta de Crédito
TRX-101065,SOC-3006,PROD-509,2026-02-25,400.0,Tarjeta de Crédito
TRX-101066,SOC-2633,PROD-507,2024-08-10,750.0,Tarjeta de Crédito
TRX-101067,SOC-3055,PROD-508,2024-09-27,250.0,Tarjeta de Débito
TRX-101068,SOC-2854,PROD-506,2025-02-17,550.0,Transferencia SPEI
TRX-101069,SOC-2848,PROD-509,2024-02-04,400.0,Tarjeta de Débito
TRX-101070,SOC-3135,PROD-501,2024-02-02,582.37,Tarjeta de Débito
TRX-101071,SOC-3433,PROD-504,2025-07-11,835.65,Tarjeta de Débito
TRX-101072,SOC-3772,PROD-501,2024-04-04,650.0,Tarjeta de Débito
TRX-101073,SOC-2453,PROD-511,2025-07-10,50.0,Tarjeta de Débito
TRX-101074,SOC-2930,PROD-509,2024-04-19,400.0,Efectivo
TRX-101075,SOC-2985,PROD-508,2025-09-27,250.0,Tarjeta de Débito
TRX-101076,SOC-3269,PROD-512,2024-04-19,35.0,Efectivo
TRX-101077,SOC-2712,PROD-511,2026-02-14,50.0,Efectivo
TRX-101078,SOC-2605,PROD-505,2025-03-13,480.0,Tarjeta de Débito
TRX-101079,SOC-2518,PROD-502,2025-04-10,1234.27,Transferencia SPEI
TRX-101080,SOC-2745,PROD-507,2024-05-24,750.0,Transferencia SPEI
TRX-101081,SOC-2877,PROD-509,2025-07-20,400.0,Tarjeta de Débito
TRX-101082,SOC-3367,PROD-506,2024-08-28,550.0,Transferencia SPEI
TRX-101083,SOC-2451,PROD-508,2026-04-01,250.0,Transferencia SPEI
TRX-101084,SOC-2739,PROD-510,2025-09-27,75.0,Efectivo
TRX-101085,SOC-2346,PROD-511,2024-08-22,50.0,Tarjeta de Crédito
TRX-101086,SOC-2478,PROD-509,2024-04-14,400.0,Tarjeta de Crédito
TRX-101087,SOC-2378,PROD-507,2025-03-15,750.0,Tarjeta de Débito
TRX-101088,SOC-3258,PROD-511,2024-04-20,50.0,Transferencia SPEI
TRX-101089,SOC-2199,PROD-505,2025-01-29,480.0,Tarjeta de Crédito
TRX-101090,SOC-2828,PROD-504,2025-12-30,950.0,Efectivo
TRX-101091,SOC-3351,PROD-506,2026-02-08,550.0,Efectivo
TRX-101092,SOC-3349,PROD-506,2024-03-25,550.0,Efectivo
TRX-101093,SOC-3388,PROD-504,2024-12-19,950.0,Efectivo
TRX-101094,SOC-2910,PROD-501,2024-06-16,650.0,Tarjeta de Débito
TRX-101095,SOC-2973,PROD-504,2024-10-31,950.0,Tarjeta de Crédito
TRX-101096,SOC-2913,PROD-503,2026-02-05,6999.0,Efectivo
TRX-101097,SOC-2989,PROD-507,2024-03-18,750.0,Transferencia SPEI
TRX-101098,SOC-3142,PROD-503,2024-06-23,6999.0,Tarjeta de Débito
TRX-101099,SOC-3365,PROD-509,2026-04-13,400.0,Tarjeta de Crédito
TRX-101100,SOC-2247,PROD-504,2025-10-11,950.0,Tarjeta de Débito
TRX-101101,SOC-3426,PROD-511,2025-11-28,50.0,Efectivo
TRX-101102,SOC-3081,PROD-508,2024-11-10,250.0,Efectivo
TRX-101103,SOC-3773,PROD-508,2024-07-18,250.0,Tarjeta de Crédito
TRX-101104,SOC-3177,PROD-511,2025-03-05,43.85,Transferencia SPEI
TRX-101105,SOC-2700,PROD-508,2025-05-11,250.0,Efectivo
TRX-101106,SOC-2789,PROD-502,2025-06-02,1300.0,Tarjeta de Débito
TRX-101107,SOC-2538,PROD-503,2024-12-02,6117.79,Tarjeta de Débito
TRX-101108,SOC-2534,PROD-506,2024-11-16,448.42,Tarjeta de Crédito
TRX-101109,SOC-2593,PROD-502,2025-01-12,1300.0,Transferencia SPEI
TRX-101110,SOC-2486,PROD-505,2025-07-14,480.0,Efectivo
TRX-101111,SOC-2873,PROD-502,2025-11-17,1300.0,Transferencia SPEI
TRX-101112,SOC-2516,PROD-510,2024-04-30,75.0,Tarjeta de Débito
TRX-101113,SOC-2435,PROD-504,2025-05-19,950.0,Tarjeta de Débito
TRX-101114,SOC-3727,PROD-503,2024-01-21,6271.72,Efectivo
TRX-101115,SOC-2566,PROD-507,2025-11-20,635.45,Tarjeta de Débito
TRX-101116,SOC-2157,PROD-506,2025-04-30,550.0,Transferencia SPEI
TRX-101117,SOC-2872,PROD-509,2024-10-03,342.85,Tarjeta de Crédito
TRX-101118,SOC-2548,PROD-502,2025-10-06,1300.0,Efectivo
TRX-101119,SOC-2032,PROD-510,2024-01-06,75.0,Tarjeta de Débito
TRX-101120,SOC-2987,PROD-511,2024-04-14,50.0,Tarjeta de Débito
TRX-101121,SOC-2707,PROD-502,2024-11-15,1300.0,Efectivo
TRX-101122,SOC-2573,PROD-510,2025-12-08,75.0,Tarjeta de Débito
TRX-101123,SOC-3090,PROD-504,2025-07-09,950.0,Tarjeta de Crédito
TRX-101124,SOC-2786,PROD-509,2024-02-07,400.0,Transferencia SPEI
TRX-101125,SOC-2359,PROD-510,2025-02-07,75.0,Efectivo
TRX-101126,SOC-3731,PROD-509,2024-02-20,400.0,Tarjeta de Crédito
TRX-101127,SOC-3066,PROD-509,2024-03-11,400.0,Tarjeta de Débito
TRX-101128,SOC-3085,PROD-503,2025-04-24,6999.0,Tarjeta de Crédito
TRX-101129,SOC-3336,PROD-501,2026-04-22,650.0,Efectivo
TRX-101130,SOC-2934,PROD-501,2026-03-17,650.0,Transferencia SPEI
TRX-101131,SOC-2565,PROD-505,2024-12-14,454.42,Efectivo
TRX-101132,SOC-2774,PROD-511,2024-01-03,50.0,Efectivo
TRX-101133,SOC-3381,PROD-510,2025-09-21,70.31,Transferencia SPEI
TRX-101134,SOC-2473,PROD-504,2024-02-24,832.25,Transferencia SPEI
TRX-101135,SOC-2490,PROD-512,2024-05-22,35.0,Transferencia SPEI
TRX-101136,SOC-2376,PROD-503,2024-07-30,6999.0,Tarjeta de Crédito
TRX-101137,SOC-3706,PROD-507,2025-09-19,750.0,Efectivo
TRX-101138,SOC-2537,PROD-504,2024-05-29,950.0,Transferencia SPEI
TRX-101139,SOC-2092,PROD-506,2025-08-22,484.19,Tarjeta de Débito
TRX-101140,SOC-2432,PROD-506,2024-05-24,550.0,Tarjeta de Débito
TRX-101141,SOC-2533,PROD-510,2024-07-29,62.32,Tarjeta de Débito
TRX-101142,SOC-3764,PROD-504,2025-07-30,950.0,Tarjeta de Crédito
TRX-101143,SOC-3575,PROD-505,2025-01-13,407.25,Tarjeta de Débito
TRX-101144,SOC-3658,PROD-510,2025-08-24,75.0,Tarjeta de Crédito
TRX-101145,SOC-2862,PROD-501,2025-10-10,650.0,Efectivo
TRX-101146,SOC-3465,PROD-501,2025-09-16,650.0,Transferencia SPEI
TRX-101147,SOC-2321,PROD-508,2024-09-18,250.0,Tarjeta de Débito
TRX-101148,SOC-2184,PROD-505,2025-11-01,480.0,Efectivo
TRX-101149,SOC-3746,PROD-507,2024-10-24,704.75,Efectivo
TRX-101150,SOC-3437,PROD-504,2025-03-20,950.0,Tarjeta de Débito
TRX-101151,SOC-3469,PROD-501,2025-10-18,650.0,Tarjeta de Crédito
TRX-101152,SOC-3430,PROD-506,2024-10-22,550.0,Tarjeta de Crédito
TRX-101153,SOC-2877,PROD-501,2024-02-13,650.0,Tarjeta de Crédito
TRX-101154,SOC-2343,PROD-504,2025-06-17,950.0,Tarjeta de Débito
TRX-101155,SOC-3743,PROD-508,2025-09-15,250.0,Tarjeta de Crédito
TRX-101156,SOC-3102,PROD-511,2025-09-03,50.0,Tarjeta de Débito
TRX-101157,SOC-2753,PROD-509,2025-08-01,400.0,Tarjeta de Débito
TRX-101158,SOC-2131,PROD-511,2025-05-09,50.0,Transferencia SPEI
TRX-101159,SOC-2660,PROD-503,2025-09-02,6999.0,Transferencia SPEI
TRX-101160,SOC-2939,PROD-506,2025-02-11,550.0,Efectivo
TRX-101161,SOC-2333,PROD-509,2026-03-06,400.0,Tarjeta de Débito
TRX-101162,SOC-2893,PROD-504,2025-07-02,950.0,Transferencia SPEI
TRX-101163,SOC-2836,PROD-507,2024-12-21,750.0,Efectivo
TRX-101164,SOC-2431,PROD-502,2026-01-22,1202.31,Efectivo
TRX-101165,SOC-2503,PROD-504,2025-10-21,950.0,Transferencia SPEI
TRX-101166,SOC-2730,PROD-504,2025-10-18,950.0,Tarjeta de Débito
TRX-101167,SOC-2366,PROD-502,2024-11-04,1300.0,Tarjeta de Crédito
TRX-101168,SOC-3689,PROD-506,2024-10-22,550.0,Tarjeta de Débito
TRX-101169,SOC-3546,PROD-508,2024-10-22,250.0,Tarjeta de Crédito
TRX-101170,SOC-3267,PROD-507,2025-06-16,750.0,Tarjeta de Crédito
TRX-101171,SOC-2742,PROD-503,2025-01-15,6999.0,Tarjeta de Crédito
TRX-101172,SOC-2074,PROD-510,2024-07-15,75.0,Tarjeta de Crédito
TRX-101173,SOC-3548,PROD-506,2024-06-26,550.0,Tarjeta de Débito
TRX-101174,SOC-2130,PROD-508,2024-07-19,250.0,Tarjeta de Débito
TRX-101175,SOC-3618,PROD-507,2025-03-06,750.0,Efectivo
TRX-101176,SOC-3611,PROD-507,2025-06-29,750.0,Tarjeta de Crédito
TRX-101177,SOC-3534,PROD-505,2025-04-26,430.23,Tarjeta de Débito
TRX-101178,SOC-2851,PROD-502,2024-01-18,1300.0,Efectivo
TRX-101179,SOC-2080,PROD-504,2026-04-18,876.92,Efectivo
TRX-101180,SOC-3466,PROD-503,2024-08-02,6999.0,Tarjeta de Débito
TRX-101181,SOC-2219,PROD-503,2024-04-08,6999.0,Transferencia SPEI
TRX-101182,SOC-3222,PROD-509,2024-08-17,370.8,Tarjeta de Débito
TRX-101183,SOC-2532,PROD-502,2024-09-25,1300.0,Tarjeta de Crédito
TRX-101184,SOC-2839,PROD-504,2025-10-04,796.51,Tarjeta de Crédito
TRX-101185,SOC-2234,PROD-505,2024-09-27,480.0,Transferencia SPEI
TRX-101186,SOC-2218,PROD-506,2025-10-23,495.95,Transferencia SPEI
TRX-101187,SOC-3001,PROD-509,2025-03-27,400.0,Efectivo
TRX-101188,SOC-3569,PROD-502,2025-11-26,1166.17,Efectivo
TRX-101189,SOC-2427,PROD-503,2025-03-08,6999.0,Tarjeta de Crédito
TRX-101190,SOC-2401,PROD-503,2025-12-24,6999.0,Tarjeta de Crédito
TRX-101191,SOC-2692,PROD-506,2026-03-23,550.0,Efectivo
TRX-101192,SOC-2426,PROD-504,2026-01-04,950.0,Tarjeta de Crédito
TRX-101193,SOC-2178,PROD-501,2024-12-15,650.0,Transferencia SPEI
TRX-101194,SOC-2507,PROD-503,2024-07-24,6999.0,Efectivo
TRX-101195,SOC-2726,PROD-505,2024-12-14,480.0,Transferencia SPEI
TRX-101196,SOC-3146,PROD-512,2025-04-25,35.0,Tarjeta de Crédito
TRX-101197,SOC-3291,PROD-507,2024-01-07,750.0,Tarjeta de Crédito
TRX-101198,SOC-2676,PROD-507,2024-10-18,636.46,Tarjeta de Crédito
TRX-101199,SOC-2030,PROD-510,2025-09-18,75.0,Transferencia SPEI
TRX-101200,SOC-3043,PROD-510,2024-03-21,75.0,Tarjeta de Débito
TRX-101201,SOC-2026,PROD-508,2025-12-13,250.0,Transferencia SPEI
TRX-101202,SOC-3166,PROD-507,2025-08-06,750.0,Tarjeta de Crédito
TRX-101203,SOC-3368,PROD-509,2024-04-20,400.0,Efectivo
TRX-101204,SOC-3286,PROD-510,2024-10-24,75.0,Transferencia SPEI
TRX-101205,SOC-2559,PROD-507,2024-04-30,750.0,Efectivo
TRX-101206,SOC-3226,PROD-512,2025-11-09,32.5,Efectivo
TRX-101207,SOC-2742,PROD-506,2024-04-25,550.0,Tarjeta de Débito
TRX-101208,SOC-3065,PROD-507,2024-08-10,750.0,Transferencia SPEI
TRX-101209,SOC-2432,PROD-506,2024-07-28,550.0,Transferencia SPEI
TRX-101210,SOC-2071,PROD-503,2025-05-31,6999.0,Transferencia SPEI
TRX-101211,SOC-2837,PROD-507,2025-05-28,750.0,Tarjeta de Débito
TRX-101212,SOC-3666,PROD-509,2026-02-02,400.0,Efectivo
TRX-101213,SOC-2183,PROD-507,2024-06-14,750.0,Efectivo
TRX-101214,SOC-3459,PROD-511,2025-12-11,50.0,Efectivo
TRX-101215,SOC-2625,PROD-512,2025-09-22,35.0,Transferencia SPEI
TRX-101216,SOC-2424,PROD-510,2025-02-16,75.0,Tarjeta de Débito
TRX-101217,SOC-3535,PROD-504,2024-03-21,852.1,Transferencia SPEI
TRX-101218,SOC-2136,PROD-511,2024-02-16,50.0,Efectivo
TRX-101219,SOC-3355,PROD-503,2025-04-17,6999.0,Transferencia SPEI
TRX-101220,SOC-2085,PROD-509,2025-10-06,400.0,Tarjeta de Débito
TRX-101221,SOC-3123,PROD-507,2025-09-16,750.0,Tarjeta de Crédito
TRX-101222,SOC-2680,PROD-509,2024-11-02,400.0,Tarjeta de Crédito
TRX-101223,SOC-2386,PROD-502,2024-09-25,1300.0,Tarjeta de Débito
TRX-101224,SOC-2343,PROD-512,2024-04-13,35.0,Transferencia SPEI
TRX-101225,SOC-2093,PROD-507,2024-05-22,750.0,Efectivo
TRX-101226,SOC-3550,PROD-510,2025-06-08,70.75,Tarjeta de Débito
TRX-101227,SOC-2098,PROD-511,2025-08-11,50.0,Efectivo
TRX-101228,SOC-2650,PROD-502,2026-03-28,1300.0,Efectivo
TRX-101229,SOC-2598,PROD-501,2025-01-01,650.0,Tarjeta de Débito
TRX-101230,SOC-2030,PROD-511,2024-03-22,50.0,Tarjeta de Débito
TRX-101231,SOC-2982,PROD-511,2024-10-06,50.0,Transferencia SPEI
TRX-101232,SOC-2449,PROD-507,2024-09-17,691.95,Transferencia SPEI
TRX-101233,SOC-2621,PROD-508,2024-05-18,250.0,Tarjeta de Débito
TRX-101234,SOC-3412,PROD-504,2025-12-17,950.0,Tarjeta de Crédito
TRX-101235,SOC-2585,PROD-506,2024-08-04,550.0,Transferencia SPEI
TRX-101236,SOC-2027,PROD-505,2024-05-09,480.0,Efectivo
TRX-101237,SOC-2929,PROD-505,2025-12-25,480.0,Tarjeta de Crédito
TRX-101238,SOC-2753,PROD-511,2024-08-30,50.0,Transferencia SPEI
TRX-101239,SOC-3082,PROD-511,2024-12-11,50.0,Tarjeta de Crédito
TRX-101240,SOC-2927,PROD-507,2025-05-30,750.0,Efectivo
TRX-101241,SOC-3165,PROD-502,2025-07-15,1300.0,Efectivo
TRX-101242,SOC-2339,PROD-503,2024-11-10,6999.0,Transferencia SPEI
TRX-101243,SOC-2799,PROD-502,2024-09-22,1300.0,Efectivo
TRX-101244,SOC-3240,PROD-508,2024-01-02,250.0,Transferencia SPEI
TRX-101245,SOC-3203,PROD-512,2024-01-16,35.0,Tarjeta de Crédito
TRX-101246,SOC-2734,PROD-502,2026-04-30,1300.0,Tarjeta de Débito
TRX-101247,SOC-3276,PROD-502,2024-03-17,1300.0,Tarjeta de Crédito
TRX-101248,SOC-2483,PROD-502,2025-03-26,1104.21,Tarjeta de Débito
TRX-101249,SOC-2418,PROD-504,2025-05-25,950.0,Efectivo
TRX-101250,SOC-3089,PROD-507,2024-02-22,750.0,Tarjeta de Crédito
TRX-101251,SOC-2958,PROD-508,2024-12-19,250.0,Tarjeta de Crédito
TRX-101252,SOC-3575,PROD-506,2024-07-22,550.0,Transferencia SPEI
TRX-101253,SOC-2284,PROD-501,2025-12-02,595.03,Tarjeta de Crédito
TRX-101254,SOC-2051,PROD-501,2024-07-23,650.0,Tarjeta de Crédito
TRX-101255,SOC-2690,PROD-507,2025-08-12,750.0,Transferencia SPEI
TRX-101256,SOC-2557,PROD-508,2026-02-20,250.0,Efectivo
TRX-101257,SOC-2391,PROD-504,2024-03-12,950.0,Tarjeta de Débito
TRX-101258,SOC-2188,PROD-510,2025-02-28,75.0,Tarjeta de Débito
TRX-101259,SOC-3105,PROD-512,2024-11-04,35.0,Transferencia SPEI
TRX-101260,SOC-3344,PROD-507,2024-07-21,678.45,Tarjeta de Crédito
TRX-101261,SOC-2037,PROD-510,2025-09-21,68.93,Tarjeta de Débito
TRX-101262,SOC-3417,PROD-510,2024-04-30,75.0,Tarjeta de Débito
TRX-101263,SOC-3682,PROD-507,2025-10-17,750.0,Transferencia SPEI
TRX-101264,SOC-2885,PROD-508,2024-03-31,250.0,Tarjeta de Débito
TRX-101265,SOC-2858,PROD-512,2024-07-19,35.0,Tarjeta de Débito
TRX-101266,SOC-2666,PROD-503,2024-07-07,6999.0,Tarjeta de Crédito
TRX-101267,SOC-2436,PROD-503,2024-11-28,6999.0,Tarjeta de Débito
TRX-101268,SOC-3048,PROD-511,2024-11-24,50.0,Transferencia SPEI
TRX-101269,SOC-3562,PROD-510,2025-08-04,75.0,Tarjeta de Débito
TRX-101270,SOC-3221,PROD-507,2024-12-29,750.0,Transferencia SPEI
TRX-101271,SOC-2646,PROD-509,2024-09-02,400.0,Tarjeta de Crédito
TRX-101272,SOC-2710,PROD-503,2024-05-02,6999.0,Transferencia SPEI
TRX-101273,SOC-2001,PROD-511,2025-01-31,50.0,Transferencia SPEI
TRX-101274,SOC-2591,PROD-502,2024-05-27,1300.0,Efectivo
TRX-101275,SOC-2663,PROD-505,2024-02-11,480.0,Tarjeta de Débito
TRX-101276,SOC-2943,PROD-509,2024-07-28,323.21,Tarjeta de Débito
TRX-101277,SOC-2030,PROD-502,2025-02-13,1300.0,Transferencia SPEI
TRX-101278,SOC-3300,PROD-501,2024-07-13,650.0,Efectivo
TRX-101279,SOC-2518,PROD-502,2024-01-17,1300.0,Tarjeta de Crédito
TRX-101280,SOC-2780,PROD-510,2025-10-05,75.0,Transferencia SPEI
TRX-101281,SOC-2610,PROD-503,2025-04-20,6999.0,Efectivo
TRX-101282,SOC-2384,PROD-507,2024-09-24,750.0,Tarjeta de Débito
TRX-101283,SOC-2416,PROD-507,2025-05-13,750.0,Transferencia SPEI
TRX-101284,SOC-3252,PROD-507,2025-05-05,750.0,Transferencia SPEI
TRX-101285,SOC-2982,PROD-511,2024-07-09,50.0,Transferencia SPEI
TRX-101286,SOC-3453,PROD-504,2024-01-05,950.0,Efectivo
TRX-101287,SOC-3416,PROD-504,2024-07-30,950.0,Transferencia SPEI
TRX-101288,SOC-3260,PROD-509,2026-01-24,400.0,Tarjeta de Crédito
TRX-101289,SOC-3663,PROD-502,2026-04-29,1300.0,Tarjeta de Crédito
TRX-101290,SOC-3313,PROD-507,2025-11-13,750.0,Efectivo
TRX-101291,SOC-3235,PROD-510,2025-01-29,61.61,Tarjeta de Débito
TRX-101292,SOC-3277,PROD-502,2025-07-07,1300.0,Tarjeta de Débito
TRX-101293,SOC-3505,PROD-508,2024-12-29,250.0,Efectivo
TRX-101294,SOC-2852,PROD-512,2024-02-12,35.0,Tarjeta de Débito
TRX-101295,SOC-3195,PROD-506,2025-12-08,550.0,Efectivo
TRX-101296,SOC-3678,PROD-507,2025-06-11,750.0,Tarjeta de Crédito
TRX-101297,SOC-3028,PROD-508,2025-08-02,250.0,Transferencia SPEI
TRX-101298,SOC-2147,PROD-505,2026-03-08,455.22,Transferencia SPEI
TRX-101299,SOC-2784,PROD-502,2025-11-19,1300.0,Tarjeta de Crédito
TRX-101300,SOC-3272,PROD-504,2024-06-10,950.0,Transferencia SPEI
TRX-101301,SOC-3081,PROD-510,2024-02-17,75.0,Tarjeta de Débito
TRX-101302,SOC-3632,PROD-501,2025-03-09,650.0,Tarjeta de Crédito
TRX-101303,SOC-2113,PROD-512,2026-02-27,35.0,Transferencia SPEI
TRX-101304,SOC-3509,PROD-512,2026-02-18,35.0,Efectivo
TRX-101305,SOC-2377,PROD-501,2024-05-20,650.0,Efectivo
TRX-101306,SOC-3703,PROD-511,2024-05-22,50.0,Tarjeta de Débito
TRX-101307,SOC-3308,PROD-510,2024-12-04,75.0,Efectivo
TRX-101308,SOC-3422,PROD-511,2024-05-22,50.0,Tarjeta de Crédito
TRX-101309,SOC-2073,PROD-508,2024-06-05,235.79,Tarjeta de Crédito
TRX-101310,SOC-2497,PROD-506,2026-01-23,550.0,Tarjeta de Crédito
TRX-101311,SOC-2460,PROD-510,2025-07-07,75.0,Tarjeta de Débito
TRX-101312,SOC-2139,PROD-502,2025-12-16,1187.99,Transferencia SPEI
TRX-101313,SOC-3563,PROD-512,2025-04-25,35.0,Tarjeta de Crédito
TRX-101314,SOC-3109,PROD-511,2025-04-13,50.0,Transferencia SPEI
TRX-101315,SOC-3130,PROD-508,2025-02-03,250.0,Tarjeta de Crédito
TRX-101316,SOC-2504,PROD-507,2024-01-08,750.0,Tarjeta de Débito
TRX-101317,SOC-2374,PROD-503,2025-08-30,6999.0,Transferencia SPEI
TRX-101318,SOC-2674,PROD-502,2024-11-07,1300.0,Tarjeta de Débito
TRX-101319,SOC-3631,PROD-509,2025-01-20,400.0,Tarjeta de Débito
TRX-101320,SOC-2406,PROD-501,2025-02-16,650.0,Efectivo
TRX-101321,SOC-2783,PROD-509,2024-03-07,400.0,Tarjeta de Débito
TRX-101322,SOC-3658,PROD-510,2025-09-21,75.0,Transferencia SPEI
TRX-101323,SOC-2290,PROD-501,2024-06-26,650.0,Efectivo
TRX-101324,SOC-2129,PROD-504,2024-01-11,950.0,Tarjeta de Débito
TRX-101325,SOC-2487,PROD-511,2024-08-11,50.0,Tarjeta de Débito
TRX-101326,SOC-2173,PROD-510,2025-12-23,75.0,Efectivo
TRX-101327,SOC-3436,PROD-511,2025-03-24,50.0,Tarjeta de Crédito
TRX-101328,SOC-2400,PROD-501,2025-10-02,650.0,Efectivo
TRX-101329,SOC-2931,PROD-505,2025-08-08,480.0,Efectivo
TRX-101330,SOC-3778,PROD-505,2024-10-16,480.0,Tarjeta de Crédito
TRX-101331,SOC-2904,PROD-502,2026-04-25,1300.0,Tarjeta de Crédito
TRX-101332,SOC-3169,PROD-509,2025-10-27,400.0,Tarjeta de Crédito
TRX-101333,SOC-3447,PROD-509,2024-10-14,400.0,Tarjeta de Débito
TRX-101334,SOC-3561,PROD-502,2026-03-26,1300.0,Efectivo
TRX-101335,SOC-3381,PROD-507,2025-08-29,750.0,Transferencia SPEI
TRX-101336,SOC-3657,PROD-503,2024-10-06,6999.0,Tarjeta de Débito
TRX-101337,SOC-3770,PROD-502,2025-11-01,1300.0,Tarjeta de Crédito
TRX-101338,SOC-2272,PROD-504,2025-06-02,832.67,Tarjeta de Débito
TRX-101339,SOC-2989,PROD-512,2025-11-11,35.0,Efectivo
TRX-101340,SOC-2498,PROD-508,2025-02-24,250.0,Tarjeta de Crédito
TRX-101341,SOC-2849,PROD-512,2024-12-08,35.0,Efectivo
TRX-101342,SOC-3472,PROD-506,2024-05-11,550.0,Tarjeta de Crédito
TRX-101343,SOC-3079,PROD-506,2024-03-26,550.0,Tarjeta de Crédito
TRX-101344,SOC-2645,PROD-508,2025-06-13,207.54,Transferencia SPEI
TRX-101345,SOC-2580,PROD-505,2026-01-01,480.0,Tarjeta de Débito
TRX-101346,SOC-3651,PROD-508,2024-04-18,250.0,Tarjeta de Crédito
TRX-101347,SOC-3403,PROD-510,2024-03-01,75.0,Efectivo
TRX-101348,SOC-3590,PROD-501,2024-07-01,650.0,Efectivo
TRX-101349,SOC-2694,PROD-509,2026-03-01,400.0,Tarjeta de Débito
TRX-101350,SOC-3404,PROD-502,2024-04-10,1300.0,Efectivo
TRX-101351,SOC-2248,PROD-501,2024-04-06,650.0,Efectivo
TRX-101352,SOC-2270,PROD-504,2026-02-23,950.0,Tarjeta de Crédito
TRX-101353,SOC-2692,PROD-511,2026-03-15,50.0,Transferencia SPEI
TRX-101354,SOC-3044,PROD-503,2025-06-06,6999.0,Efectivo
TRX-101355,SOC-3607,PROD-505,2024-02-19,480.0,Tarjeta de Crédito
TRX-101356,SOC-3420,PROD-504,2024-12-10,950.0,Efectivo
TRX-101357,SOC-2818,PROD-508,2026-04-16,250.0,Efectivo
TRX-101358,SOC-2293,PROD-508,2024-04-07,250.0,Tarjeta de Crédito
TRX-101359,SOC-2949,PROD-509,2025-10-10,400.0,Tarjeta de Débito
TRX-101360,SOC-3784,PROD-508,2025-06-08,250.0,Transferencia SPEI
TRX-101361,SOC-2184,PROD-509,2024-03-19,400.0,Tarjeta de Crédito
TRX-101362,SOC-3729,PROD-509,2024-08-23,400.0,Transferencia SPEI
TRX-101363,SOC-3531,PROD-501,2024-12-22,650.0,Efectivo
TRX-101364,SOC-3328,PROD-512,2026-01-03,35.0,Tarjeta de Crédito
TRX-101365,SOC-2004,PROD-511,2025-07-22,40.019999999999996,Tarjeta de Crédito
TRX-101366,SOC-2194,PROD-504,2024-04-26,950.0,Tarjeta de Débito
TRX-101367,SOC-3718,PROD-509,2024-06-25,400.0,Efectivo
TRX-101368,SOC-3702,PROD-512,2024-11-04,35.0,Efectivo
TRX-101369,SOC-2562,PROD-505,2024-11-12,480.0,Transferencia SPEI
TRX-101370,SOC-3091,PROD-511,2025-08-25,50.0,Tarjeta de Débito
TRX-101371,SOC-3153,PROD-507,2024-08-14,750.0,Efectivo
TRX-101372,SOC-3558,PROD-501,2024-04-03,650.0,Transferencia SPEI
TRX-101373,SOC-3078,PROD-512,2026-01-17,35.0,Tarjeta de Crédito
TRX-101374,SOC-2567,PROD-506,2024-01-08,513.92,Tarjeta de Débito
TRX-101375,SOC-2183,PROD-511,2024-03-29,50.0,Efectivo
TRX-101376,SOC-2440,PROD-501,2025-03-29,650.0,Transferencia SPEI
TRX-101377,SOC-2145,PROD-508,2024-01-05,250.0,Efectivo
TRX-101378,SOC-2795,PROD-511,2026-01-10,50.0,Tarjeta de Débito
TRX-101379,SOC-3751,PROD-507,2024-11-14,750.0,Tarjeta de Crédito
TRX-101380,SOC-3631,PROD-511,2024-02-01,50.0,Transferencia SPEI
TRX-101381,SOC-2260,PROD-509,2024-11-12,400.0,Efectivo
TRX-101382,SOC-3049,PROD-502,2025-07-01,1300.0,Transferencia SPEI
TRX-101383,SOC-3238,PROD-503,2024-08-19,6999.0,Tarjeta de Débito
TRX-101384,SOC-2525,PROD-501,2024-11-30,650.0,Tarjeta de Crédito
TRX-101385,SOC-3743,PROD-505,2025-05-25,480.0,Tarjeta de Crédito
TRX-101386,SOC-2170,PROD-504,2026-03-10,950.0,Tarjeta de Crédito
TRX-101387,SOC-3332,PROD-507,2024-06-05,603.15,Efectivo
TRX-101388,SOC-2836,PROD-501,2025-11-07,650.0,Tarjeta de Débito
TRX-101389,SOC-2225,PROD-508,2026-01-23,250.0,Tarjeta de Crédito
TRX-101390,SOC-2140,PROD-510,2024-01-30,70.62,Transferencia SPEI
TRX-101391,SOC-2868,PROD-509,2025-01-19,400.0,Transferencia SPEI
TRX-101392,SOC-2275,PROD-502,2025-12-15,1300.0,Tarjeta de Débito
TRX-101393,SOC-3612,PROD-509,2025-08-12,400.0,Tarjeta de Débito
TRX-101394,SOC-3052,PROD-505,2026-01-14,480.0,Efectivo
TRX-101395,SOC-3653,PROD-505,2025-05-07,393.76,Tarjeta de Débito
TRX-101396,SOC-3421,PROD-508,2024-03-31,250.0,Tarjeta de Crédito
TRX-101397,SOC-3704,PROD-507,2024-11-21,750.0,Tarjeta de Débito
TRX-101398,SOC-2787,PROD-512,2024-10-11,31.0,Transferencia SPEI
TRX-101399,SOC-2799,PROD-507,2025-04-13,660.9300000000001,Efectivo
TRX-101400,SOC-2171,PROD-502,2024-05-23,1138.6399999999999,Efectivo
TRX-101401,SOC-3070,PROD-512,2025-11-03,31.48,Tarjeta de Crédito
TRX-101402,SOC-3568,PROD-506,2025-08-06,550.0,Tarjeta de Crédito
TRX-101403,SOC-3647,PROD-507,2024-07-05,750.0,Tarjeta de Débito
TRX-101404,SOC-2282,PROD-506,2025-04-16,550.0,Tarjeta de Débito
TRX-101405,SOC-2058,PROD-512,2025-12-30,35.0,Tarjeta de Crédito
TRX-101406,SOC-2385,PROD-506,2026-04-24,550.0,Tarjeta de Débito
TRX-101407,SOC-3097,PROD-501,2025-06-12,650.0,Transferencia SPEI
TRX-101408,SOC-3377,PROD-511,2025-12-08,50.0,Tarjeta de Crédito
TRX-101409,SOC-3540,PROD-501,2026-04-18,650.0,Tarjeta de Débito
TRX-101410,SOC-2298,PROD-503,2025-08-29,6999.0,Transferencia SPEI
TRX-101411,SOC-3107,PROD-506,2024-08-10,450.9,Efectivo
TRX-101412,SOC-2133,PROD-512,2024-09-03,35.0,Tarjeta de Crédito
TRX-101413,SOC-2020,PROD-510,2024-01-15,75.0,Efectivo
TRX-101414,SOC-2507,PROD-508,2026-04-12,250.0,Tarjeta de Débito
TRX-101415,SOC-3135,PROD-505,2026-01-23,480.0,Efectivo
TRX-101416,SOC-2218,PROD-505,2024-02-13,480.0,Transferencia SPEI
TRX-101417,SOC-2682,PROD-512,2024-01-01,31.4,Transferencia SPEI
TRX-101418,SOC-2077,PROD-511,2026-01-27,50.0,Efectivo
TRX-101419,SOC-3251,PROD-506,2025-09-17,466.22,Transferencia SPEI
TRX-101420,SOC-3507,PROD-510,2025-07-31,66.85,Transferencia SPEI
TRX-101421,SOC-3239,PROD-502,2026-03-07,1300.0,Efectivo
TRX-101422,SOC-3058,PROD-504,2026-02-25,950.0,Tarjeta de Débito
TRX-101423,SOC-3087,PROD-509,2024-07-11,400.0,Transferencia SPEI
TRX-101424,SOC-3202,PROD-507,2024-03-22,750.0,Tarjeta de Crédito
TRX-101425,SOC-2797,PROD-508,2025-11-18,250.0,Efectivo
TRX-101426,SOC-2933,PROD-512,2025-04-13,35.0,Transferencia SPEI
TRX-101427,SOC-3467,PROD-511,2025-08-07,50.0,Tarjeta de Crédito
TRX-101428,SOC-3411,PROD-507,2025-09-29,616.36,Transferencia SPEI
TRX-101429,SOC-3106,PROD-509,2026-01-16,341.81,Efectivo
TRX-101430,SOC-3414,PROD-503,2024-09-21,6999.0,Tarjeta de Crédito
TRX-101431,SOC-3629,PROD-508,2026-02-09,250.0,Efectivo
TRX-101432,SOC-2741,PROD-501,2026-03-22,650.0,Transferencia SPEI
TRX-101433,SOC-2692,PROD-506,2024-02-11,550.0,Tarjeta de Crédito
TRX-101434,SOC-2544,PROD-505,2026-04-22,480.0,Transferencia SPEI
TRX-101435,SOC-2906,PROD-509,2025-08-28,400.0,Efectivo
TRX-101436,SOC-2208,PROD-504,2025-08-10,820.28,Transferencia SPEI
TRX-101437,SOC-2128,PROD-508,2024-10-12,250.0,Efectivo
TRX-101438,SOC-2612,PROD-503,2024-01-23,6358.78,Tarjeta de Débito
TRX-101439,SOC-2434,PROD-509,2026-02-04,400.0,Efectivo
TRX-101440,SOC-2637,PROD-501,2024-10-26,650.0,Tarjeta de Débito
TRX-101441,SOC-2973,PROD-509,2025-03-23,400.0,Tarjeta de Crédito
TRX-101442,SOC-3630,PROD-506,2025-03-26,550.0,Tarjeta de Crédito
TRX-101443,SOC-2442,PROD-507,2025-11-10,750.0,Tarjeta de Crédito
TRX-101444,SOC-2477,PROD-501,2025-05-28,650.0,Efectivo
TRX-101445,SOC-2496,PROD-505,2024-11-22,480.0,Tarjeta de Débito
TRX-101446,SOC-2813,PROD-511,2025-05-27,50.0,Tarjeta de Crédito
TRX-101447,SOC-3560,PROD-503,2024-03-05,6999.0,Efectivo
TRX-101448,SOC-3773,PROD-510,2024-11-25,75.0,Transferencia SPEI
TRX-101449,SOC-3152,PROD-507,2024-04-14,750.0,Tarjeta de Crédito
TRX-101450,SOC-2118,PROD-508,2025-08-02,250.0,Efectivo
TRX-101451,SOC-3424,PROD-512,2025-08-07,35.0,Tarjeta de Débito
TRX-101452,SOC-2813,PROD-508,2025-03-05,236.78,Tarjeta de Débito
TRX-101453,SOC-2242,PROD-502,2026-02-09,1095.62,Tarjeta de Débito
TRX-101454,SOC-2828,PROD-512,2024-06-15,35.0,Transferencia SPEI
TRX-101455,SOC-2273,PROD-502,2024-02-28,1300.0,Efectivo
TRX-101456,SOC-2292,PROD-509,2024-01-27,400.0,Tarjeta de Débito
TRX-101457,SOC-2766,PROD-501,2024-01-25,650.0,Tarjeta de Débito
TRX-101458,SOC-2610,PROD-505,2024-03-16,480.0,Transferencia SPEI
TRX-101459,SOC-3393,PROD-504,2024-02-12,950.0,Tarjeta de Débito
TRX-101460,SOC-3490,PROD-508,2024-06-09,250.0,Transferencia SPEI
TRX-101461,SOC-2317,PROD-503,2024-01-23,6999.0,Transferencia SPEI
TRX-101462,SOC-2654,PROD-509,2025-08-04,400.0,Tarjeta de Crédito
TRX-101463,SOC-3156,PROD-512,2024-01-23,35.0,Transferencia SPEI
TRX-101464,SOC-2060,PROD-502,2026-02-01,1300.0,Transferencia SPEI
TRX-101465,SOC-3452,PROD-507,2025-12-20,750.0,Transferencia SPEI
TRX-101466,SOC-2379,PROD-501,2025-11-18,650.0,Tarjeta de Crédito
TRX-101467,SOC-3499,PROD-505,2025-06-15,480.0,Tarjeta de Crédito
TRX-101468,SOC-3702,PROD-503,2024-08-20,6999.0,Transferencia SPEI
TRX-101469,SOC-2749,PROD-507,2025-05-18,750.0,Tarjeta de Débito
TRX-101470,SOC-2770,PROD-507,2025-07-12,750.0,Tarjeta de Crédito
TRX-101471,SOC-2568,PROD-502,2026-02-19,1300.0,Tarjeta de Débito
TRX-101472,SOC-2320,PROD-507,2025-10-27,750.0,Efectivo
TRX-101473,SOC-2997,PROD-508,2025-01-02,250.0,Tarjeta de Débito
TRX-101474,SOC-2896,PROD-506,2025-06-26,550.0,Transferencia SPEI
TRX-101475,SOC-3125,PROD-506,2025-02-07,550.0,Tarjeta de Débito
TRX-101476,SOC-2180,PROD-512,2025-08-18,35.0,Tarjeta de Crédito
TRX-101477,SOC-2919,PROD-510,2024-09-04,75.0,Tarjeta de Crédito
TRX-101478,SOC-3736,PROD-511,2025-09-23,50.0,Tarjeta de Débito
TRX-101479,SOC-2187,PROD-507,2024-12-20,637.46,Transferencia SPEI
TRX-101480,SOC-2426,PROD-506,2024-04-20,483.98,Transferencia SPEI
TRX-101481,SOC-2493,PROD-505,2025-10-04,435.51,Transferencia SPEI
TRX-101482,SOC-3363,PROD-508,2025-03-27,250.0,Transferencia SPEI
TRX-101483,SOC-3593,PROD-504,2025-08-21,950.0,Efectivo
TRX-101484,SOC-2038,PROD-504,2024-03-09,950.0,Transferencia SPEI
TRX-101485,SOC-3747,PROD-503,2025-05-24,6999.0,Transferencia SPEI
TRX-101486,SOC-2113,PROD-507,2025-11-14,750.0,Transferencia SPEI
TRX-101487,SOC-2898,PROD-511,2026-01-01,50.0,Tarjeta de Crédito
TRX-101488,SOC-2019,PROD-506,2025-12-03,550.0,Tarjeta de Débito
TRX-101489,SOC-2964,PROD-509,2024-10-30,400.0,Tarjeta de Crédito
TRX-101490,SOC-3686,PROD-502,2025-02-18,1300.0,Transferencia SPEI
TRX-101491,SOC-2677,PROD-502,2025-06-28,1300.0,Tarjeta de Débito
TRX-101492,SOC-3581,PROD-502,2024-12-20,1300.0,Tarjeta de Crédito
TRX-101493,SOC-2131,PROD-505,2024-03-14,480.0,Tarjeta de Crédito
TRX-101494,SOC-3459,PROD-509,2024-05-08,400.0,Transferencia SPEI
TRX-101495,SOC-3277,PROD-501,2025-06-28,650.0,Transferencia SPEI
TRX-101496,SOC-3354,PROD-509,2025-03-13,400.0,Efectivo
TRX-101497,SOC-3309,PROD-505,2025-03-23,480.0,Efectivo
TRX-101498,SOC-3605,PROD-502,2025-05-21,1085.58,Tarjeta de Débito
TRX-101499,SOC-3161,PROD-504,2025-09-20,950.0,Efectivo
TRX-101500,SOC-2220,PROD-512,2024-12-08,35.0,Tarjeta de Crédito
TRX-101501,SOC-2377,PROD-507,2024-11-11,697.46,Transferencia SPEI
TRX-101502,SOC-2767,PROD-506,2024-06-06,550.0,Tarjeta de Débito
TRX-101503,SOC-3472,PROD-508,2025-07-28,250.0,Tarjeta de Crédito
TRX-101504,SOC-2650,PROD-502,2025-01-23,1300.0,Tarjeta de Crédito
TRX-101505,SOC-2012,PROD-503,2024-06-11,6999.0,Transferencia SPEI
TRX-101506,SOC-3468,PROD-502,2024-03-25,1300.0,Efectivo
TRX-101507,SOC-3025,PROD-501,2024-03-02,544.69,Efectivo
TRX-101508,SOC-2066,PROD-512,2026-02-22,35.0,Tarjeta de Débito
TRX-101509,SOC-2907,PROD-511,2024-11-18,50.0,Tarjeta de Débito
TRX-101510,SOC-2738,PROD-508,2025-12-01,250.0,Tarjeta de Débito
TRX-101511,SOC-3407,PROD-511,2024-08-09,46.15,Efectivo
TRX-101512,SOC-2386,PROD-503,2025-11-09,6999.0,Efectivo
TRX-101513,SOC-3126,PROD-511,2024-09-03,50.0,Tarjeta de Débito
TRX-101514,SOC-3278,PROD-509,2024-09-11,400.0,Efectivo
TRX-101515,SOC-3074,PROD-505,2025-02-03,480.0,Transferencia SPEI
TRX-101516,SOC-2423,PROD-503,2025-08-14,6999.0,Transferencia SPEI
TRX-101517,SOC-2647,PROD-509,2024-10-06,400.0,Transferencia SPEI
TRX-101518,SOC-2291,PROD-508,2024-04-19,250.0,Tarjeta de Crédito
TRX-101519,SOC-2955,PROD-501,2025-10-02,528.31,Transferencia SPEI
TRX-101520,SOC-3740,PROD-510,2025-06-21,75.0,Efectivo
TRX-101521,SOC-3233,PROD-501,2025-01-23,650.0,Efectivo
TRX-101522,SOC-3175,PROD-505,2025-04-23,480.0,Efectivo
TRX-101523,SOC-3672,PROD-507,2024-05-30,750.0,Transferencia SPEI
TRX-101524,SOC-2596,PROD-507,2026-01-07,750.0,Transferencia SPEI
TRX-101525,SOC-2364,PROD-505,2024-10-01,480.0,Transferencia SPEI
TRX-101526,SOC-2497,PROD-502,2024-05-25,1300.0,Tarjeta de Débito
TRX-101527,SOC-3632,PROD-503,2025-12-04,6999.0,Tarjeta de Crédito
TRX-101528,SOC-2940,PROD-505,2025-08-22,480.0,Efectivo
TRX-101529,SOC-3207,PROD-509,2024-04-04,400.0,Tarjeta de Crédito
TRX-101530,SOC-2284,PROD-501,2024-07-05,650.0,Efectivo
TRX-101531,SOC-2699,PROD-511,2024-04-08,50.0,Tarjeta de Débito
TRX-101532,SOC-2161,PROD-504,2025-01-27,950.0,Efectivo
TRX-101533,SOC-2665,PROD-505,2024-04-20,480.0,Tarjeta de Débito
TRX-101534,SOC-2339,PROD-504,2025-05-15,793.29,Transferencia SPEI
TRX-101535,SOC-3021,PROD-508,2025-01-15,235.48,Efectivo
TRX-101536,SOC-2422,PROD-503,2024-06-11,6999.0,Transferencia SPEI
TRX-101537,SOC-2055,PROD-508,2024-09-04,250.0,Transferencia SPEI
TRX-101538,SOC-3044,PROD-512,2024-10-20,35.0,Transferencia SPEI
TRX-101539,SOC-2958,PROD-505,2025-06-28,480.0,Tarjeta de Débito
TRX-101540,SOC-3303,PROD-504,2024-03-20,950.0,Tarjeta de Crédito
TRX-101541,SOC-2288,PROD-504,2024-08-25,950.0,Tarjeta de Débito
TRX-101542,SOC-3661,PROD-505,2024-09-05,480.0,Transferencia SPEI
TRX-101543,SOC-2986,PROD-504,2024-02-26,950.0,Tarjeta de Débito
TRX-101544,SOC-3102,PROD-503,2024-03-20,6999.0,Tarjeta de Débito
TRX-101545,SOC-3561,PROD-506,2025-09-08,550.0,Transferencia SPEI
TRX-101546,SOC-3118,PROD-503,2024-05-21,6999.0,Efectivo
TRX-101547,SOC-2279,PROD-511,2025-11-12,50.0,Tarjeta de Crédito
TRX-101548,SOC-2729,PROD-506,2025-05-28,550.0,Tarjeta de Crédito
TRX-101549,SOC-3507,PROD-510,2024-06-21,75.0,Efectivo
TRX-101550,SOC-2978,PROD-509,2024-05-02,400.0,Tarjeta de Crédito
TRX-101551,SOC-3589,PROD-506,2025-04-23,488.46,Efectivo
TRX-101552,SOC-2937,PROD-508,2025-09-26,250.0,Tarjeta de Crédito
TRX-101553,SOC-3724,PROD-505,2024-09-16,480.0,Tarjeta de Débito
TRX-101554,SOC-2616,PROD-512,2026-04-25,35.0,Tarjeta de Débito
TRX-101555,SOC-3340,PROD-510,2025-03-24,68.66,Efectivo
TRX-101556,SOC-2766,PROD-512,2025-03-01,35.0,Transferencia SPEI
TRX-101557,SOC-2432,PROD-502,2025-11-20,1176.8,Transferencia SPEI
TRX-101558,SOC-3648,PROD-505,2024-11-20,480.0,Transferencia SPEI
TRX-101559,SOC-2473,PROD-510,2024-10-13,75.0,Tarjeta de Débito
TRX-101560,SOC-2761,PROD-509,2024-08-06,400.0,Efectivo
TRX-101561,SOC-3640,PROD-510,2024-01-15,75.0,Tarjeta de Débito
TRX-101562,SOC-3137,PROD-511,2024-12-19,50.0,Transferencia SPEI
TRX-101563,SOC-2277,PROD-507,2024-07-13,750.0,Transferencia SPEI
TRX-101564,SOC-2717,PROD-501,2024-07-10,650.0,Efectivo
TRX-101565,SOC-3241,PROD-503,2025-02-02,6999.0,Efectivo
TRX-101566,SOC-3528,PROD-501,2024-06-26,650.0,Transferencia SPEI
TRX-101567,SOC-3668,PROD-503,2025-06-12,6999.0,Efectivo
TRX-101568,SOC-3001,PROD-504,2025-03-21,950.0,Tarjeta de Débito
TRX-101569,SOC-3166,PROD-508,2024-02-12,250.0,Tarjeta de Débito
TRX-101570,SOC-3186,PROD-512,2025-09-27,29.4,Efectivo
TRX-101571,SOC-3154,PROD-507,2025-11-09,750.0,Tarjeta de Débito
TRX-101572,SOC-2452,PROD-512,2025-11-08,35.0,Tarjeta de Crédito
TRX-101573,SOC-2708,PROD-507,2024-05-26,750.0,Tarjeta de Débito
TRX-101574,SOC-3615,PROD-501,2024-06-25,609.96,Efectivo
TRX-101575,SOC-3042,PROD-508,2024-01-06,250.0,Efectivo
TRX-101576,SOC-2083,PROD-509,2024-05-23,400.0,Efectivo
TRX-101577,SOC-2736,PROD-504,2024-05-14,950.0,Efectivo
TRX-101578,SOC-3110,PROD-510,2024-08-28,75.0,Tarjeta de Débito
TRX-101579,SOC-2786,PROD-501,2025-06-25,650.0,Efectivo
TRX-101580,SOC-2597,PROD-507,2025-01-27,662.21,Efectivo
TRX-101581,SOC-3771,PROD-502,2024-10-19,1300.0,Tarjeta de Crédito
TRX-101582,SOC-2540,PROD-508,2026-04-24,250.0,Efectivo
TRX-101583,SOC-3575,PROD-502,2025-05-13,1300.0,Efectivo
TRX-101584,SOC-3620,PROD-507,2025-03-04,750.0,Transferencia SPEI
TRX-101585,SOC-3055,PROD-509,2025-10-06,400.0,Tarjeta de Débito
TRX-101586,SOC-2947,PROD-512,2025-03-15,35.0,Tarjeta de Crédito
TRX-101587,SOC-2953,PROD-504,2024-05-04,950.0,Tarjeta de Crédito
TRX-101588,SOC-3699,PROD-506,2024-02-24,550.0,Tarjeta de Débito
TRX-101589,SOC-3783,PROD-506,2024-01-16,550.0,Tarjeta de Crédito
TRX-101590,SOC-2260,PROD-512,2025-04-19,35.0,Efectivo
TRX-101591,SOC-3415,PROD-512,2025-11-19,35.0,Tarjeta de Débito
TRX-101592,SOC-2181,PROD-511,2025-03-13,50.0,Tarjeta de Débito
TRX-101593,SOC-3594,PROD-511,2026-01-31,50.0,Tarjeta de Débito
TRX-101594,SOC-2782,PROD-509,2025-03-01,400.0,Transferencia SPEI
TRX-101595,SOC-3584,PROD-511,2025-11-06,50.0,Tarjeta de Débito
TRX-101596,SOC-2844,PROD-510,2024-05-02,75.0,Tarjeta de Débito
TRX-101597,SOC-2018,PROD-501,2024-01-06,650.0,Efectivo
TRX-101598,SOC-3714,PROD-512,2024-04-22,35.0,Transferencia SPEI
TRX-101599,SOC-2539,PROD-504,2025-04-03,950.0,Transferencia SPEI
TRX-101600,SOC-3499,PROD-502,2024-01-18,1300.0,Tarjeta de Crédito
TRX-101601,SOC-3040,PROD-503,2024-07-14,6999.0,Tarjeta de Crédito
TRX-101602,SOC-2666,PROD-512,2025-11-09,35.0,Tarjeta de Crédito
TRX-101603,SOC-2458,PROD-508,2025-03-13,250.0,Tarjeta de Crédito
TRX-101604,SOC-3316,PROD-512,2024-05-24,35.0,Tarjeta de Crédito
TRX-101605,SOC-3476,PROD-504,2024-10-02,950.0,Efectivo
TRX-101606,SOC-2702,PROD-505,2024-05-01,480.0,Transferencia SPEI
TRX-101607,SOC-2756,PROD-508,2025-07-05,250.0,Transferencia SPEI
TRX-101608,SOC-2161,PROD-501,2025-12-16,650.0,Efectivo
TRX-101609,SOC-2039,PROD-506,2025-09-04,441.06,Transferencia SPEI
TRX-101610,SOC-2334,PROD-511,2026-01-19,50.0,Tarjeta de Crédito
TRX-101611,SOC-3277,PROD-504,2025-10-02,950.0,Tarjeta de Débito
TRX-101612,SOC-3041,PROD-511,2025-08-14,47.08,Transferencia SPEI
TRX-101613,SOC-3206,PROD-511,2025-11-22,50.0,Tarjeta de Crédito
TRX-101614,SOC-2177,PROD-506,2025-12-17,550.0,Tarjeta de Débito
TRX-101615,SOC-3385,PROD-509,2024-02-18,400.0,Transferencia SPEI
TRX-101616,SOC-2759,PROD-508,2026-03-01,250.0,Tarjeta de Débito
TRX-101617,SOC-2202,PROD-512,2024-08-05,28.37,Tarjeta de Crédito
TRX-101618,SOC-3507,PROD-512,2025-07-18,32.24,Efectivo
TRX-101619,SOC-3363,PROD-512,2025-07-04,35.0,Tarjeta de Débito
TRX-101620,SOC-2795,PROD-509,2025-10-15,400.0,Efectivo
TRX-101621,SOC-3368,PROD-504,2025-10-08,950.0,Tarjeta de Crédito
TRX-101622,SOC-3038,PROD-506,2026-01-02,550.0,Tarjeta de Débito
TRX-101623,SOC-3747,PROD-502,2025-07-16,1300.0,Tarjeta de Crédito
TRX-101624,SOC-3262,PROD-504,2024-06-13,950.0,Tarjeta de Débito
TRX-101625,SOC-2662,PROD-508,2024-02-17,205.18,Transferencia SPEI
TRX-101626,SOC-2512,PROD-504,2025-05-13,950.0,Efectivo
TRX-101627,SOC-2097,PROD-507,2025-01-05,750.0,Efectivo
TRX-101628,SOC-2709,PROD-505,2026-03-19,480.0,Transferencia SPEI
TRX-101629,SOC-2170,PROD-503,2025-04-29,6999.0,Efectivo
TRX-101630,SOC-3285,PROD-501,2025-06-30,650.0,Transferencia SPEI
TRX-101631,SOC-2338,PROD-511,2025-10-25,50.0,Tarjeta de Débito
TRX-101632,SOC-2857,PROD-512,2025-09-04,35.0,Efectivo
TRX-101633,SOC-2890,PROD-512,2024-01-23,35.0,Transferencia SPEI
TRX-101634,SOC-3263,PROD-507,2024-01-11,750.0,Tarjeta de Débito
TRX-101635,SOC-2787,PROD-507,2024-04-12,629.59,Tarjeta de Crédito
TRX-101636,SOC-3128,PROD-510,2024-05-12,75.0,Efectivo
TRX-101637,SOC-2985,PROD-506,2025-05-29,550.0,Tarjeta de Crédito
TRX-101638,SOC-2740,PROD-509,2026-04-08,400.0,Transferencia SPEI
TRX-101639,SOC-2659,PROD-504,2024-07-21,950.0,Tarjeta de Crédito
TRX-101640,SOC-2232,PROD-505,2025-08-15,480.0,Tarjeta de Crédito
TRX-101641,SOC-3028,PROD-511,2025-08-28,50.0,Efectivo
TRX-101642,SOC-3057,PROD-511,2025-02-17,43.94,Transferencia SPEI
TRX-101643,SOC-3118,PROD-507,2024-08-11,750.0,Tarjeta de Débito
TRX-101644,SOC-3351,PROD-505,2026-03-28,480.0,Transferencia SPEI
TRX-101645,SOC-2573,PROD-511,2025-12-01,50.0,Efectivo
TRX-101646,SOC-2853,PROD-510,2026-02-17,75.0,Tarjeta de Crédito
TRX-101647,SOC-2693,PROD-506,2025-06-25,550.0,Efectivo
TRX-101648,SOC-2023,PROD-504,2026-03-29,950.0,Efectivo
TRX-101649,SOC-3360,PROD-512,2025-12-25,35.0,Transferencia SPEI
TRX-101650,SOC-2755,PROD-507,2025-10-03,750.0,Tarjeta de Crédito
TRX-101651,SOC-2521,PROD-512,2024-10-23,35.0,Efectivo
TRX-101652,SOC-3039,PROD-509,2024-12-22,400.0,Tarjeta de Débito
TRX-101653,SOC-3142,PROD-509,2024-09-02,400.0,Tarjeta de Crédito
TRX-101654,SOC-2903,PROD-512,2024-06-16,35.0,Transferencia SPEI
TRX-101655,SOC-3037,PROD-504,2024-10-22,819.4300000000001,Tarjeta de Crédito
TRX-101656,SOC-2282,PROD-509,2024-03-21,400.0,Efectivo
TRX-101657,SOC-2791,PROD-511,2025-04-30,40.19,Transferencia SPEI
TRX-101658,SOC-3363,PROD-502,2024-05-02,1179.52,Tarjeta de Crédito
TRX-101659,SOC-2110,PROD-508,2024-08-12,250.0,Transferencia SPEI
TRX-101660,SOC-2637,PROD-506,2025-04-10,550.0,Tarjeta de Débito
TRX-101661,SOC-2217,PROD-508,2025-10-03,250.0,Tarjeta de Débito
TRX-101662,SOC-3309,PROD-509,2024-01-06,376.27,Efectivo
TRX-101663,SOC-3796,PROD-502,2024-08-21,1300.0,Tarjeta de Crédito
TRX-101664,SOC-3478,PROD-502,2024-10-09,1300.0,Efectivo
TRX-101665,SOC-2523,PROD-501,2024-03-22,537.46,Tarjeta de Crédito
TRX-101666,SOC-3710,PROD-511,2025-08-07,50.0,Tarjeta de Débito
TRX-101667,SOC-3353,PROD-511,2025-07-25,50.0,Efectivo
TRX-101668,SOC-3189,PROD-503,2025-04-22,6999.0,Tarjeta de Crédito
TRX-101669,SOC-2546,PROD-505,2024-09-12,480.0,Transferencia SPEI
TRX-101670,SOC-2592,PROD-506,2025-01-21,462.15999999999997,Tarjeta de Débito
TRX-101671,SOC-2874,PROD-509,2025-08-10,400.0,Tarjeta de Débito
TRX-101672,SOC-3410,PROD-511,2025-07-12,50.0,Tarjeta de Crédito
TRX-101673,SOC-2423,PROD-507,2024-12-02,750.0,Transferencia SPEI
TRX-101674,SOC-2634,PROD-508,2024-02-15,250.0,Efectivo
TRX-101675,SOC-2597,PROD-509,2025-04-17,400.0,Efectivo
TRX-101676,SOC-3236,PROD-503,2025-12-15,6999.0,Efectivo
TRX-101677,SOC-3773,PROD-509,2026-03-18,400.0,Tarjeta de Crédito
TRX-101678,SOC-3727,PROD-512,2025-01-19,35.0,Efectivo
TRX-101679,SOC-3161,PROD-508,2025-07-01,250.0,Transferencia SPEI
TRX-101680,SOC-3113,PROD-502,2024-05-18,1300.0,Transferencia SPEI
TRX-101681,SOC-3400,PROD-510,2025-08-17,63.04,Tarjeta de Crédito
TRX-101682,SOC-3493,PROD-512,2025-04-13,35.0,Efectivo
TRX-101683,SOC-3383,PROD-509,2026-04-11,400.0,Transferencia SPEI
TRX-101684,SOC-2728,PROD-508,2026-03-21,250.0,Transferencia SPEI
TRX-101685,SOC-2761,PROD-510,2025-04-05,75.0,Tarjeta de Débito
TRX-101686,SOC-3230,PROD-508,2025-05-17,250.0,Tarjeta de Crédito
TRX-101687,SOC-3417,PROD-511,2026-03-22,50.0,Efectivo
TRX-101688,SOC-2081,PROD-508,2024-11-21,206.94,Tarjeta de Crédito
TRX-101689,SOC-2394,PROD-511,2026-01-18,50.0,Transferencia SPEI
TRX-101690,SOC-2482,PROD-504,2025-08-02,950.0,Transferencia SPEI
TRX-101691,SOC-3582,PROD-505,2025-12-08,408.17,Tarjeta de Crédito
TRX-101692,SOC-2889,PROD-508,2025-07-29,250.0,Tarjeta de Débito
TRX-101693,SOC-2920,PROD-501,2025-04-02,650.0,Tarjeta de Débito
TRX-101694,SOC-2536,PROD-507,2024-01-04,750.0,Tarjeta de Débito
TRX-101695,SOC-2319,PROD-502,2025-04-15,1300.0,Tarjeta de Crédito
TRX-101696,SOC-2278,PROD-502,2024-09-11,1300.0,Tarjeta de Débito
TRX-101697,SOC-3053,PROD-508,2025-11-27,250.0,Tarjeta de Crédito
TRX-101698,SOC-3637,PROD-511,2025-06-04,50.0,Efectivo
TRX-101699,SOC-2337,PROD-512,2026-03-05,35.0,Tarjeta de Crédito
TRX-101700,SOC-3206,PROD-511,2026-04-16,50.0,Transferencia SPEI
TRX-101701,SOC-2816,PROD-510,2026-02-13,75.0,Tarjeta de Crédito
TRX-101702,SOC-3021,PROD-511,2024-02-02,50.0,Efectivo
TRX-101703,SOC-3706,PROD-512,2025-11-19,35.0,Efectivo
TRX-101704,SOC-2855,PROD-503,2024-07-11,6999.0,Efectivo
TRX-101705,SOC-2709,PROD-512,2024-10-15,35.0,Tarjeta de Débito
TRX-101706,SOC-2602,PROD-510,2024-03-21,75.0,Transferencia SPEI
TRX-101707,SOC-2636,PROD-508,2024-01-04,250.0,Tarjeta de Débito
TRX-101708,SOC-3109,PROD-512,2025-02-10,35.0,Efectivo
TRX-101709,SOC-3441,PROD-508,2026-02-11,250.0,Tarjeta de Débito
TRX-101710,SOC-3249,PROD-509,2025-10-08,400.0,Transferencia SPEI
TRX-101711,SOC-2491,PROD-505,2024-07-25,480.0,Efectivo
TRX-101712,SOC-3264,PROD-505,2024-04-16,480.0,Tarjeta de Crédito
TRX-101713,SOC-3293,PROD-512,2026-03-09,35.0,Transferencia SPEI
TRX-101714,SOC-2933,PROD-503,2024-09-29,6011.9400000000005,Tarjeta de Crédito
TRX-101715,SOC-3147,PROD-511,2025-05-19,40.82,Tarjeta de Crédito
TRX-101716,SOC-2293,PROD-502,2025-01-16,1300.0,Transferencia SPEI
TRX-101717,SOC-2869,PROD-508,2024-03-04,205.03,Efectivo
TRX-101718,SOC-3047,PROD-508,2024-05-01,250.0,Efectivo
TRX-101719,SOC-2549,PROD-506,2026-01-02,550.0,Tarjeta de Crédito
TRX-101720,SOC-3468,PROD-501,2025-05-02,650.0,Efectivo
TRX-101721,SOC-2307,PROD-503,2024-03-21,6999.0,Transferencia SPEI
TRX-101722,SOC-2067,PROD-506,2024-02-05,550.0,Tarjeta de Débito
TRX-101723,SOC-2789,PROD-502,2025-10-11,1188.61,Efectivo
TRX-101724,SOC-2989,PROD-512,2024-09-19,35.0,Tarjeta de Débito
TRX-101725,SOC-2835,PROD-506,2025-01-07,550.0,Efectivo
TRX-101726,SOC-3652,PROD-503,2024-09-10,6999.0,Tarjeta de Débito
TRX-101727,SOC-2746,PROD-510,2024-03-17,75.0,Tarjeta de Débito
TRX-101728,SOC-3528,PROD-510,2024-03-30,75.0,Transferencia SPEI
TRX-101729,SOC-2832,PROD-504,2024-01-25,950.0,Transferencia SPEI
TRX-101730,SOC-2410,PROD-504,2025-06-08,950.0,Tarjeta de Débito
TRX-101731,SOC-3043,PROD-507,2024-12-06,662.27,Tarjeta de Débito
TRX-101732,SOC-2537,PROD-504,2024-11-29,950.0,Tarjeta de Débito
TRX-101733,SOC-3736,PROD-511,2024-01-02,43.25,Transferencia SPEI
TRX-101734,SOC-2750,PROD-504,2025-02-11,950.0,Efectivo
TRX-101735,SOC-3653,PROD-507,2025-10-28,750.0,Transferencia SPEI
TRX-101736,SOC-3729,PROD-511,2026-03-09,50.0,Transferencia SPEI
TRX-101737,SOC-3039,PROD-511,2024-04-11,50.0,Tarjeta de Crédito
TRX-101738,SOC-2543,PROD-502,2024-11-12,1300.0,Tarjeta de Crédito
TRX-101739,SOC-2562,PROD-505,2025-07-14,480.0,Tarjeta de Débito
TRX-101740,SOC-3579,PROD-510,2024-03-07,75.0,Tarjeta de Débito
TRX-101741,SOC-2443,PROD-506,2024-01-26,550.0,Tarjeta de Débito
TRX-101742,SOC-2403,PROD-506,2026-01-22,550.0,Tarjeta de Débito
TRX-101743,SOC-2081,PROD-507,2024-08-01,750.0,Tarjeta de Débito
TRX-101744,SOC-3305,PROD-512,2025-02-17,35.0,Tarjeta de Crédito
TRX-101745,SOC-2297,PROD-508,2024-03-28,226.28,Efectivo
TRX-101746,SOC-3773,PROD-503,2025-03-15,6999.0,Tarjeta de Débito
TRX-101747,SOC-3542,PROD-504,2025-06-12,950.0,Transferencia SPEI
TRX-101748,SOC-3457,PROD-501,2026-01-20,650.0,Efectivo
TRX-101749,SOC-3180,PROD-503,2025-10-24,6597.92,Efectivo
TRX-101750,SOC-2785,PROD-504,2024-09-01,950.0,Tarjeta de Crédito
TRX-101751,SOC-3350,PROD-504,2026-04-17,950.0,Transferencia SPEI
TRX-101752,SOC-2261,PROD-506,2025-08-19,550.0,Tarjeta de Crédito
TRX-101753,SOC-3785,PROD-509,2025-03-14,400.0,Efectivo
TRX-101754,SOC-2228,PROD-512,2025-09-14,35.0,Tarjeta de Débito
TRX-101755,SOC-3176,PROD-512,2024-04-20,29.21,Tarjeta de Crédito
TRX-101756,SOC-2006,PROD-501,2025-03-13,650.0,Tarjeta de Crédito
TRX-101757,SOC-3553,PROD-509,2024-04-25,400.0,Tarjeta de Crédito
TRX-101758,SOC-2550,PROD-506,2024-04-28,550.0,Efectivo
TRX-101759,SOC-3011,PROD-508,2025-02-13,210.68,Transferencia SPEI
TRX-101760,SOC-2017,PROD-508,2025-09-27,250.0,Efectivo
TRX-101761,SOC-2968,PROD-503,2025-09-19,6999.0,Tarjeta de Crédito
TRX-101762,SOC-2486,PROD-504,2025-12-21,950.0,Efectivo
TRX-101763,SOC-2510,PROD-512,2024-08-02,35.0,Efectivo
TRX-101764,SOC-2765,PROD-504,2024-12-26,950.0,Transferencia SPEI
TRX-101765,SOC-3474,PROD-503,2026-01-05,6999.0,Tarjeta de Débito
TRX-101766,SOC-3430,PROD-511,2024-01-23,50.0,Efectivo
TRX-101767,SOC-3177,PROD-505,2024-04-16,480.0,Transferencia SPEI
TRX-101768,SOC-3363,PROD-508,2024-04-02,250.0,Transferencia SPEI
TRX-101769,SOC-3128,PROD-503,2025-06-28,6999.0,Tarjeta de Crédito
TRX-101770,SOC-2159,PROD-509,2025-10-28,362.87,Tarjeta de Crédito
TRX-101771,SOC-3665,PROD-502,2025-02-13,1300.0,Tarjeta de Crédito
TRX-101772,SOC-3225,PROD-508,2024-01-05,250.0,Transferencia SPEI
TRX-101773,SOC-3748,PROD-511,2024-10-18,50.0,Transferencia SPEI
TRX-101774,SOC-3799,PROD-504,2024-05-24,950.0,Tarjeta de Crédito
TRX-101775,SOC-2446,PROD-503,2024-05-21,6999.0,Transferencia SPEI
TRX-101776,SOC-2410,PROD-508,2025-07-23,250.0,Transferencia SPEI
TRX-101777,SOC-3050,PROD-512,2024-03-21,35.0,Tarjeta de Débito
TRX-101778,SOC-2214,PROD-505,2024-12-16,480.0,Transferencia SPEI
TRX-101779,SOC-3666,PROD-509,2024-10-13,400.0,Efectivo
TRX-101780,SOC-2569,PROD-505,2025-04-21,480.0,Efectivo
TRX-101781,SOC-2907,PROD-507,2024-11-15,750.0,Tarjeta de Débito
TRX-101782,SOC-2160,PROD-501,2024-12-18,650.0,Tarjeta de Débito
TRX-101783,SOC-3368,PROD-512,2024-02-04,35.0,Tarjeta de Débito
TRX-101784,SOC-2374,PROD-506,2024-08-10,550.0,Tarjeta de Crédito
TRX-101785,SOC-3295,PROD-503,2024-10-01,6999.0,Tarjeta de Débito
TRX-101786,SOC-3358,PROD-509,2026-02-11,400.0,Tarjeta de Débito
TRX-101787,SOC-2244,PROD-510,2025-08-24,75.0,Efectivo
TRX-101788,SOC-3544,PROD-509,2025-10-29,400.0,Transferencia SPEI
TRX-101789,SOC-2989,PROD-506,2026-04-08,550.0,Tarjeta de Crédito
TRX-101790,SOC-3469,PROD-509,2026-03-14,360.67,Transferencia SPEI
TRX-101791,SOC-2057,PROD-507,2025-03-09,750.0,Efectivo
TRX-101792,SOC-2213,PROD-512,2025-03-15,35.0,Tarjeta de Crédito
TRX-101793,SOC-2054,PROD-505,2024-07-18,480.0,Transferencia SPEI
TRX-101794,SOC-2909,PROD-502,2024-09-22,1300.0,Tarjeta de Débito
TRX-101795,SOC-3123,PROD-508,2024-06-17,250.0,Tarjeta de Débito
TRX-101796,SOC-3197,PROD-503,2025-03-15,6468.58,Tarjeta de Crédito
TRX-101797,SOC-2012,PROD-506,2026-02-08,550.0,Tarjeta de Crédito
TRX-101798,SOC-3492,PROD-501,2025-07-27,650.0,Tarjeta de Crédito
TRX-101799,SOC-2044,PROD-512,2025-04-30,35.0,Efectivo
TRX-101800,SOC-3217,PROD-509,2025-06-10,400.0,Tarjeta de Crédito
TRX-101801,SOC-2074,PROD-510,2026-04-27,69.26,Efectivo
TRX-101802,SOC-2009,PROD-511,2025-12-21,50.0,Tarjeta de Débito
TRX-101803,SOC-3572,PROD-503,2024-07-19,6999.0,Tarjeta de Débito
TRX-101804,SOC-3006,PROD-510,2024-03-24,75.0,Tarjeta de Crédito
TRX-101805,SOC-3004,PROD-510,2024-05-13,75.0,Efectivo
TRX-101806,SOC-2344,PROD-506,2024-03-29,456.89,Tarjeta de Crédito
TRX-101807,SOC-2347,PROD-508,2025-09-04,250.0,Tarjeta de Crédito
TRX-101808,SOC-3729,PROD-506,2025-04-19,550.0,Tarjeta de Crédito
TRX-101809,SOC-2682,PROD-510,2025-12-08,75.0,Tarjeta de Débito
TRX-101810,SOC-2434,PROD-503,2025-03-17,6999.0,Tarjeta de Crédito
TRX-101811,SOC-2365,PROD-503,2024-11-02,6644.39,Transferencia SPEI
TRX-101812,SOC-2970,PROD-511,2024-02-02,43.89,Efectivo
TRX-101813,SOC-3005,PROD-502,2026-03-16,1300.0,Transferencia SPEI
TRX-101814,SOC-3111,PROD-506,2024-05-31,550.0,Efectivo
TRX-101815,SOC-3037,PROD-509,2025-07-29,400.0,Tarjeta de Débito
TRX-101816,SOC-3684,PROD-510,2024-06-14,75.0,Efectivo
TRX-101817,SOC-3109,PROD-506,2024-04-29,550.0,Efectivo
TRX-101818,SOC-3599,PROD-503,2024-05-23,6999.0,Transferencia SPEI
TRX-101819,SOC-2785,PROD-501,2024-01-23,650.0,Transferencia SPEI
TRX-101820,SOC-3413,PROD-505,2025-08-14,480.0,Efectivo
TRX-101821,SOC-2211,PROD-508,2024-04-22,250.0,Efectivo
TRX-101822,SOC-2481,PROD-507,2024-10-29,750.0,Transferencia SPEI
TRX-101823,SOC-2509,PROD-508,2024-05-08,250.0,Efectivo
TRX-101824,SOC-3546,PROD-502,2024-05-29,1300.0,Transferencia SPEI
TRX-101825,SOC-3037,PROD-505,2025-06-17,480.0,Tarjeta de Débito
TRX-101826,SOC-3557,PROD-504,2025-12-16,822.08,Transferencia SPEI
TRX-101827,SOC-3108,PROD-511,2025-03-12,50.0,Efectivo
TRX-101828,SOC-2687,PROD-505,2025-11-03,480.0,Tarjeta de Débito
TRX-101829,SOC-3379,PROD-510,2025-09-01,75.0,Tarjeta de Débito
TRX-101830,SOC-3645,PROD-508,2024-03-24,250.0,Tarjeta de Débito
TRX-101831,SOC-2900,PROD-511,2025-11-01,50.0,Efectivo
TRX-101832,SOC-2958,PROD-502,2025-09-06,1300.0,Efectivo
TRX-101833,SOC-2476,PROD-506,2024-07-12,550.0,Tarjeta de Crédito
TRX-101834,SOC-2716,PROD-510,2024-06-01,60.75,Tarjeta de Crédito
TRX-101835,SOC-2414,PROD-505,2024-01-12,480.0,Efectivo
TRX-101836,SOC-2764,PROD-506,2025-06-29,550.0,Transferencia SPEI
TRX-101837,SOC-2862,PROD-504,2026-04-17,950.0,Tarjeta de Débito
TRX-101838,SOC-3366,PROD-504,2025-07-08,950.0,Transferencia SPEI
TRX-101839,SOC-2226,PROD-502,2024-12-17,1300.0,Efectivo
TRX-101840,SOC-2231,PROD-512,2025-06-18,35.0,Tarjeta de Débito
TRX-101841,SOC-3254,PROD-505,2025-09-03,480.0,Efectivo
TRX-101842,SOC-3278,PROD-503,2026-01-12,6999.0,Tarjeta de Débito
TRX-101843,SOC-3376,PROD-510,2024-12-09,68.94,Transferencia SPEI
TRX-101844,SOC-3340,PROD-507,2025-03-09,750.0,Efectivo
TRX-101845,SOC-2571,PROD-504,2024-03-31,950.0,Transferencia SPEI
TRX-101846,SOC-2541,PROD-501,2026-02-21,650.0,Efectivo
TRX-101847,SOC-3161,PROD-509,2024-02-29,400.0,Efectivo
TRX-101848,SOC-2010,PROD-507,2024-09-10,750.0,Tarjeta de Crédito
TRX-101849,SOC-2561,PROD-505,2024-08-28,480.0,Tarjeta de Débito
TRX-101850,SOC-3584,PROD-505,2025-08-05,480.0,Tarjeta de Débito
TRX-101851,SOC-2165,PROD-511,2025-06-10,50.0,Efectivo
TRX-101852,SOC-3315,PROD-510,2025-05-13,75.0,Tarjeta de Débito
TRX-101853,SOC-3759,PROD-506,2024-03-07,550.0,Efectivo
TRX-101854,SOC-2710,PROD-505,2024-09-01,480.0,Efectivo
TRX-101855,SOC-3314,PROD-504,2024-10-03,950.0,Tarjeta de Débito
TRX-101856,SOC-3094,PROD-510,2024-07-28,60.05,Tarjeta de Débito
TRX-101857,SOC-2102,PROD-509,2024-02-17,400.0,Efectivo
TRX-101858,SOC-2069,PROD-501,2025-03-02,650.0,Transferencia SPEI
TRX-101859,SOC-3256,PROD-509,2024-04-05,400.0,Tarjeta de Crédito
TRX-101860,SOC-2386,PROD-504,2024-03-28,950.0,Tarjeta de Crédito
TRX-101861,SOC-2798,PROD-507,2024-10-21,609.51,Tarjeta de Crédito
TRX-101862,SOC-3450,PROD-501,2025-04-02,650.0,Tarjeta de Débito
TRX-101863,SOC-3155,PROD-510,2025-08-03,60.6,Tarjeta de Débito
TRX-101864,SOC-2043,PROD-509,2024-04-28,353.15999999999997,Efectivo
TRX-101865,SOC-3179,PROD-502,2025-03-28,1300.0,Tarjeta de Débito
TRX-101866,SOC-2201,PROD-501,2026-04-03,650.0,Tarjeta de Débito
TRX-101867,SOC-3240,PROD-503,2026-04-29,6999.0,Transferencia SPEI
TRX-101868,SOC-2673,PROD-504,2026-01-11,950.0,Tarjeta de Débito
TRX-101869,SOC-2725,PROD-512,2024-12-31,35.0,Tarjeta de Crédito
TRX-101870,SOC-3217,PROD-504,2024-03-28,950.0,Transferencia SPEI
TRX-101871,SOC-2789,PROD-512,2026-01-04,35.0,Tarjeta de Crédito
TRX-101872,SOC-2524,PROD-508,2025-06-06,231.96,Transferencia SPEI
TRX-101873,SOC-3060,PROD-509,2025-06-10,400.0,Efectivo
TRX-101874,SOC-2961,PROD-511,2026-03-27,50.0,Transferencia SPEI
TRX-101875,SOC-3444,PROD-511,2025-11-18,50.0,Efectivo
TRX-101876,SOC-2166,PROD-510,2025-04-20,62.08,Efectivo
TRX-101877,SOC-3005,PROD-511,2026-03-06,50.0,Transferencia SPEI
TRX-101878,SOC-3513,PROD-507,2024-05-11,750.0,Tarjeta de Crédito
TRX-101879,SOC-2670,PROD-506,2025-06-27,550.0,Efectivo
TRX-101880,SOC-3325,PROD-512,2026-01-03,35.0,Efectivo
TRX-101881,SOC-2339,PROD-512,2025-03-26,35.0,Efectivo
TRX-101882,SOC-2743,PROD-502,2025-07-12,1040.49,Tarjeta de Débito
TRX-101883,SOC-2638,PROD-503,2024-09-26,6999.0,Transferencia SPEI
TRX-101884,SOC-3604,PROD-512,2026-03-26,35.0,Efectivo
TRX-101885,SOC-2521,PROD-511,2024-05-22,50.0,Tarjeta de Débito
TRX-101886,SOC-3246,PROD-508,2025-02-25,250.0,Efectivo
TRX-101887,SOC-2377,PROD-506,2024-09-19,550.0,Tarjeta de Débito
TRX-101888,SOC-3117,PROD-505,2026-03-27,480.0,Tarjeta de Débito
TRX-101889,SOC-2180,PROD-510,2025-02-04,64.8,Efectivo
TRX-101890,SOC-3731,PROD-502,2026-04-29,1300.0,Tarjeta de Débito
TRX-101891,SOC-2058,PROD-512,2025-08-24,35.0,Tarjeta de Débito
TRX-101892,SOC-2622,PROD-511,2024-11-03,50.0,Transferencia SPEI
TRX-101893,SOC-2349,PROD-511,2026-01-31,50.0,Tarjeta de Crédito
TRX-101894,SOC-3697,PROD-502,2025-03-07,1300.0,Transferencia SPEI
TRX-101895,SOC-3673,PROD-512,2024-08-10,35.0,Efectivo
TRX-101896,SOC-2937,PROD-507,2025-02-03,750.0,Transferencia SPEI
TRX-101897,SOC-2731,PROD-512,2024-06-04,35.0,Tarjeta de Débito
TRX-101898,SOC-2373,PROD-501,2024-09-03,522.25,Tarjeta de Débito
TRX-101899,SOC-2985,PROD-510,2025-08-30,75.0,Transferencia SPEI
TRX-101900,SOC-2711,PROD-509,2024-03-08,372.14,Tarjeta de Débito
TRX-101901,SOC-3551,PROD-501,2026-03-25,650.0,Tarjeta de Crédito
TRX-101902,SOC-2893,PROD-504,2024-12-01,788.87,Transferencia SPEI
TRX-101903,SOC-3506,PROD-509,2024-02-19,400.0,Tarjeta de Crédito
TRX-101904,SOC-2300,PROD-508,2024-05-02,250.0,Transferencia SPEI
TRX-101905,SOC-2851,PROD-503,2024-07-30,6999.0,Tarjeta de Crédito
TRX-101906,SOC-2734,PROD-503,2025-03-05,6164.95,Transferencia SPEI
TRX-101907,SOC-2356,PROD-507,2024-12-17,750.0,Efectivo
TRX-101908,SOC-3716,PROD-504,2024-05-10,950.0,Transferencia SPEI
TRX-101909,SOC-2202,PROD-504,2024-12-09,950.0,Tarjeta de Débito
TRX-101910,SOC-2280,PROD-508,2024-01-06,200.48,Tarjeta de Crédito
TRX-101911,SOC-2438,PROD-504,2025-10-23,950.0,Tarjeta de Crédito
TRX-101912,SOC-3319,PROD-511,2024-02-28,45.07,Tarjeta de Crédito
TRX-101913,SOC-2089,PROD-505,2026-04-29,480.0,Transferencia SPEI
TRX-101914,SOC-2965,PROD-512,2024-11-12,30.87,Tarjeta de Débito
TRX-101915,SOC-2451,PROD-504,2024-04-25,950.0,Tarjeta de Débito
TRX-101916,SOC-2827,PROD-505,2025-12-14,480.0,Tarjeta de Débito
TRX-101917,SOC-3742,PROD-507,2024-06-30,750.0,Transferencia SPEI
TRX-101918,SOC-2696,PROD-504,2025-12-03,829.96,Tarjeta de Crédito
TRX-101919,SOC-2487,PROD-507,2024-10-21,750.0,Efectivo
TRX-101920,SOC-2706,PROD-503,2026-04-20,6999.0,Transferencia SPEI
TRX-101921,SOC-2519,PROD-506,2025-06-17,550.0,Efectivo
TRX-101922,SOC-2775,PROD-507,2024-07-17,750.0,Tarjeta de Crédito
TRX-101923,SOC-3472,PROD-501,2024-07-31,650.0,Tarjeta de Crédito
TRX-101924,SOC-2197,PROD-507,2026-02-15,750.0,Efectivo
TRX-101925,SOC-2956,PROD-501,2024-04-07,650.0,Efectivo
TRX-101926,SOC-3704,PROD-512,2026-04-23,35.0,Tarjeta de Débito
TRX-101927,SOC-2689,PROD-508,2024-09-26,250.0,Efectivo
TRX-101928,SOC-2275,PROD-506,2024-04-12,550.0,Tarjeta de Crédito
TRX-101929,SOC-3419,PROD-504,2024-10-24,809.67,Transferencia SPEI
TRX-101930,SOC-3178,PROD-512,2024-03-15,35.0,Tarjeta de Débito
TRX-101931,SOC-2546,PROD-512,2025-12-27,35.0,Tarjeta de Débito
TRX-101932,SOC-2970,PROD-507,2026-01-24,750.0,Transferencia SPEI
TRX-101933,SOC-2309,PROD-506,2024-07-25,550.0,Efectivo
TRX-101934,SOC-2210,PROD-508,2024-05-05,250.0,Efectivo
TRX-101935,SOC-2468,PROD-505,2025-01-10,480.0,Transferencia SPEI
TRX-101936,SOC-3418,PROD-505,2024-05-05,480.0,Transferencia SPEI
TRX-101937,SOC-2698,PROD-507,2024-12-18,750.0,Tarjeta de Crédito
TRX-101938,SOC-2427,PROD-501,2024-02-18,650.0,Tarjeta de Crédito
TRX-101939,SOC-2600,PROD-503,2024-05-12,6999.0,Transferencia SPEI
TRX-101940,SOC-2188,PROD-507,2025-01-29,750.0,Tarjeta de Crédito
TRX-101941,SOC-3356,PROD-512,2024-07-16,35.0,Tarjeta de Débito
TRX-101942,SOC-2174,PROD-510,2025-09-29,75.0,Tarjeta de Crédito
TRX-101943,SOC-2135,PROD-502,2024-03-11,1300.0,Tarjeta de Crédito
TRX-101944,SOC-2906,PROD-501,2026-03-23,650.0,Tarjeta de Crédito
TRX-101945,SOC-3486,PROD-501,2025-03-07,650.0,Transferencia SPEI
TRX-101946,SOC-3292,PROD-505,2024-05-08,387.51,Efectivo
TRX-101947,SOC-3491,PROD-502,2025-05-25,1300.0,Tarjeta de Crédito
TRX-101948,SOC-2154,PROD-501,2024-03-20,532.83,Efectivo
TRX-101949,SOC-3395,PROD-505,2025-02-05,396.90999999999997,Tarjeta de Crédito
TRX-101950,SOC-3328,PROD-501,2024-11-14,650.0,Transferencia SPEI
TRX-101951,SOC-2856,PROD-509,2026-04-10,400.0,Tarjeta de Débito
TRX-101952,SOC-2183,PROD-501,2024-07-24,650.0,Tarjeta de Débito
TRX-101953,SOC-2432,PROD-508,2025-12-03,250.0,Tarjeta de Crédito
TRX-101954,SOC-2941,PROD-512,2026-03-08,35.0,Tarjeta de Crédito
TRX-101955,SOC-3512,PROD-510,2024-01-09,75.0,Tarjeta de Crédito
TRX-101956,SOC-2372,PROD-505,2024-10-01,480.0,Efectivo
TRX-101957,SOC-3008,PROD-507,2025-09-04,750.0,Transferencia SPEI
TRX-101958,SOC-2731,PROD-508,2025-04-29,250.0,Tarjeta de Débito
TRX-101959,SOC-2639,PROD-504,2025-08-08,950.0,Tarjeta de Crédito
TRX-101960,SOC-3135,PROD-510,2024-04-12,75.0,Tarjeta de Crédito
TRX-101961,SOC-3562,PROD-502,2024-06-19,1300.0,Tarjeta de Débito
TRX-101962,SOC-2702,PROD-511,2024-08-30,50.0,Tarjeta de Débito
TRX-101963,SOC-3192,PROD-512,2025-11-27,35.0,Efectivo
TRX-101964,SOC-2157,PROD-507,2024-02-04,750.0,Tarjeta de Débito
TRX-101965,SOC-3391,PROD-508,2025-07-11,250.0,Efectivo
TRX-101966,SOC-3143,PROD-503,2024-05-28,6999.0,Tarjeta de Débito
TRX-101967,SOC-3391,PROD-505,2025-10-11,480.0,Tarjeta de Débito
TRX-101968,SOC-2571,PROD-508,2026-03-18,250.0,Tarjeta de Débito
TRX-101969,SOC-3098,PROD-505,2025-06-21,480.0,Transferencia SPEI
TRX-101970,SOC-3594,PROD-510,2026-03-21,75.0,Tarjeta de Débito
TRX-101971,SOC-2617,PROD-506,2024-03-23,550.0,Tarjeta de Crédito
TRX-101972,SOC-2242,PROD-511,2025-01-11,50.0,Efectivo
TRX-101973,SOC-2526,PROD-503,2025-01-23,6999.0,Transferencia SPEI
TRX-101974,SOC-2132,PROD-504,2024-07-26,950.0,Efectivo
TRX-101975,SOC-2553,PROD-504,2025-07-01,845.04,Tarjeta de Débito
TRX-101976,SOC-3359,PROD-507,2024-04-28,750.0,Tarjeta de Crédito
TRX-101977,SOC-2434,PROD-512,2025-09-07,35.0,Tarjeta de Débito
TRX-101978,SOC-2752,PROD-512,2025-10-14,35.0,Tarjeta de Débito
TRX-101979,SOC-3484,PROD-510,2026-03-07,68.91,Tarjeta de Crédito
TRX-101980,SOC-3718,PROD-501,2026-04-23,650.0,Transferencia SPEI
TRX-101981,SOC-2904,PROD-511,2025-11-14,50.0,Transferencia SPEI
TRX-101982,SOC-3151,PROD-501,2024-09-03,650.0,Tarjeta de Crédito
TRX-101983,SOC-2523,PROD-507,2025-07-26,750.0,Efectivo
TRX-101984,SOC-3464,PROD-508,2024-12-17,250.0,Tarjeta de Crédito
TRX-101985,SOC-3154,PROD-502,2026-04-16,1300.0,Tarjeta de Crédito
TRX-101986,SOC-3125,PROD-503,2025-06-13,6999.0,Efectivo
TRX-101987,SOC-3045,PROD-512,2024-08-03,35.0,Tarjeta de Débito
TRX-101988,SOC-2027,PROD-508,2024-08-29,250.0,Tarjeta de Débito
TRX-101989,SOC-3090,PROD-511,2024-11-25,50.0,Tarjeta de Débito
TRX-101990,SOC-2076,PROD-507,2025-06-05,701.93,Efectivo
TRX-101991,SOC-2543,PROD-507,2024-05-16,750.0,Tarjeta de Débito
TRX-101992,SOC-2810,PROD-511,2025-02-20,50.0,Transferencia SPEI
TRX-101993,SOC-3447,PROD-507,2024-06-14,750.0,Tarjeta de Crédito
TRX-101994,SOC-2635,PROD-504,2026-04-17,950.0,Efectivo
TRX-101995,SOC-2625,PROD-505,2025-01-06,480.0,Tarjeta de Débito
TRX-101996,SOC-2171,PROD-512,2024-10-01,35.0,Transferencia SPEI
TRX-101997,SOC-2703,PROD-504,2025-10-27,860.31,Transferencia SPEI
TRX-101998,SOC-3536,PROD-504,2024-09-06,950.0,Tarjeta de Débito
TRX-101999,SOC-2665,PROD-505,2024-12-07,480.0,Efectivo
TRX-102000,SOC-2257,PROD-511,2024-05-25,40.69,Tarjeta de Débito
